epoch,epoch_minutes,loss,sparse_categorical_accuracy,train_hours,val_dice,val_loss,val_precision,val_recall,val_sparse_categorical_accuracy
0,0.4979,0.693505585193634,0.5308035612106323,0.0083,0.3558,0.7083,0.4986,0.4896,0.4906
1,0.2425,0.7009103298187256,0.5151785612106323,0.0124,0.3538,0.7066,0.4993,0.4942,0.4871
2,0.2027,0.7030350565910339,0.4986607134342193,0.0158,0.3655,0.7071,0.5007,0.5041,0.4916
3,0.1478,0.7003776431083679,0.5084821581840515,0.0183,0.3607,0.7079,0.5005,0.5039,0.4946
4,0.1579,0.6929429173469543,0.5196428298950195,0.021,0.3614,0.7089,0.5023,0.5157,0.4915
5,0.1077,0.7018026113510132,0.5102678537368774,0.0229,0.3568,0.7081,0.5018,0.5137,0.488
6,0.1242,0.6974073648452759,0.5209821462631226,0.025,0.3548,0.7107,0.5004,0.5029,0.4861
7,0.1017,0.6958443522453308,0.496874988079071,0.0267,0.3583,0.7045,0.5022,0.5185,0.4945
8,0.1066,0.695955753326416,0.515625,0.0285,0.3599,0.7085,0.5015,0.5108,0.4921
9,0.0877,0.7054471969604492,0.4915178716182709,0.0301,0.3634,0.707,0.5007,0.5052,0.4985
10,0.1029,0.6918720006942749,0.5325892567634583,0.0318,0.3639,0.706,0.5021,0.515,0.4983
11,0.0885,0.700268030166626,0.5133928656578064,0.0333,0.3569,0.708,0.5,0.5001,0.4911
12,0.0937,0.6976512670516968,0.5236607193946838,0.0349,0.3617,0.7069,0.4996,0.4975,0.4941
13,0.0882,0.7063156366348267,0.496874988079071,0.0365,0.3591,0.7076,0.5017,0.5133,0.494
14,0.0885,0.6960427761077881,0.5258928537368774,0.038,0.3636,0.7044,0.5013,0.5096,0.4995
15,0.0923,0.6993487477302551,0.5107142925262451,0.0396,0.3527,0.7111,0.4999,0.4988,0.4871
16,0.0821,0.7040261626243591,0.5071428418159485,0.041,0.3568,0.7072,0.5011,0.5088,0.4922
17,0.0812,0.6935574412345886,0.5241071581840515,0.0424,0.3552,0.7058,0.5012,0.5104,0.4898
18,0.0867,0.697143018245697,0.5424107313156128,0.0439,0.3553,0.7068,0.4998,0.4986,0.4961
19,0.0825,0.7100713849067688,0.503125011920929,0.0453,0.3598,0.7081,0.5009,0.506,0.4898
20,0.0768,0.6965803503990173,0.5174106955528259,0.0467,0.3603,0.7078,0.5006,0.5046,0.4984
21,0.0809,0.7038615345954895,0.4785714149475097,0.0481,0.3538,0.7067,0.4997,0.4978,0.4896
22,0.0883,0.7026001214981079,0.4866071343421936,0.0496,0.3671,0.7065,0.5012,0.5071,0.4958
23,0.074,0.7014891505241394,0.5111607313156128,0.0509,0.3581,0.7088,0.5012,0.5098,0.4939
24,0.08,0.7038511633872986,0.5151785612106323,0.0522,0.3596,0.707,0.5016,0.5124,0.4929
25,0.0784,0.697719931602478,0.5147321224212646,0.0536,0.3524,0.7096,0.5003,0.5022,0.4872
26,0.0733,0.7036257386207581,0.5107142925262451,0.0549,0.3617,0.7065,0.5005,0.5035,0.4965
27,0.0781,0.6957433223724365,0.5285714268684387,0.0562,0.361,0.7071,0.5022,0.5175,0.4972
28,0.0734,0.7035780549049377,0.5040178298950195,0.0575,0.3547,0.7094,0.5009,0.5076,0.488
29,0.0809,0.7043595314025879,0.5035714507102966,0.0589,0.3628,0.7069,0.501,0.5074,0.498
30,0.0799,0.692293107509613,0.543749988079071,0.0603,0.3527,0.7098,0.5003,0.5024,0.4814
31,0.0814,0.6946572661399841,0.5178571343421936,0.0617,0.3571,0.7079,0.5016,0.5126,0.4903
32,0.0802,0.6955074667930603,0.5330356955528259,0.0631,0.3596,0.7059,0.5011,0.5087,0.4954
33,0.0777,0.7039608359336853,0.4901785850524902,0.0645,0.362,0.7082,0.5009,0.506,0.4931
34,0.0801,0.7039427757263184,0.4861607253551483,0.0658,0.3561,0.7076,0.5016,0.5127,0.4893
35,0.08,0.7000075578689575,0.5285714268684387,0.0672,0.3656,0.7071,0.5016,0.5107,0.4975
36,0.0762,0.703595757484436,0.4977678656578064,0.0685,0.3626,0.7047,0.4999,0.499,0.4995
37,0.0784,0.6974776387214661,0.5285714268684387,0.0699,0.3551,0.7082,0.4989,0.491,0.4944
38,0.0783,0.6955902576446533,0.5272321701049805,0.0713,0.356,0.7054,0.4997,0.4974,0.4981
39,0.0786,0.7018826007843018,0.5138393044471741,0.0726,0.3535,0.7078,0.4985,0.4883,0.4866
40,0.0782,0.7036239504814148,0.5133928656578064,0.074,0.3561,0.7053,0.4999,0.499,0.495
41,0.0816,0.7013339996337891,0.5089285969734192,0.0754,0.3521,0.7091,0.4996,0.497,0.4853
42,0.0814,0.7021836638450623,0.5209821462631226,0.0768,0.3549,0.7056,0.4997,0.4971,0.4936
43,0.0819,0.7043938040733337,0.4941964149475097,0.0782,0.3545,0.7081,0.5002,0.502,0.4925
44,0.0817,0.6990985870361328,0.5196428298950195,0.0796,0.3625,0.7054,0.4989,0.4934,0.4886
45,0.0808,0.6970295906066895,0.5075892806053162,0.081,0.3548,0.709,0.5,0.5,0.4869
46,0.0845,0.6918853521347046,0.5191964507102966,0.0825,0.3641,0.707,0.5007,0.5048,0.4951
47,0.1556,0.7028543949127197,0.4924107193946838,0.0852,0.3641,0.7082,0.5014,0.509,0.4939
48,0.1308,0.7042476534843445,0.5102678537368774,0.0874,0.3543,0.7078,0.5008,0.5072,0.492
49,0.1304,0.697049617767334,0.5147321224212646,0.0896,0.3734,0.7063,0.5027,0.5158,0.5049
50,0.1144,0.6922584176063538,0.5334821343421936,0.0916,0.3594,0.7058,0.5025,0.5211,0.4981
51,0.1189,0.7022515535354614,0.4924107193946838,0.0936,0.3549,0.7087,0.4992,0.4931,0.4921
52,0.109,0.7028681039810181,0.5040178298950195,0.0955,0.3597,0.7076,0.5025,0.5208,0.4969
53,0.1416,0.7046015858650208,0.4964285790920257,0.0979,0.3537,0.7097,0.5,0.5003,0.4838
54,0.1404,0.6955171227455139,0.5151785612106323,0.1003,0.358,0.705,0.4998,0.4984,0.4944
55,0.1288,0.701153576374054,0.496874988079071,0.1025,0.3668,0.7064,0.502,0.5118,0.4931
56,0.1268,0.6996350288391113,0.5191964507102966,0.1047,0.3593,0.7046,0.4999,0.4991,0.4963
57,0.1166,0.702361524105072,0.4852678477764129,0.1067,0.3586,0.7057,0.5006,0.5049,0.4951
58,0.1073,0.6983230710029602,0.5294643044471741,0.1085,0.3585,0.7069,0.4998,0.4985,0.4942
59,0.1079,0.7014596462249756,0.4928571283817291,0.1104,0.3613,0.7064,0.5018,0.5131,0.4934
60,0.0985,0.7008296847343445,0.5058035850524902,0.1121,0.3615,0.708,0.5002,0.501,0.4935
61,0.0973,0.7063068747520447,0.4866071343421936,0.1137,0.355,0.7093,0.5006,0.5045,0.4816
62,0.1107,0.7122489213943481,0.4937500059604645,0.1156,0.3623,0.7043,0.4997,0.4977,0.4971
63,0.1063,0.7026292085647583,0.4910714328289032,0.1174,0.3637,0.7064,0.4992,0.4948,0.4955
64,0.0916,0.7006330490112305,0.5169642567634583,0.119,0.3529,0.7063,0.4994,0.4953,0.4895
65,0.091,0.6969007253646851,0.5178571343421936,0.1206,0.3623,0.7068,0.5009,0.506,0.4939
66,0.0895,0.7011361122131348,0.5080357193946838,0.1222,0.3636,0.7072,0.4997,0.498,0.4935
67,0.0836,0.6961720585823059,0.5093749761581421,0.1236,0.3598,0.7029,0.4997,0.4975,0.5003
68,0.0869,0.6938920021057129,0.5107142925262451,0.1251,0.3586,0.7079,0.4984,0.4892,0.4912
69,0.086,0.6932314038276672,0.5191964507102966,0.1266,0.3597,0.7063,0.5011,0.5082,0.4959
70,0.0877,0.6994408965110779,0.503125011920929,0.1281,0.3634,0.7068,0.5018,0.5119,0.4924
71,0.0834,0.7007241249084473,0.5026785731315613,0.1295,0.3632,0.7066,0.5026,0.5172,0.4924
72,0.0808,0.6989622116088867,0.5352678298950195,0.1309,0.3576,0.7079,0.5012,0.5088,0.4869
73,0.0822,0.6965259313583374,0.5160714387893677,0.1324,0.3579,0.7093,0.5021,0.518,0.495
74,0.0776,0.700503408908844,0.5004464387893677,0.1337,0.3577,0.7067,0.4995,0.496,0.4968
75,0.0838,0.7003633379936218,0.4946428537368774,0.1352,0.3617,0.7059,0.5015,0.5114,0.4975
76,0.0833,0.7022884488105774,0.4910714328289032,0.1366,0.3621,0.7046,0.5,0.5002,0.4993
77,0.0834,0.6995993256568909,0.5178571343421936,0.138,0.3617,0.7065,0.5008,0.5053,0.4932
78,0.0818,0.6985815763473511,0.515625,0.1394,0.3526,0.7077,0.4996,0.4965,0.4932
79,0.0818,0.6989155411720276,0.5330356955528259,0.1409,0.3658,0.7035,0.5009,0.5064,0.5019
80,0.0799,0.6883330345153809,0.543749988079071,0.1422,0.3586,0.7059,0.5011,0.5101,0.5013
81,0.0809,0.6968639492988586,0.5169642567634583,0.1436,0.3589,0.7071,0.5024,0.519,0.4935
82,0.0776,0.6982582807540894,0.5370535850524902,0.145,0.3602,0.7063,0.4989,0.4916,0.4974
83,0.0807,0.6996247172355652,0.5254464149475098,0.1464,0.357,0.7047,0.4992,0.4938,0.4963
84,0.0759,0.701176643371582,0.5102678537368774,0.1477,0.3625,0.7063,0.5014,0.5104,0.4976
85,0.0797,0.6934980154037476,0.5339285731315613,0.1491,0.3625,0.7049,0.4997,0.4978,0.5015
86,0.0791,0.6976747512817383,0.5218750238418579,0.1504,0.3611,0.7076,0.5018,0.514,0.497
87,0.0788,0.7011021375656128,0.5017856955528259,0.1518,0.3622,0.7063,0.5015,0.5108,0.4974
88,0.0786,0.7018090486526489,0.5080357193946838,0.1532,0.3628,0.7056,0.501,0.5069,0.4966
89,0.0804,0.6989957094192505,0.5236607193946838,0.1546,0.3563,0.7058,0.4995,0.496,0.4952
90,0.0803,0.6966313719749451,0.5227678418159485,0.156,0.3565,0.7079,0.5006,0.5046,0.4895
91,0.0796,0.7010571360588074,0.5102678537368774,0.1573,0.3557,0.7058,0.5,0.4996,0.4924
92,0.0801,0.7009323835372925,0.5174106955528259,0.1587,0.3552,0.7082,0.5012,0.5099,0.4882
93,0.081,0.7003453969955444,0.5066964030265808,0.1601,0.3576,0.7072,0.5003,0.5025,0.4939
94,0.0792,0.7122913599014282,0.4620535671710968,0.1615,0.3583,0.7077,0.5001,0.5009,0.495
95,0.0782,0.7025333046913147,0.5107142925262451,0.1628,0.3565,0.7089,0.499,0.4936,0.4819
96,0.0779,0.7015784382820129,0.5089285969734192,0.1642,0.3588,0.7066,0.501,0.5081,0.4963
97,0.0769,0.6977484822273254,0.5133928656578064,0.1655,0.3633,0.7075,0.5022,0.5138,0.4882
98,0.0793,0.6922924518585205,0.5379464030265808,0.1669,0.3543,0.7109,0.5001,0.5006,0.4806
99,0.0836,0.697255551815033,0.5165178775787354,0.1683,0.3678,0.705,0.5,0.5001,0.4968
100,0.0813,0.700400173664093,0.5040178298950195,0.1697,0.3559,0.7071,0.4984,0.489,0.4855
101,0.0784,0.692726194858551,0.5383928418159485,0.1711,0.3582,0.7071,0.4987,0.4902,0.4922
102,0.0799,0.6998135447502136,0.5116071701049805,0.1725,0.3587,0.7068,0.4999,0.4991,0.4912
103,0.0824,0.698987603187561,0.5093749761581421,0.1739,0.3602,0.7051,0.5006,0.5041,0.4935
104,0.0784,0.6977937817573547,0.5263392925262451,0.1753,0.3563,0.7069,0.4998,0.4981,0.4892
105,0.0787,0.7070319056510925,0.4808035790920257,0.1766,0.3552,0.7085,0.5003,0.5031,0.4946
106,0.0816,0.7017348408699036,0.4986607134342193,0.178,0.3531,0.7094,0.5001,0.5006,0.4895
107,0.0783,0.695124089717865,0.5223214030265808,0.1794,0.3633,0.7077,0.5031,0.5224,0.4956
108,0.0797,0.7055094838142395,0.4696428477764129,0.1808,0.3581,0.7089,0.501,0.5078,0.4911
109,0.0754,0.7078397870063782,0.481249988079071,0.1821,0.3561,0.7102,0.4994,0.4956,0.4883
110,0.0779,0.7028096914291382,0.5107142925262451,0.1834,0.3596,0.7081,0.4994,0.4957,0.4938
111,0.0815,0.7029927968978882,0.5111607313156128,0.1848,0.3597,0.7072,0.5017,0.5137,0.4972
112,0.0766,0.6958497166633606,0.5299107432365417,0.1862,0.3613,0.7063,0.499,0.4937,0.4916
113,0.0774,0.7039093971252441,0.4950892925262451,0.1875,0.3655,0.7051,0.5004,0.5027,0.4981
114,0.0807,0.7087755799293518,0.4941964149475097,0.1889,0.3573,0.7071,0.4997,0.4976,0.4894
115,0.0757,0.7022145390510559,0.4754464328289032,0.1902,0.3578,0.7049,0.4997,0.4979,0.4984
116,0.0813,0.6953370571136475,0.5209821462631226,0.1916,0.3517,0.708,0.5007,0.5063,0.4888
117,0.0797,0.6879582405090332,0.5602678656578064,0.193,0.3616,0.7021,0.5007,0.505,0.4997
118,0.0784,0.6967874765396118,0.5111607313156128,0.1943,0.3577,0.7063,0.5012,0.5094,0.4921
119,0.0801,0.7068252563476562,0.4986607134342193,0.1957,0.3594,0.7093,0.5006,0.5042,0.4937
120,0.0757,0.6931261420249939,0.5419642925262451,0.197,0.3691,0.7038,0.5009,0.5056,0.5039
121,0.0817,0.7013899683952332,0.4977678656578064,0.1984,0.3583,0.7043,0.4999,0.499,0.4969
122,0.081,0.7056277990341187,0.4941964149475097,0.1998,0.3651,0.7074,0.5013,0.5086,0.4976
123,0.0817,0.6964519619941711,0.5254464149475098,0.2013,0.3623,0.706,0.5011,0.5085,0.4993
124,0.0801,0.6994390487670898,0.4955357015132904,0.2026,0.3577,0.7061,0.5011,0.5093,0.4972
125,0.0782,0.6984191536903381,0.4964285790920257,0.204,0.3618,0.7033,0.5018,0.5141,0.5014
126,0.0747,0.704737663269043,0.4941964149475097,0.2053,0.3527,0.7089,0.4991,0.4923,0.489
127,0.0771,0.7043296098709106,0.4937500059604645,0.2066,0.3638,0.7072,0.5008,0.5053,0.4961
128,0.0804,0.7033681869506836,0.4924107193946838,0.208,0.349,0.707,0.4996,0.4953,0.4903
129,0.0796,0.7027274370193481,0.4888392984867096,0.2094,0.3569,0.7069,0.5007,0.5058,0.4922
130,0.079,0.7033753395080566,0.5111607313156128,0.2108,0.3534,0.7091,0.5003,0.5024,0.487
131,0.0819,0.6970744729042053,0.5120535492897034,0.2122,0.3572,0.7099,0.5009,0.5072,0.49
132,0.0821,0.7000000476837158,0.5147321224212646,0.2136,0.3633,0.7046,0.5007,0.5048,0.4983
133,0.0799,0.6973611116409302,0.5196428298950195,0.215,0.3669,0.7039,0.5006,0.5038,0.5029
134,0.0785,0.6977332234382629,0.5249999761581421,0.2163,0.3584,0.709,0.501,0.5081,0.4927
135,0.0776,0.7033898234367371,0.5075892806053162,0.2177,0.3558,0.7097,0.5016,0.5121,0.4877
136,0.0823,0.7032337784767151,0.4995535612106323,0.2191,0.3628,0.7051,0.5008,0.506,0.4995
137,0.0828,0.6960970163345337,0.5040178298950195,0.2205,0.3592,0.7078,0.5009,0.5066,0.4943
138,0.0793,0.7039281725883484,0.5040178298950195,0.2219,0.3596,0.7065,0.5015,0.5113,0.494
139,0.0811,0.7043344974517822,0.4875000119209289,0.2233,0.3568,0.7074,0.5006,0.505,0.491
140,0.0829,0.7051643133163452,0.503125011920929,0.2247,0.3529,0.7075,0.5015,0.5138,0.4879
141,0.0797,0.7001534700393677,0.5075892806053162,0.2261,0.3589,0.7063,0.4991,0.4935,0.4946
142,0.0804,0.7006812691688538,0.5214285850524902,0.2275,0.361,0.7094,0.5012,0.5079,0.4899
143,0.0844,0.7066429257392883,0.4901785850524902,0.229,0.3631,0.7042,0.5014,0.5101,0.5
144,0.0791,0.6980058550834656,0.496874988079071,0.2303,0.3593,0.7073,0.5004,0.5032,0.4915
145,0.0819,0.6949183940887451,0.5433035492897034,0.2318,0.3556,0.7079,0.5009,0.5073,0.4909
146,0.0806,0.7078132629394531,0.4861607253551483,0.2332,0.3597,0.7059,0.4993,0.4953,0.4934
147,0.0794,0.6971497535705566,0.512499988079071,0.2346,0.3579,0.709,0.501,0.5075,0.4917
148,0.0777,0.6960041522979736,0.5147321224212646,0.2359,0.3574,0.7076,0.5014,0.5123,0.4953
149,0.0805,0.6966574788093567,0.515625,0.2373,0.3614,0.7075,0.501,0.5078,0.4978
150,0.0813,0.6976161599159241,0.5267857313156128,0.2387,0.3552,0.7094,0.4996,0.4967,0.4868
151,0.0834,0.6996908187866211,0.5058035850524902,0.2402,0.3576,0.7038,0.4999,0.4989,0.5021
152,0.083,0.6935977339744568,0.528124988079071,0.2416,0.3617,0.7041,0.5011,0.5087,0.5019
153,0.08,0.7012836337089539,0.5245535969734192,0.243,0.3547,0.7058,0.499,0.4918,0.491
154,0.0806,0.6915785074234009,0.5379464030265808,0.2444,0.3593,0.7048,0.4999,0.4992,0.4979
155,0.0786,0.702105700969696,0.5022321343421936,0.2457,0.3528,0.7087,0.5001,0.501,0.4879
156,0.0774,0.6989367008209229,0.5008928775787354,0.2471,0.364,0.7064,0.4991,0.4941,0.496
157,0.0712,0.707491397857666,0.5026785731315613,0.2484,0.3668,0.7044,0.5006,0.5038,0.5014
158,0.0713,0.6946020722389221,0.5236607193946838,0.2496,0.3592,0.7068,0.4995,0.4963,0.4985
159,0.0806,0.7018033862113953,0.4995535612106323,0.251,0.361,0.7089,0.5024,0.517,0.4918
160,0.0731,0.7029432654380798,0.4941964149475097,0.2523,0.3564,0.7058,0.5012,0.5104,0.4932
161,0.0771,0.709135890007019,0.4982142746448517,0.2536,0.3536,0.7086,0.5007,0.5057,0.484
162,0.0797,0.7045572400093079,0.4754464328289032,0.255,0.3617,0.7082,0.5013,0.509,0.4912
163,0.0797,0.7030407190322876,0.5035714507102966,0.2564,0.3592,0.7064,0.5013,0.5097,0.4945
164,0.0768,0.6983177065849304,0.5017856955528259,0.2577,0.3624,0.7061,0.5007,0.5045,0.4947
165,0.0782,0.6991127729415894,0.5245535969734192,0.2591,0.3595,0.7075,0.502,0.5162,0.4947
166,0.0768,0.704211950302124,0.5053571462631226,0.2604,0.365,0.705,0.5017,0.5112,0.495
167,0.0816,0.7041073441505432,0.5026785731315613,0.2618,0.3558,0.708,0.4988,0.4915,0.4863
168,0.0827,0.6936212182044983,0.5232142806053162,0.2632,0.3518,0.7086,0.5,0.5003,0.4836
169,0.0809,0.7061610817909241,0.4767857193946838,0.2646,0.3591,0.7084,0.5012,0.5088,0.4923
170,0.0782,0.6976991891860962,0.5058035850524902,0.266,0.3633,0.707,0.5021,0.514,0.4927
171,0.0795,0.7023622989654541,0.5013392567634583,0.2674,0.3585,0.7077,0.5021,0.5166,0.4945
172,0.08,0.7035086154937744,0.4839285612106323,0.2687,0.3599,0.7058,0.5023,0.5183,0.4962
173,0.0794,0.7009468078613281,0.4964285790920257,0.2701,0.3603,0.7045,0.5005,0.5035,0.4969
174,0.0778,0.7102157473564148,0.4758928716182709,0.2715,0.3614,0.7073,0.5017,0.5129,0.4965
175,0.0775,0.6958171129226685,0.5245535969734192,0.2728,0.3602,0.7084,0.5005,0.503,0.4881
176,0.0786,0.7008104920387268,0.5053571462631226,0.2742,0.3592,0.7048,0.5,0.5001,0.4947
177,0.0834,0.7122789621353149,0.4723214209079742,0.2756,0.3587,0.7054,0.4997,0.4973,0.4966
178,0.0772,0.6957921385765076,0.5053571462631226,0.2769,0.3541,0.7054,0.5006,0.5052,0.4947
179,0.0778,0.6991512179374695,0.5352678298950195,0.2783,0.3619,0.7091,0.5006,0.5041,0.4932
180,0.0796,0.7038438320159912,0.5299107432365417,0.2797,0.3635,0.7042,0.5013,0.5097,0.499
181,0.0831,0.6963099241256714,0.5174106955528259,0.2811,0.3544,0.706,0.5,0.4999,0.4892
182,0.0769,0.6990819573402405,0.4937500059604645,0.2825,0.3551,0.7075,0.499,0.4923,0.4918
183,0.0771,0.7005769610404968,0.5107142925262451,0.2838,0.3605,0.7036,0.5001,0.5007,0.5021
184,0.08,0.6938855051994324,0.5178571343421936,0.2852,0.3566,0.7051,0.5006,0.5057,0.5038
185,0.0778,0.6957513689994812,0.5205357074737549,0.2865,0.3533,0.7085,0.4994,0.4951,0.484
186,0.0789,0.6996443867683411,0.5276785492897034,0.2879,0.3572,0.7054,0.5004,0.5039,0.4983
187,0.0753,0.7050418257713318,0.5035714507102966,0.2892,0.3639,0.7073,0.5014,0.5094,0.4955
188,0.0816,0.6912592053413391,0.53125,0.2906,0.3547,0.7069,0.5002,0.5014,0.4908
189,0.0804,0.7035545110702515,0.4901785850524902,0.292,0.3594,0.7052,0.5021,0.5195,0.5031
190,0.0796,0.696399450302124,0.5178571343421936,0.2934,0.3556,0.708,0.4988,0.4907,0.4888
191,0.0804,0.7023301720619202,0.4919642806053161,0.2948,0.3621,0.7097,0.5015,0.5102,0.4923
192,0.0812,0.7054666876792908,0.4714285731315613,0.2962,0.3661,0.7045,0.5003,0.5019,0.4969
193,0.0837,0.7064746022224426,0.4848214387893677,0.2976,0.3611,0.7074,0.5013,0.509,0.4925
194,0.0791,0.7016867399215698,0.5080357193946838,0.299,0.3662,0.7024,0.5008,0.5055,0.5032
195,0.0777,0.7077339887619019,0.4714285731315613,0.3004,0.3672,0.7031,0.5022,0.5144,0.5004
196,0.0813,0.704961359500885,0.5035714507102966,0.3018,0.3578,0.7064,0.5,0.4999,0.4939
197,0.0792,0.6964094042778015,0.5071428418159485,0.3031,0.3567,0.7083,0.501,0.507,0.4863
198,0.0791,0.697645366191864,0.4995535612106323,0.3045,0.365,0.7051,0.5008,0.5056,0.5002
199,0.0819,0.7016186714172363,0.5223214030265808,0.3059,0.3561,0.7095,0.501,0.5079,0.4874
200,0.0779,0.7018187642097473,0.4977678656578064,0.3073,0.3573,0.706,0.5012,0.5097,0.4943
201,0.0797,0.6972030997276306,0.5075892806053162,0.3087,0.3624,0.7052,0.5004,0.5026,0.5006
202,0.08,0.7116381525993347,0.4848214387893677,0.31,0.3668,0.7058,0.501,0.5064,0.5003
203,0.0836,0.7003159523010254,0.5004464387893677,0.3115,0.3588,0.7058,0.4987,0.4899,0.4983
204,0.0816,0.6984134316444397,0.5,0.3129,0.3599,0.7032,0.4995,0.4963,0.5013
205,0.0784,0.7004109025001526,0.5147321224212646,0.3143,0.3586,0.7071,0.4997,0.4976,0.4907
206,0.0798,0.6888771653175354,0.5598214268684387,0.3156,0.3552,0.7085,0.4996,0.4967,0.4939
207,0.0837,0.6998345851898193,0.5218750238418579,0.3171,0.3599,0.7063,0.5008,0.5057,0.4926
208,0.079,0.6943781971931458,0.5419642925262451,0.3184,0.3569,0.7051,0.5011,0.5102,0.497
209,0.0792,0.6974964141845703,0.5361607074737549,0.3198,0.3542,0.7084,0.5005,0.5039,0.4867
210,0.0809,0.695435643196106,0.5107142925262451,0.3212,0.3543,0.7069,0.4999,0.4993,0.4942
211,0.0802,0.7043550610542297,0.4897321462631225,0.3226,0.3591,0.7076,0.5019,0.5151,0.4938
212,0.0799,0.7006523609161377,0.5379464030265808,0.324,0.3551,0.7093,0.5006,0.5047,0.4884
213,0.0806,0.6989930272102356,0.5089285969734192,0.3254,0.3554,0.7057,0.4999,0.4988,0.4993
214,0.0782,0.6989632248878479,0.5116071701049805,0.3267,0.3635,0.7077,0.5023,0.5156,0.4943
215,0.0843,0.6975437998771667,0.5209821462631226,0.3282,0.3598,0.7091,0.5011,0.5082,0.4926
216,0.0799,0.6958456039428711,0.5142857432365417,0.3296,0.3554,0.7079,0.5016,0.5139,0.4927
217,0.0809,0.7004398703575134,0.4915178716182709,0.331,0.354,0.7068,0.5012,0.5105,0.4877
218,0.0785,0.7012355327606201,0.4852678477764129,0.3323,0.3612,0.7066,0.4999,0.4995,0.4999
219,0.0823,0.7081031203269958,0.4866071343421936,0.3338,0.3627,0.7042,0.4997,0.4977,0.4985
220,0.0877,0.7030289173126221,0.5142857432365417,0.3353,0.3595,0.7066,0.5024,0.5185,0.4937
221,0.0826,0.6918632984161377,0.5459821224212646,0.3367,0.3584,0.7069,0.5014,0.5116,0.4951
222,0.0789,0.698716402053833,0.5111607313156128,0.3381,0.3502,0.7077,0.5003,0.503,0.4883
223,0.0799,0.6947935819625854,0.5098214149475098,0.3394,0.3604,0.703,0.5025,0.5204,0.4977
224,0.0786,0.7025204300880432,0.4821428656578064,0.3408,0.3615,0.7045,0.4991,0.4938,0.4953
225,0.0806,0.7021732330322266,0.4950892925262451,0.3422,0.3623,0.7024,0.5001,0.5006,0.5031
226,0.0789,0.699550211429596,0.5004464387893677,0.3436,0.3567,0.7072,0.5007,0.5061,0.4937
227,0.0786,0.7026968002319336,0.5071428418159485,0.3449,0.3582,0.7064,0.5013,0.5109,0.4986
228,0.0804,0.6976033449172974,0.5245535969734192,0.3463,0.3535,0.7084,0.5005,0.5049,0.4935
229,0.0776,0.7037925124168396,0.4906249940395355,0.3477,0.3573,0.7042,0.5007,0.5063,0.4961
230,0.0799,0.7014390826225281,0.5066964030265808,0.349,0.3588,0.7064,0.5004,0.5034,0.4951
231,0.0773,0.7001270651817322,0.5022321343421936,0.3504,0.3563,0.7069,0.5,0.4996,0.4937
232,0.0796,0.7083775401115417,0.4799107015132904,0.3517,0.364,0.7061,0.5009,0.5056,0.4964
233,0.079,0.6973522901535034,0.5254464149475098,0.3531,0.3624,0.7062,0.4995,0.4966,0.4964
234,0.0815,0.6992329955101013,0.5049107074737549,0.3545,0.3686,0.7058,0.502,0.512,0.4979
235,0.0846,0.6973135471343994,0.518750011920929,0.356,0.3597,0.7088,0.4996,0.4972,0.4944
236,0.0789,0.7030680775642395,0.5035714507102966,0.3573,0.3599,0.7071,0.4996,0.4974,0.493
237,0.0805,0.6965959668159485,0.5169642567634583,0.3587,0.3592,0.7076,0.4996,0.4973,0.4933
238,0.0783,0.6996382474899292,0.5178571343421936,0.3601,0.3599,0.706,0.5015,0.5113,0.4929
239,0.0829,0.6963273882865906,0.5178571343421936,0.3615,0.3634,0.7054,0.5012,0.5085,0.4983
240,0.0798,0.7058627009391785,0.5098214149475098,0.3629,0.36,0.7036,0.4994,0.4957,0.4959
241,0.0795,0.6954400539398193,0.5339285731315613,0.3643,0.3583,0.7054,0.5006,0.5044,0.4915
242,0.0789,0.70356684923172,0.5111607313156128,0.3656,0.3652,0.7035,0.5021,0.5156,0.5036
243,0.0774,0.698976993560791,0.5308035612106323,0.367,0.3586,0.707,0.5002,0.5014,0.4934
244,0.078,0.7037221789360046,0.5044642686843872,0.3683,0.3586,0.7084,0.4998,0.4982,0.4942
245,0.078,0.6984164118766785,0.5334821343421936,0.3697,0.3574,0.7075,0.4995,0.496,0.4912
246,0.0789,0.6937151551246643,0.5209821462631226,0.3711,0.3664,0.7071,0.5006,0.5036,0.4929
247,0.0795,0.708071231842041,0.4941964149475097,0.3724,0.3628,0.7046,0.5022,0.516,0.4984
248,0.079,0.6996103525161743,0.4892857074737549,0.3738,0.3609,0.7067,0.502,0.515,0.4937
249,0.079,0.6994699835777283,0.518750011920929,0.3752,0.3624,0.7081,0.5005,0.5032,0.4896
6612,0.506,0.6735085844993591,0.6267856955528259,0.0084,0.4153,0.6959,0.5042,0.53,0.6163
6613,0.2412,0.691567063331604,0.5950892567634583,0.0125,0.4098,0.7053,0.5024,0.518,0.6115
6615,0.4272,0.6813133358955383,0.6241071224212646,0.0071,0.4325,0.681,0.5039,0.5218,0.6445
6616,0.2224,0.6908937096595764,0.6004464030265808,0.0109,0.4125,0.7033,0.5036,0.5263,0.6109
6617,0.161,0.686595618724823,0.6165178418159485,0.0136,0.4207,0.6923,0.5047,0.5326,0.6283
6612,0.4544,0.6972644329071045,0.5459821224212646,0.0076,0.4023,0.6875,0.4903,0.4277,0.6304
6613,0.2184,0.6924641132354736,0.5616071224212646,0.0113,0.402,0.6878,0.4902,0.4251,0.63
6614,0.1927,0.6908496022224426,0.5794642567634583,0.0145,0.4055,0.6867,0.4904,0.4226,0.6422
6615,0.1918,0.6962215900421143,0.5272321701049805,0.0178,0.4096,0.6866,0.489,0.4314,0.6391
6616,0.1383,0.6949580907821655,0.5464285612106323,0.0202,0.4083,0.687,0.4889,0.4304,0.635
6617,0.116,0.6939670443534851,0.5531250238418579,0.0221,0.4065,0.6876,0.4887,0.4262,0.6354
6619,0.8745,0.6921834349632263,0.5571428537368774,0.0146,0.4155,0.6838,0.4902,0.4358,0.6604
6620,0.2072,0.7030727863311768,0.483482152223587,0.0181,0.4022,0.6884,0.4903,0.43,0.6251
6621,0.1622,0.6921669840812683,0.5531250238418579,0.0209,0.4097,0.6864,0.4895,0.4338,0.6399
6622,0.1414,0.6913871169090271,0.5665178298950195,0.0233,0.4035,0.6877,0.4881,0.4207,0.6308
6623,0.1229,0.6910525560379028,0.5772321224212646,0.0254,0.4059,0.6878,0.4897,0.4342,0.6291
6624,0.1149,0.6947343945503235,0.5375000238418579,0.0273,0.4094,0.6873,0.4891,0.4341,0.634
6625,0.1257,0.6946229934692383,0.5571428537368774,0.0295,0.4098,0.6862,0.4906,0.4348,0.6455
6626,0.0822,0.6895894408226013,0.5901785492897034,0.0309,0.4138,0.685,0.4893,0.4369,0.648
6627,0.1074,0.6957711577415466,0.5397321581840515,0.0327,0.397,0.6897,0.4917,0.4285,0.6163
6628,0.0903,0.6917988061904907,0.574999988079071,0.0343,0.407,0.6878,0.4881,0.4291,0.629
6629,0.1192,0.6928632855415344,0.5544642806053162,0.0363,0.4108,0.6853,0.4903,0.4347,0.6469
6630,0.0892,0.6997820138931274,0.4906249940395355,0.0379,0.4,0.6885,0.4925,0.4341,0.6245
6631,0.0821,0.699982225894928,0.5089285969734192,0.0393,0.4058,0.688,0.4891,0.4317,0.6283
6632,0.091,0.6923432350158691,0.5674107074737549,0.0408,0.4079,0.6862,0.4895,0.4259,0.6432
6633,0.0923,0.6961187720298767,0.5410714149475098,0.0424,0.4066,0.6879,0.4918,0.4411,0.6309
6634,0.0956,0.6940896511077881,0.5571428537368774,0.0441,0.4037,0.6885,0.4896,0.4279,0.6251
6635,0.0804,0.6938402056694031,0.5513392686843872,0.0455,0.3967,0.6894,0.4889,0.4114,0.6197
6636,0.1023,0.6973404884338379,0.5191964507102966,0.0472,0.41,0.6859,0.4906,0.4319,0.6475
6637,0.0941,0.6938726902008057,0.5544642806053162,0.0488,0.409,0.6873,0.489,0.4346,0.6324
6638,0.0874,0.6979952454566956,0.5232142806053162,0.0503,0.4141,0.6861,0.4892,0.4388,0.6441
6639,0.0771,0.6944087147712708,0.5625,0.0517,0.4028,0.6881,0.4888,0.4274,0.6241
6640,0.0994,0.6948864459991455,0.5535714030265808,0.0534,0.4057,0.6874,0.4909,0.4356,0.6314
6641,0.0893,0.6990858912467957,0.5084821581840515,0.0549,0.4121,0.6854,0.49,0.4336,0.6504
6642,0.0927,0.6935290694236755,0.5620535612106323,0.0565,0.4057,0.6876,0.4873,0.4238,0.6288
6643,0.0888,0.6965293884277344,0.5401785969734192,0.0581,0.4182,0.6853,0.4898,0.4457,0.6489
6644,0.0914,0.6943565607070923,0.5531250238418579,0.0596,0.4066,0.6869,0.4873,0.42,0.6376
6645,0.0869,0.6918414831161499,0.5758928656578064,0.0611,0.4003,0.6896,0.4888,0.4245,0.6169
6646,0.078,0.6908682584762573,0.5767857432365417,0.0625,0.4067,0.6873,0.4895,0.4311,0.6334
6647,0.0986,0.6879479289054871,0.6075893044471741,0.0642,0.3878,0.6924,0.4908,0.416,0.5981
6648,0.0742,0.701312780380249,0.4897321462631225,0.0655,0.4046,0.6879,0.4908,0.4358,0.6292
6649,0.0988,0.6906633973121643,0.574999988079071,0.0671,0.3993,0.6889,0.49,0.4269,0.619
6650,0.0758,0.6919530630111694,0.5683035850524902,0.0685,0.4101,0.6848,0.4905,0.4312,0.6506
6651,0.0943,0.7014436721801758,0.4875000119209289,0.0701,0.4022,0.6867,0.4915,0.427,0.6354
6652,0.0793,0.6963114738464355,0.5370535850524902,0.0715,0.4135,0.6846,0.4906,0.4333,0.6581
6653,0.0801,0.7002363204956055,0.518750011920929,0.0729,0.4088,0.6862,0.4895,0.4288,0.6421
6654,0.1238,0.6987204551696777,0.5196428298950195,0.075,0.4019,0.6894,0.4907,0.4342,0.6205
6655,0.0898,0.6919510960578918,0.5647321343421936,0.0765,0.3998,0.6902,0.4884,0.4258,0.6124
6656,0.0724,0.6956716179847717,0.5446428656578064,0.0778,0.403,0.6881,0.4898,0.4275,0.6265
6657,0.0799,0.698611855506897,0.5232142806053162,0.0792,0.3994,0.6887,0.4916,0.4311,0.6219
6658,0.0757,0.70399409532547,0.4723214209079742,0.0805,0.403,0.6878,0.4904,0.4271,0.6304
6659,0.0843,0.6948835253715515,0.5254464149475098,0.0819,0.4055,0.6858,0.4903,0.4254,0.642
6660,0.0804,0.6969935894012451,0.5174106955528259,0.0833,0.4064,0.6861,0.4925,0.4371,0.6425
6661,0.0799,0.6967082023620605,0.5383928418159485,0.0847,0.4004,0.6894,0.4912,0.435,0.6182
6662,0.0796,0.688359797000885,0.6053571701049805,0.0861,0.4023,0.6884,0.4907,0.4299,0.6274
6663,0.0773,0.6933645009994507,0.5584821701049805,0.0874,0.4002,0.6891,0.4897,0.4261,0.6205
6664,0.0854,0.6959291100502014,0.5267857313156128,0.0889,0.4099,0.6853,0.4893,0.4252,0.6495
6665,0.068,0.6869742274284363,0.6049107313156128,0.0901,0.3975,0.6893,0.4883,0.4162,0.6173
6666,0.0784,0.6983639001846313,0.5424107313156128,0.0914,0.4083,0.6872,0.4874,0.4274,0.6337
6667,0.0809,0.698582649230957,0.5071428418159485,0.0928,0.4059,0.6879,0.4889,0.4271,0.6324
6668,0.0818,0.6991449594497681,0.5209821462631226,0.0942,0.3993,0.6883,0.4884,0.4155,0.6247
6669,0.0826,0.7013077735900879,0.5017856955528259,0.0957,0.3962,0.6897,0.4903,0.4256,0.6143
6670,0.0799,0.6916407942771912,0.5808035731315613,0.097,0.4123,0.6848,0.491,0.4358,0.6532
6671,0.0801,0.6941965222358704,0.5584821701049805,0.0984,0.3992,0.6887,0.4888,0.4195,0.6213
6672,0.0798,0.6983868479728699,0.5272321701049805,0.0998,0.4119,0.6849,0.4899,0.4305,0.6533
6673,0.0733,0.6984115839004517,0.4986607134342193,0.1011,0.4073,0.6874,0.4897,0.4319,0.6335
6674,0.0757,0.6930191516876221,0.565625011920929,0.1024,0.3983,0.6894,0.4896,0.423,0.6173
6675,0.0771,0.6900727152824402,0.5941964387893677,0.1037,0.3979,0.6897,0.4916,0.4326,0.615
6676,0.0782,0.6946667432785034,0.5433035492897034,0.1051,0.409,0.6866,0.4874,0.4226,0.6429
6677,0.0776,0.6982589364051819,0.5084821581840515,0.1064,0.4012,0.6878,0.4895,0.4217,0.6276
6678,0.082,0.6977033615112305,0.5348214507102966,0.1078,0.4021,0.6887,0.491,0.4315,0.6249
6679,0.0776,0.6937686800956726,0.5517857074737549,0.1092,0.3982,0.6903,0.4886,0.4193,0.6152
6680,0.0799,0.694746732711792,0.5611607432365417,0.1105,0.409,0.687,0.4906,0.4375,0.6378
6681,0.0793,0.6973251104354858,0.5209821462631226,0.1119,0.4089,0.6866,0.4877,0.4279,0.6362
6682,0.0775,0.6992329359054565,0.5129464268684387,0.1133,0.3935,0.6908,0.4892,0.4143,0.6102
6683,0.0665,0.6874687075614929,0.6053571701049805,0.1144,0.4136,0.6854,0.4909,0.4399,0.6504
6684,0.0751,0.6985870003700256,0.5142857432365417,0.1157,0.4083,0.6866,0.4891,0.4305,0.6388
6685,0.0791,0.6938907504081726,0.543749988079071,0.1171,0.4028,0.6883,0.4873,0.4216,0.6245
6686,0.0784,0.6987062692642212,0.5218750238418579,0.1184,0.4077,0.6878,0.4884,0.4311,0.6306
6687,0.0832,0.6971203684806824,0.546875,0.1199,0.4004,0.6883,0.4892,0.4158,0.6282
6688,0.0795,0.6964197754859924,0.5254464149475098,0.1213,0.4118,0.6847,0.4904,0.4305,0.6559
6689,0.083,0.6899460554122925,0.5857142806053162,0.1227,0.4101,0.686,0.4874,0.4266,0.642
6690,0.0696,0.6947000026702881,0.5602678656578064,0.1239,0.4001,0.6883,0.4885,0.4193,0.6236
6691,0.0798,0.6952783465385437,0.5571428537368774,0.1253,0.4068,0.6865,0.4882,0.4261,0.6372
6692,0.08,0.6978025436401367,0.5120535492897034,0.1267,0.4132,0.6852,0.4915,0.4379,0.6558
6693,0.082,0.6980201005935669,0.5330356955528259,0.1281,0.4018,0.6884,0.4896,0.4264,0.6255
6694,0.0791,0.6943877935409546,0.5558035969734192,0.1295,0.4037,0.6889,0.4883,0.4254,0.625
6695,0.08,0.6946420669555664,0.5642856955528259,0.1308,0.409,0.6864,0.4905,0.4343,0.6425
6696,0.0811,0.7007243633270264,0.5151785612106323,0.1322,0.3972,0.6903,0.4901,0.4241,0.6138
6697,0.078,0.6915963292121887,0.5834821462631226,0.1336,0.4108,0.6861,0.4896,0.4327,0.6452
6698,0.0792,0.6926130652427673,0.5665178298950195,0.135,0.4054,0.6879,0.4904,0.4348,0.6292
6699,0.0783,0.6943662166595459,0.5562499761581421,0.1364,0.4029,0.6883,0.4879,0.4219,0.6263
6700,0.0813,0.6927231550216675,0.5625,0.1378,0.4067,0.686,0.4894,0.4248,0.642
6701,0.0816,0.7005425095558167,0.5080357193946838,0.1392,0.4075,0.6872,0.4909,0.4386,0.6329
6702,0.0804,0.700629472732544,0.4741071462631225,0.1406,0.4044,0.6873,0.4901,0.4309,0.6317
6703,0.0814,0.699921190738678,0.5129464268684387,0.142,0.4061,0.6877,0.4904,0.4337,0.6327
6704,0.0821,0.6966395974159241,0.5276785492897034,0.1434,0.4089,0.6867,0.4889,0.4316,0.6367
6705,0.0773,0.6963751912117004,0.5303571224212646,0.1447,0.4083,0.6876,0.488,0.4291,0.6321
6706,0.0773,0.6998175978660583,0.515625,0.146,0.4122,0.6856,0.4898,0.438,0.643
6707,0.0766,0.6929454803466797,0.574999988079071,0.1474,0.4091,0.686,0.4886,0.4275,0.6413
6708,0.0641,0.6988139152526855,0.5178571343421936,0.1485,0.403,0.688,0.4915,0.4352,0.6271
6709,0.0724,0.6915388107299805,0.565625011920929,0.1497,0.3992,0.6887,0.4895,0.4189,0.6233
6710,0.0851,0.6914724707603455,0.5879464149475098,0.1512,0.3995,0.6893,0.4874,0.422,0.6129
6711,0.111,0.6925919651985168,0.5723214149475098,0.1531,0.397,0.6888,0.4928,0.4289,0.6229
6712,0.0705,0.7028678059577942,0.4732142984867096,0.1543,0.3988,0.6891,0.4881,0.4211,0.6156
6713,0.076,0.691966712474823,0.5816964507102966,0.1556,0.401,0.6886,0.4932,0.44,0.6267
6714,0.0688,0.69746333360672,0.5272321701049805,0.1568,0.399,0.689,0.4918,0.4326,0.6212
6715,0.0759,0.692470133304596,0.5700892806053162,0.1582,0.4101,0.6853,0.4906,0.4316,0.65
6716,0.081,0.6967064738273621,0.5290178656578064,0.1596,0.3997,0.6899,0.4883,0.4235,0.6147
6717,0.0816,0.694299042224884,0.5361607074737549,0.161,0.404,0.6874,0.4909,0.4321,0.6302
6718,0.0792,0.6947107315063477,0.5562499761581421,0.1623,0.4006,0.6892,0.4928,0.4416,0.6213
6719,0.0791,0.6913350224494934,0.5705357193946838,0.1637,0.3942,0.6903,0.4885,0.4145,0.6092
6720,0.0692,0.6938402056694031,0.559374988079071,0.1649,0.4059,0.6879,0.4889,0.4289,0.6311
6721,0.0774,0.6963275671005249,0.5321428775787354,0.1662,0.4111,0.6857,0.4885,0.431,0.6428
6722,0.0806,0.6996710896492004,0.5071428418159485,0.1677,0.4127,0.6863,0.4896,0.4379,0.6455
6723,0.0803,0.6947702169418335,0.5406249761581421,0.1691,0.4019,0.6883,0.4882,0.4191,0.6265
6724,0.0779,0.6970242857933044,0.5272321701049805,0.1704,0.4052,0.6879,0.4893,0.4281,0.6312
6725,0.0788,0.6963961720466614,0.5352678298950195,0.1718,0.4075,0.6871,0.4885,0.4291,0.6341
6726,0.0818,0.6951212286949158,0.5446428656578064,0.1732,0.398,0.69,0.4886,0.4197,0.6152
6727,0.0802,0.6999683380126953,0.4964285790920257,0.1746,0.389,0.6923,0.4902,0.4185,0.5967
6728,0.0802,0.6905789971351624,0.5959821343421936,0.1759,0.4119,0.686,0.4904,0.4398,0.6434
6729,0.0799,0.6964605450630188,0.53125,0.1773,0.4035,0.6896,0.4872,0.4268,0.6171
6730,0.0812,0.6983938217163086,0.5062500238418579,0.1787,0.4057,0.6872,0.4873,0.4201,0.634
6731,0.0809,0.6950123906135559,0.5562499761581421,0.1801,0.4132,0.6858,0.4871,0.4287,0.6471
6732,0.0794,0.6960586905479431,0.5249999761581421,0.1815,0.4112,0.6856,0.4885,0.4269,0.6479
6733,0.0784,0.6925531625747681,0.5633928775787354,0.1829,0.4141,0.6849,0.4911,0.4434,0.6506
6734,0.0804,0.6973787546157837,0.5147321224212646,0.1843,0.4128,0.6855,0.489,0.4327,0.6477
6735,0.0711,0.6944540739059448,0.5495535731315613,0.1855,0.4118,0.6858,0.4909,0.4397,0.6476
6736,0.0692,0.6931074857711792,0.5486606955528259,0.1867,0.3991,0.6893,0.4923,0.4361,0.6195
6737,0.083,0.6936571598052979,0.5486606955528259,0.1882,0.4039,0.6876,0.4907,0.4296,0.6317
6738,0.0817,0.6833516359329224,0.6464285850524902,0.1896,0.401,0.689,0.4864,0.4187,0.6164
6739,0.0787,0.6944144368171692,0.5491071343421936,0.1909,0.406,0.6867,0.4907,0.4306,0.6368
6740,0.0777,0.6882534623146057,0.6142857074737549,0.1923,0.3929,0.6917,0.489,0.4232,0.5987
6741,0.0811,0.6872382164001465,0.6263392567634583,0.1937,0.3996,0.6895,0.4871,0.4178,0.6166
6742,0.0785,0.6966330409049988,0.5227678418159485,0.195,0.4087,0.6865,0.4912,0.4349,0.6436
6743,0.0809,0.7021777033805847,0.4928571283817291,0.1964,0.3985,0.6897,0.4883,0.4251,0.609
6744,0.0815,0.6948221921920776,0.5544642806053162,0.1978,0.4137,0.6856,0.4891,0.4359,0.647
6745,0.0765,0.6958408355712891,0.5419642925262451,0.1992,0.4049,0.688,0.49,0.4339,0.6271
6746,0.0807,0.6931679844856262,0.5495535731315613,0.2006,0.4031,0.6872,0.4899,0.4237,0.6337
6747,0.0781,0.697111964225769,0.5361607074737549,0.202,0.3979,0.6903,0.4865,0.419,0.6095
6748,0.0665,0.6936283707618713,0.5549107193946838,0.2031,0.4059,0.6879,0.4878,0.4274,0.6275
6749,0.0762,0.6969010829925537,0.53125,0.2044,0.4048,0.688,0.4906,0.4309,0.6328
6750,0.0726,0.6995145678520203,0.5218750238418579,0.2057,0.4021,0.689,0.4868,0.4207,0.6201
6751,0.0773,0.7028957009315491,0.496874988079071,0.207,0.401,0.6889,0.4896,0.4279,0.6205
6752,0.0758,0.6947592496871948,0.5424107313156128,0.2084,0.4103,0.6858,0.4906,0.4329,0.6492
6753,0.0841,0.697007954120636,0.5290178656578064,0.2098,0.4004,0.6893,0.4914,0.4372,0.6172
6754,0.0791,0.6920731663703918,0.5607143044471741,0.2112,0.4128,0.686,0.4904,0.4409,0.6437
6755,0.0821,0.6951375603675842,0.5370535850524902,0.2126,0.4007,0.6888,0.4895,0.4263,0.6219
6756,0.0712,0.6921600103378296,0.5919643044471741,0.2138,0.404,0.6879,0.4877,0.4198,0.6308
6757,0.0712,0.6902114748954773,0.5687500238418579,0.2151,0.3948,0.6912,0.4871,0.4182,0.6014
6758,0.0804,0.6938095092773438,0.5558035969734192,0.2165,0.398,0.6896,0.4888,0.4154,0.6201
6759,0.0785,0.6945762038230896,0.5566964149475098,0.2179,0.4042,0.6883,0.4879,0.4243,0.6281
6760,0.0792,0.6872312426567078,0.6290178298950195,0.2192,0.4049,0.6871,0.4869,0.4193,0.6324
6761,0.0796,0.6945022940635681,0.5459821224212646,0.2206,0.4083,0.6867,0.4872,0.4256,0.6349
6762,0.0756,0.6943836808204651,0.5575892925262451,0.2219,0.4035,0.688,0.4892,0.4275,0.6271
6763,0.0674,0.6968743205070496,0.5254464149475098,0.2231,0.4056,0.6879,0.4903,0.4326,0.6313
6764,0.0656,0.691895067691803,0.5558035969734192,0.2242,0.4097,0.687,0.4898,0.4342,0.6379
6765,0.0672,0.6966099143028259,0.5258928537368774,0.2254,0.4013,0.6884,0.4901,0.4259,0.6247
6766,0.0704,0.6945345401763916,0.5616071224212646,0.2266,0.4065,0.687,0.4897,0.4282,0.6393
6767,0.0688,0.695846676826477,0.5424107313156128,0.2278,0.401,0.6882,0.4885,0.4185,0.6266
6768,0.0763,0.6934296488761902,0.5571428537368774,0.2291,0.4015,0.6882,0.4903,0.4293,0.6252
6769,0.0788,0.6969833374023438,0.5339285731315613,0.2305,0.4021,0.6875,0.4889,0.4194,0.6315
6770,0.0808,0.69529789686203,0.5370535850524902,0.2319,0.4095,0.6863,0.4914,0.4381,0.6433
6771,0.0821,0.6936443448066711,0.559374988079071,0.2334,0.4085,0.6867,0.4907,0.4355,0.6385
6772,0.0813,0.6864348649978638,0.6120535731315613,0.2348,0.4141,0.6844,0.4913,0.4405,0.6553
6773,0.0793,0.6914993524551392,0.578125,0.2361,0.4145,0.6851,0.4911,0.4405,0.6533
6774,0.0825,0.6872562766075134,0.6098214387893677,0.2375,0.4034,0.6873,0.4905,0.4249,0.6349
6775,0.0823,0.6979257464408875,0.5196428298950195,0.239,0.3966,0.6902,0.4891,0.4241,0.6101
6776,0.0825,0.6931542158126831,0.5669642686843872,0.2404,0.403,0.6883,0.4882,0.4233,0.6248
6777,0.0753,0.6951723098754883,0.5482142567634583,0.2417,0.4027,0.6888,0.4896,0.4306,0.6233
6778,0.0791,0.6939618587493896,0.5531250238418579,0.2431,0.405,0.6869,0.4891,0.4239,0.6357
6779,0.079,0.7013587951660156,0.4977678656578064,0.2444,0.4063,0.6866,0.491,0.4305,0.6415
6780,0.0769,0.7062767744064331,0.4598214328289032,0.2458,0.3981,0.6886,0.4903,0.4238,0.6209
6781,0.0826,0.7013209462165833,0.4870535731315613,0.2472,0.4085,0.687,0.4913,0.4387,0.6396
6782,0.0807,0.6927968859672546,0.5732142925262451,0.2486,0.4033,0.6893,0.4881,0.4267,0.6199
6783,0.0826,0.6989615559577942,0.5196428298950195,0.2501,0.4064,0.6872,0.4883,0.4259,0.6352
6784,0.0781,0.6970219016075134,0.5419642925262451,0.2514,0.4067,0.6874,0.4906,0.4329,0.6363
6785,0.0794,0.6950898170471191,0.5549107193946838,0.2528,0.398,0.6886,0.4894,0.4188,0.6211
6786,0.082,0.6895508170127869,0.5888392925262451,0.2542,0.4112,0.6871,0.4892,0.4378,0.636
6787,0.0828,0.694345235824585,0.5696428418159485,0.2556,0.402,0.6889,0.4876,0.4235,0.6202
6788,0.0809,0.6905452013015747,0.5830357074737549,0.257,0.3992,0.6892,0.4904,0.4272,0.6187
6789,0.0774,0.694219172000885,0.559374988079071,0.2584,0.4098,0.6854,0.4892,0.4276,0.6476
6790,0.0813,0.6949625015258789,0.534375011920929,0.2598,0.4067,0.6867,0.4879,0.4254,0.6336
6791,0.0824,0.6971938014030457,0.5258928537368774,0.2612,0.4025,0.6877,0.4901,0.4252,0.6316
6792,0.0763,0.6940643787384033,0.550000011920929,0.2625,0.395,0.6908,0.4911,0.4301,0.6064
6793,0.0766,0.6943134069442749,0.5625,0.2638,0.3967,0.6894,0.4904,0.4251,0.6151
6794,0.0784,0.6981004476547241,0.5178571343421936,0.2652,0.4024,0.6875,0.4885,0.4198,0.6299
6795,0.0838,0.6923885941505432,0.5705357193946838,0.2667,0.4066,0.6874,0.4888,0.4284,0.6336
6796,0.0788,0.6948959231376648,0.5419642925262451,0.268,0.4103,0.686,0.489,0.4304,0.644
6797,0.08,0.6993959546089172,0.5053571462631226,0.2694,0.4079,0.6858,0.4896,0.4284,0.6428
6798,0.0813,0.6964978575706482,0.5294643044471741,0.2708,0.4073,0.6866,0.4898,0.4289,0.6398
6799,0.077,0.6907725930213928,0.5821428298950195,0.2722,0.4022,0.6888,0.4914,0.4342,0.6242
6800,0.0771,0.6977184414863586,0.5285714268684387,0.2735,0.4027,0.6885,0.4883,0.4229,0.6245
6801,0.0812,0.694857120513916,0.5558035969734192,0.2749,0.3986,0.6892,0.4865,0.4128,0.6176
6802,0.0798,0.6920461654663086,0.5642856955528259,0.2763,0.4062,0.6872,0.4888,0.4276,0.6326
6803,0.0779,0.6944596767425537,0.5513392686843872,0.2776,0.3976,0.6907,0.4882,0.423,0.6089
6804,0.0795,0.7012262344360352,0.4959821403026581,0.279,0.4184,0.684,0.4881,0.435,0.6599
6805,0.081,0.6927728652954102,0.5727678537368774,0.2804,0.3943,0.6907,0.4886,0.4176,0.6083
6806,0.082,0.6882625222206116,0.5959821343421936,0.2818,0.3974,0.6902,0.4906,0.4295,0.6132
6807,0.0797,0.6918471455574036,0.578125,0.2832,0.3997,0.6889,0.4883,0.4164,0.6236
6808,0.0818,0.6917076110839844,0.5691964030265808,0.2846,0.4095,0.6861,0.4881,0.4265,0.6417
6809,0.08,0.6963219046592712,0.5379464030265808,0.286,0.411,0.6861,0.4883,0.4319,0.6407
6810,0.079,0.6964146494865417,0.5294643044471741,0.2874,0.3974,0.6897,0.4882,0.4198,0.6131
6811,0.0787,0.6913074851036072,0.5772321224212646,0.2887,0.4035,0.6888,0.4904,0.4335,0.6251
6812,0.0774,0.6996896862983704,0.5133928656578064,0.2901,0.4084,0.6863,0.4917,0.4358,0.6449
6813,0.0783,0.6957017183303833,0.5388392806053162,0.2914,0.415,0.6852,0.4892,0.4367,0.65
6814,0.0765,0.6953734755516052,0.543749988079071,0.2928,0.4096,0.6857,0.4924,0.4436,0.6425
6815,0.0781,0.6924285292625427,0.5776785612106323,0.2941,0.4134,0.6857,0.4898,0.4369,0.648
6816,0.0788,0.6964573264122009,0.5566964149475098,0.2955,0.3988,0.6887,0.4907,0.425,0.6218
6817,0.0802,0.6909793615341187,0.5772321224212646,0.2969,0.4063,0.6876,0.4869,0.4208,0.6345
6818,0.0811,0.6979243755340576,0.534375011920929,0.2983,0.404,0.6889,0.4877,0.4254,0.6227
6819,0.0769,0.6927335858345032,0.5723214149475098,0.2996,0.4174,0.6854,0.4865,0.4338,0.6485
6820,0.0825,0.6866346597671509,0.628125011920929,0.3011,0.3998,0.6889,0.4901,0.4255,0.6226
6821,0.0688,0.7009007930755615,0.5,0.3023,0.4091,0.6857,0.4916,0.436,0.6478
6822,0.0781,0.6930856704711914,0.5607143044471741,0.3036,0.4025,0.6878,0.4863,0.4173,0.6263
6823,0.0766,0.7009220719337463,0.5026785731315613,0.3049,0.4065,0.687,0.4901,0.4299,0.638
6824,0.0741,0.699176013469696,0.5174106955528259,0.3062,0.4146,0.6852,0.4908,0.441,0.6517
6825,0.0788,0.6951526999473572,0.5321428775787354,0.3076,0.3965,0.6901,0.4902,0.4224,0.6154
6826,0.0759,0.6983022689819336,0.5133928656578064,0.3089,0.4022,0.6891,0.4858,0.4194,0.6185
6827,0.0762,0.6977967023849487,0.5035714507102966,0.3102,0.406,0.6876,0.4883,0.4258,0.6325
6828,0.0761,0.6922814846038818,0.5629464387893677,0.3115,0.3986,0.6891,0.489,0.42,0.6195
6829,0.0741,0.6983523964881897,0.5169642567634583,0.3128,0.4026,0.6897,0.4892,0.4306,0.6186
6830,0.0755,0.6917543411254883,0.5718749761581421,0.3142,0.4057,0.6867,0.4892,0.4231,0.6396
6831,0.0782,0.7023938298225403,0.4955357015132904,0.3155,0.3967,0.6896,0.4879,0.4145,0.6147
6832,0.0803,0.6915948390960693,0.5620535612106323,0.3169,0.4044,0.6873,0.4891,0.4226,0.6342
6833,0.0775,0.6966173648834229,0.5397321581840515,0.3182,0.4066,0.6873,0.4903,0.4345,0.6335
6834,0.0795,0.6820926666259766,0.6450892686843872,0.3196,0.4084,0.6856,0.4894,0.4275,0.6436
6835,0.0815,0.6982121467590332,0.5169642567634583,0.321,0.4106,0.6861,0.4902,0.436,0.6436
6836,0.0798,0.6931540369987488,0.5651785731315613,0.3224,0.3953,0.6893,0.4902,0.4166,0.6173
6837,0.0781,0.6953509449958801,0.5531250238418579,0.3238,0.4057,0.6876,0.4886,0.427,0.6312
6838,0.0792,0.6944149136543274,0.5491071343421936,0.3251,0.4076,0.6876,0.4916,0.4395,0.6355
6839,0.0794,0.7005020976066589,0.5227678418159485,0.3265,0.4117,0.6861,0.4895,0.4348,0.6443
6840,0.0787,0.6887266039848328,0.6058035492897034,0.3279,0.4024,0.6886,0.49,0.4292,0.6244
6841,0.0781,0.6958385705947876,0.5294643044471741,0.3292,0.4037,0.6879,0.488,0.4222,0.6285
6842,0.0792,0.6957802176475525,0.5392857193946838,0.3306,0.4049,0.6887,0.4895,0.4364,0.6208
6843,0.0769,0.6951209306716919,0.5477678775787354,0.332,0.4047,0.6884,0.4875,0.4259,0.6234
6844,0.0794,0.695607602596283,0.5383928418159485,0.3333,0.3957,0.6895,0.4903,0.4198,0.6151
6845,0.0797,0.6998840570449829,0.5049107074737549,0.3347,0.4072,0.687,0.4891,0.4301,0.6347
6846,0.0765,0.699334979057312,0.4937500059604645,0.336,0.4128,0.6855,0.4912,0.4427,0.647
6847,0.0759,0.6982623934745789,0.5263392925262451,0.3373,0.4095,0.6864,0.4903,0.4354,0.6388
6848,0.0825,0.6950029134750366,0.5392857193946838,0.3388,0.3999,0.6896,0.4868,0.4173,0.6174
6849,0.0779,0.6915120482444763,0.5674107074737549,0.3401,0.3976,0.6884,0.4897,0.4153,0.6241
6850,0.0751,0.6929597854614258,0.5660714507102966,0.3414,0.4061,0.6879,0.4892,0.4266,0.6336
6851,0.0794,0.6989659667015076,0.5223214030265808,0.3428,0.4118,0.6863,0.4918,0.4407,0.6491
6852,0.0766,0.6920995116233826,0.5825892686843872,0.3441,0.4045,0.6872,0.4888,0.4238,0.6322
6853,0.0787,0.6942369341850281,0.5526785850524902,0.3455,0.4119,0.6861,0.4887,0.4311,0.6445
6854,0.088,0.6965025663375854,0.5361607074737549,0.347,0.4079,0.6866,0.4904,0.4327,0.6384
6855,0.0796,0.6989814639091492,0.5129464268684387,0.3484,0.4083,0.6858,0.4911,0.4318,0.6461
6856,0.0789,0.690568745136261,0.5700892806053162,0.3498,0.409,0.6852,0.4893,0.4251,0.6492
6857,0.08,0.6919784545898438,0.5691964030265808,0.3512,0.4064,0.6865,0.4895,0.4267,0.6373
6858,0.0825,0.6977435946464539,0.5026785731315613,0.3526,0.4139,0.6844,0.4917,0.4406,0.6547
6859,0.0788,0.6963189244270325,0.5223214030265808,0.354,0.4019,0.6881,0.4896,0.4266,0.6251
6860,0.0803,0.6994193196296692,0.5035714507102966,0.3553,0.4221,0.6821,0.4912,0.4443,0.6748
6861,0.0791,0.6969990134239197,0.5227678418159485,0.3567,0.4066,0.6866,0.4892,0.4264,0.6382
6862,0.0805,0.7038314938545227,0.4727678596973419,0.3581,0.4027,0.6878,0.4931,0.4399,0.6301
6863,0.0803,0.7009209990501404,0.4901785850524902,0.3595,0.4114,0.6869,0.4869,0.4312,0.6347
6864,0.0682,0.69771808385849,0.528124988079071,0.3607,0.4028,0.6891,0.4872,0.4241,0.6196
6865,0.0772,0.6965135335922241,0.5459821224212646,0.362,0.4043,0.6889,0.4886,0.4288,0.624
6866,0.085,0.6921370625495911,0.5642856955528259,0.3635,0.4057,0.6878,0.4888,0.429,0.6287
6867,0.0825,0.7005637884140015,0.4888392984867096,0.3649,0.4001,0.6894,0.489,0.4254,0.6168
6868,0.0789,0.6959162950515747,0.5428571701049805,0.3663,0.4073,0.6878,0.488,0.4301,0.6281
6869,0.0773,0.6948248744010925,0.5562499761581421,0.3677,0.4056,0.6866,0.4898,0.4212,0.6436
6870,0.0796,0.694706916809082,0.546875,0.369,0.3969,0.6906,0.4871,0.4189,0.6082
6871,0.08,0.6929546594619751,0.5687500238418579,0.3704,0.4087,0.6866,0.4897,0.4303,0.64
6872,0.0745,0.6955797672271729,0.5526785850524902,0.3717,0.4068,0.6874,0.4879,0.4284,0.6305
6873,0.0786,0.6960194110870361,0.53125,0.3731,0.4081,0.6862,0.4895,0.4304,0.64
6874,0.0794,0.6928284764289856,0.5678571462631226,0.3744,0.4076,0.6871,0.4888,0.428,0.6352
6875,0.0836,0.6921460032463074,0.5665178298950195,0.3759,0.4063,0.6869,0.4889,0.4259,0.6363
6876,0.0802,0.6991567611694336,0.5022321343421936,0.3773,0.3959,0.6904,0.4907,0.4247,0.6135
6877,0.0797,0.7008876800537109,0.4901785850524902,0.3786,0.3961,0.6906,0.4842,0.4115,0.6037
6878,0.08,0.6909012198448181,0.5892857313156128,0.3801,0.4107,0.6857,0.491,0.439,0.6445
6879,0.0819,0.6925697326660156,0.5946428775787354,0.3815,0.4088,0.6863,0.4905,0.4331,0.6424
6880,0.0753,0.6982976794242859,0.5116071701049805,0.3828,0.3998,0.6896,0.4905,0.4304,0.6173
6881,0.0778,0.6914762258529663,0.5669642686843872,0.3841,0.4045,0.687,0.4909,0.4322,0.6334
6882,0.0773,0.6991211175918579,0.5200892686843872,0.3855,0.408,0.6871,0.4902,0.4343,0.6362
6883,0.0795,0.6957274079322815,0.5410714149475098,0.3868,0.3958,0.6901,0.4896,0.4209,0.6119
6884,0.08,0.6915063261985779,0.5616071224212646,0.3882,0.4056,0.6867,0.4917,0.4359,0.6353
6885,0.0802,0.6937354803085327,0.5517857074737549,0.3896,0.3978,0.6889,0.4903,0.4201,0.6224
6886,0.0786,0.691857635974884,0.5767857432365417,0.391,0.4114,0.6861,0.4875,0.4285,0.6439
6887,0.0793,0.698524534702301,0.5049107074737549,0.3923,0.3976,0.6901,0.4887,0.424,0.6111
6888,0.0806,0.6945732235908508,0.5566964149475098,0.3937,0.4064,0.6872,0.4885,0.4266,0.6336
6889,0.0776,0.6940122246742249,0.5616071224212646,0.3951,0.4042,0.6871,0.4908,0.4244,0.6405
6890,0.0792,0.694189190864563,0.5575892925262451,0.3965,0.4095,0.6862,0.4915,0.4355,0.6466
6891,0.0783,0.6952031254768372,0.5401785969734192,0.3979,0.3978,0.6895,0.4882,0.4183,0.6155
6892,0.0784,0.6908629536628723,0.5964285731315613,0.3992,0.4183,0.683,0.4916,0.443,0.6677
6893,0.0812,0.6997045278549194,0.5026785731315613,0.4006,0.4022,0.6891,0.4878,0.4242,0.6216
6894,0.0806,0.6988791227340698,0.5205357074737549,0.402,0.412,0.6856,0.4896,0.434,0.6471
6895,0.0772,0.6976616978645325,0.528124988079071,0.4033,0.4101,0.6858,0.492,0.4408,0.6454
6896,0.076,0.7015419006347656,0.483482152223587,0.4047,0.4084,0.6864,0.4882,0.4287,0.6367
6897,0.0779,0.7003687620162964,0.5080357193946838,0.406,0.4152,0.6853,0.4893,0.4368,0.6514
6898,0.0766,0.7002668976783752,0.5080357193946838,0.4073,0.4046,0.6868,0.4905,0.425,0.6376
6899,0.0787,0.6948550939559937,0.5397321581840515,0.4087,0.4074,0.687,0.489,0.4286,0.6381
6900,0.0785,0.694538414478302,0.5625,0.41,0.4117,0.6857,0.4887,0.4314,0.6449
6901,0.0711,0.69148850440979,0.5825892686843872,0.4113,0.4068,0.6874,0.489,0.4309,0.6321
6902,0.0807,0.6971114277839661,0.5071428418159485,0.4127,0.4004,0.6888,0.4896,0.4242,0.6216
6903,0.0693,0.6964633464813232,0.534375011920929,0.4139,0.3902,0.6911,0.4891,0.4111,0.6028
6904,0.0819,0.6900262236595154,0.5946428775787354,0.4154,0.4033,0.6883,0.4896,0.4244,0.6297
6905,0.0831,0.6948392391204834,0.5611607432365417,0.4168,0.4082,0.686,0.4898,0.4289,0.6418
6906,0.0843,0.6994479298591614,0.5151785612106323,0.4182,0.4065,0.6863,0.4879,0.421,0.6396
6907,0.0829,0.6994917392730713,0.5120535492897034,0.4197,0.4024,0.6868,0.4898,0.4154,0.6391
6908,0.0846,0.6951884031295776,0.5598214268684387,0.4211,0.4111,0.6866,0.4913,0.4418,0.6421
6909,0.0942,0.6999126672744751,0.5022321343421936,0.4228,0.4085,0.6874,0.4884,0.4314,0.632
6910,0.0785,0.6919349431991577,0.5808035731315613,0.4241,0.41,0.6865,0.4898,0.4332,0.6419
6911,0.0797,0.6963165402412415,0.5308035612106323,0.4255,0.4095,0.6866,0.4897,0.432,0.6425
6912,0.081,0.7002680897712708,0.5147321224212646,0.4269,0.4022,0.6878,0.4894,0.4255,0.6276
6913,0.0784,0.6935515403747559,0.5513392686843872,0.4283,0.4025,0.688,0.4894,0.4235,0.6285
6914,0.0805,0.6919429302215576,0.5776785612106323,0.4297,0.3978,0.6896,0.4883,0.4169,0.617
6915,0.0873,0.6949739456176758,0.53125,0.4312,0.4055,0.6876,0.4904,0.4305,0.6336
6916,0.0877,0.6994269490242004,0.5183035731315613,0.4328,0.4073,0.6866,0.4883,0.4242,0.6386
6917,0.0775,0.6975198984146118,0.5379464030265808,0.4341,0.4134,0.6858,0.4905,0.4398,0.6469
6918,0.0799,0.6923894882202148,0.5660714507102966,0.4355,0.4032,0.6883,0.4904,0.4321,0.6272
6919,0.0796,0.7039668560028076,0.4767857193946838,0.4369,0.3981,0.6894,0.4875,0.4171,0.6158
6920,0.0795,0.6936771273612976,0.5687500238418579,0.4382,0.4032,0.6884,0.4915,0.435,0.628
6921,0.08,0.7000811696052551,0.5026785731315613,0.4396,0.4039,0.6881,0.4877,0.4231,0.6282
6922,0.0793,0.6911702752113342,0.5674107074737549,0.441,0.4014,0.6884,0.4905,0.4292,0.6239
6923,0.0815,0.6867926716804504,0.6075893044471741,0.4424,0.3989,0.6892,0.4893,0.4247,0.6178
6924,0.0816,0.7019456028938293,0.4741071462631225,0.4438,0.4005,0.6883,0.4904,0.4278,0.6218
6925,0.0805,0.6907218098640442,0.5848214030265808,0.4452,0.4027,0.6885,0.4869,0.4213,0.6225
6926,0.0808,0.6910167336463928,0.5915178656578064,0.4466,0.3985,0.6897,0.4901,0.424,0.6179
6927,0.0799,0.6969771385192871,0.5200892686843872,0.448,0.4048,0.6873,0.488,0.4236,0.6312
6928,0.0834,0.6943531632423401,0.5406249761581421,0.4495,0.4096,0.6861,0.4901,0.4327,0.6436
6929,0.079,0.6886317729949951,0.6044642925262451,0.4508,0.4035,0.6879,0.4879,0.4236,0.6273
6930,0.0817,0.6960845589637756,0.5553571581840515,0.4523,0.4003,0.689,0.4907,0.4297,0.6213
6931,0.0832,0.6923578977584839,0.5736607313156128,0.4537,0.4099,0.6857,0.4904,0.4328,0.6466
6932,0.0833,0.6962875127792358,0.5383928418159485,0.4551,0.3986,0.6897,0.4912,0.4327,0.6148
6933,0.0819,0.6898950338363647,0.5941964387893677,0.4565,0.4084,0.6868,0.489,0.4285,0.6403
6934,0.0826,0.6993977427482605,0.5214285850524902,0.458,0.3971,0.6908,0.4883,0.4231,0.6068
6935,0.0735,0.696682870388031,0.5455357432365417,0.4592,0.4159,0.6838,0.4926,0.4442,0.6628
6936,0.0789,0.6979801058769226,0.5258928537368774,0.4606,0.4027,0.6878,0.4928,0.4383,0.6291
6937,0.079,0.6970281600952148,0.5308035612106323,0.462,0.4022,0.6872,0.4894,0.4183,0.6343
6938,0.0736,0.698768675327301,0.5013392567634583,0.4633,0.4073,0.6862,0.4913,0.4327,0.6427
6939,0.0787,0.6941397786140442,0.5562499761581421,0.4647,0.4105,0.6861,0.4896,0.4351,0.6401
6940,0.0842,0.6955597996711731,0.5401785969734192,0.4661,0.4004,0.6886,0.4906,0.4269,0.6232
6941,0.0799,0.6984658241271973,0.5214285850524902,0.4675,0.4124,0.6857,0.4903,0.4367,0.6472
6942,0.073,0.6972688436508179,0.5303571224212646,0.4688,0.4103,0.6866,0.4883,0.4302,0.6393
6943,0.0922,0.6955828666687012,0.5397321581840515,0.4704,0.4011,0.6878,0.4913,0.4277,0.6287
6944,0.0725,0.6906506419181824,0.5857142806053162,0.4716,0.4052,0.6884,0.4876,0.4248,0.6263
6945,0.0713,0.6981191635131836,0.5196428298950195,0.4729,0.4043,0.6878,0.4924,0.4419,0.6287
6946,0.0788,0.6972302198410034,0.5236607193946838,0.4742,0.4065,0.6862,0.4893,0.424,0.6412
6947,0.0732,0.6966085433959961,0.53125,0.4755,0.3998,0.6883,0.4887,0.4205,0.6222
6948,0.0783,0.691841721534729,0.5803571343421936,0.4769,0.4078,0.6872,0.4884,0.4292,0.6335
6949,0.0711,0.6996573209762573,0.5111607313156128,0.4781,0.4075,0.6872,0.4881,0.4287,0.6324
6950,0.0802,0.696734607219696,0.5308035612106323,0.4796,0.4085,0.6872,0.4893,0.4314,0.6368
6951,0.0731,0.6984037756919861,0.5214285850524902,0.4808,0.4039,0.6872,0.49,0.4243,0.6338
6952,0.0793,0.6940173506736755,0.5531250238418579,0.4822,0.3999,0.688,0.4897,0.4207,0.6256
6953,0.0829,0.6967278718948364,0.5254464149475098,0.4836,0.4166,0.6847,0.4878,0.4347,0.6514
6954,0.0673,0.6909156441688538,0.5772321224212646,0.4848,0.4062,0.6873,0.489,0.4261,0.6356
6955,0.0774,0.6980028748512268,0.5339285731315613,0.4862,0.404,0.6873,0.4909,0.4308,0.632
6956,0.0802,0.699379026889801,0.5120535492897034,0.4875,0.3974,0.6905,0.4917,0.4325,0.6147
6957,0.0793,0.6923202872276306,0.5772321224212646,0.4889,0.4106,0.6865,0.4892,0.432,0.6426
6958,0.081,0.6937668919563293,0.5473214387893677,0.4903,0.4074,0.6873,0.4889,0.43,0.635
6959,0.0721,0.6969236731529236,0.5330356955528259,0.4916,0.4105,0.6865,0.4915,0.4429,0.64
6960,0.0703,0.7036837339401245,0.4754464328289032,0.4928,0.408,0.6874,0.4889,0.431,0.636
6961,0.0758,0.6956801414489746,0.5339285731315613,0.4941,0.4057,0.687,0.4892,0.4254,0.6344
6962,0.0854,0.6945387721061707,0.5508928298950195,0.4956,0.3997,0.69,0.4905,0.4324,0.6152
6963,0.0818,0.6941592693328857,0.5611607432365417,0.497,0.405,0.6874,0.4892,0.4257,0.6338
6964,0.0806,0.693374752998352,0.5633928775787354,0.4984,0.4167,0.6848,0.4897,0.4392,0.6542
6965,0.0822,0.6909066438674927,0.5790178775787354,0.4999,0.3952,0.6897,0.4904,0.4238,0.6128
6966,0.0767,0.696670413017273,0.5375000238418579,0.5012,0.4062,0.6871,0.4916,0.4385,0.6354
6967,0.0832,0.6966866254806519,0.5348214507102966,0.5026,0.4146,0.6857,0.4851,0.4266,0.6472
6968,0.0713,0.6903842687606812,0.590624988079071,0.5039,0.407,0.687,0.4906,0.4338,0.636
6969,0.0766,0.7027795314788818,0.4745535850524902,0.5052,0.405,0.6869,0.4897,0.4256,0.6367
6970,0.0748,0.7022849917411804,0.4714285731315613,0.5065,0.3946,0.6915,0.4905,0.4266,0.6074
6971,0.0732,0.6928389668464661,0.5517857074737549,0.5077,0.4004,0.6891,0.4874,0.4188,0.6193
6972,0.0789,0.6994585990905762,0.5223214030265808,0.5091,0.4026,0.6889,0.4866,0.4221,0.6184
6973,0.0809,0.6948392391204834,0.5584821701049805,0.5105,0.4065,0.6875,0.4915,0.4373,0.6361
6974,0.0829,0.6946625113487244,0.5589285492897034,0.512,0.3962,0.6895,0.4901,0.4244,0.613
6975,0.0838,0.6956180334091187,0.5236607193946838,0.5134,0.4125,0.6856,0.491,0.4382,0.6496
6976,0.0807,0.6960414052009583,0.5419642925262451,0.5148,0.4054,0.6874,0.4892,0.4291,0.6317
6977,0.0778,0.6967338919639587,0.5214285850524902,0.5162,0.4063,0.6871,0.4887,0.4252,0.6372
6978,0.0786,0.6915373802185059,0.5741071701049805,0.5175,0.4001,0.6891,0.4908,0.4311,0.6194
6979,0.0734,0.6953957676887512,0.5223214030265808,0.5188,0.4116,0.6858,0.4898,0.4373,0.6433
6980,0.0798,0.7002666592597961,0.5022321343421936,0.5202,0.4115,0.6858,0.4923,0.445,0.6454
6981,0.0796,0.6900156736373901,0.581250011920929,0.5216,0.4066,0.6873,0.4889,0.4273,0.635
6982,0.079,0.6993140578269958,0.5165178775787354,0.5229,0.405,0.6873,0.4886,0.4245,0.6335
6983,0.0819,0.6946051716804504,0.5553571581840515,0.5244,0.4143,0.6852,0.4895,0.4376,0.6492
6984,0.0802,0.7021315693855286,0.5058035850524902,0.5257,0.3857,0.693,0.4888,0.4164,0.5845
6985,0.0889,0.697845995426178,0.5290178656578064,0.5273,0.3991,0.6884,0.4888,0.4169,0.6226
6986,0.0781,0.6948660016059875,0.5401785969734192,0.5287,0.4082,0.687,0.4901,0.4345,0.6365
6987,0.0793,0.6960861682891846,0.5375000238418579,0.5301,0.4121,0.6868,0.4857,0.4249,0.6411
6988,0.0776,0.6936762928962708,0.5602678656578064,0.5314,0.4117,0.6859,0.4898,0.4337,0.647
6989,0.0795,0.70035320520401,0.496874988079071,0.5328,0.4109,0.6863,0.492,0.4435,0.6441
6990,0.0812,0.6930127739906311,0.5580357313156128,0.5342,0.4027,0.6883,0.4912,0.4382,0.6216
6991,0.0778,0.6919093132019043,0.5799106955528259,0.5355,0.4094,0.6863,0.4887,0.4295,0.6411
6992,0.0815,0.6942696571350098,0.5616071224212646,0.537,0.4159,0.6845,0.491,0.4415,0.6569
6993,0.0812,0.6966609954833984,0.5486606955528259,0.5384,0.4163,0.6846,0.49,0.439,0.6566
6994,0.0819,0.6992097496986389,0.5245535969734192,0.5398,0.4124,0.6848,0.4902,0.4333,0.6513
6995,0.0836,0.6978771686553955,0.5258928537368774,0.5412,0.4072,0.6878,0.4873,0.4246,0.6323
6996,0.0682,0.6972265243530273,0.5245535969734192,0.5424,0.4012,0.6895,0.4882,0.4256,0.6177
6997,0.0802,0.6910957098007202,0.5714285969734192,0.5438,0.3973,0.6899,0.4903,0.4253,0.6151
6998,0.1185,0.6935679912567139,0.5642856955528259,0.5459,0.4133,0.6847,0.4896,0.4319,0.6538
6999,0.0799,0.6964207291603088,0.5223214030265808,0.5473,0.4023,0.6889,0.4895,0.4262,0.6233
7000,0.074,0.6935639977455139,0.5477678775787354,0.5485,0.4189,0.6835,0.4899,0.4372,0.6665
7001,0.0783,0.686552882194519,0.6133928298950195,0.5499,0.3961,0.6904,0.4889,0.4188,0.6124
7002,0.0779,0.6967838406562805,0.5379464030265808,0.5512,0.4018,0.6877,0.49,0.4249,0.6271
7003,0.0801,0.6947978138923645,0.5486606955528259,0.5526,0.4127,0.6858,0.4901,0.4372,0.6468
7004,0.0819,0.6904704570770264,0.5915178656578064,0.554,0.4101,0.6861,0.4904,0.4347,0.6446
7005,0.0823,0.7009363174438477,0.503125011920929,0.5555,0.4055,0.6876,0.4901,0.4323,0.6301
7006,0.0787,0.6964800357818604,0.5294643044471741,0.5568,0.4039,0.6887,0.4902,0.4346,0.6239
7007,0.0831,0.7007411122322083,0.5040178298950195,0.5583,0.4036,0.6878,0.488,0.4215,0.6311
7008,0.083,0.6932567954063416,0.5714285969734192,0.5597,0.4071,0.6864,0.4891,0.4242,0.6422
7009,0.082,0.6961880326271057,0.5348214507102966,0.5611,0.41,0.685,0.4919,0.4409,0.6461
7010,0.0837,0.6928015947341919,0.5566964149475098,0.5626,0.3987,0.6908,0.4876,0.423,0.6082
7011,0.0654,0.6917089223861694,0.5816964507102966,0.5638,0.4073,0.687,0.4898,0.4308,0.6384
7012,0.0762,0.695793628692627,0.5540178418159485,0.5651,0.3975,0.6897,0.4886,0.4209,0.6135
7013,0.0792,0.6955817937850952,0.5508928298950195,0.5665,0.4053,0.688,0.488,0.4244,0.6299
7014,0.0763,0.6937375068664551,0.5625,0.5678,0.403,0.6875,0.4906,0.4265,0.6339
7015,0.0721,0.6988833546638489,0.5120535492897034,0.569,0.4047,0.6873,0.4884,0.4256,0.6298
7016,0.075,0.6956469416618347,0.5325892567634583,0.5703,0.4084,0.6856,0.4913,0.4356,0.6446
7017,0.08,0.6930860280990601,0.5638392567634583,0.5717,0.4117,0.6867,0.4865,0.4296,0.6374
7018,0.078,0.6973982453346252,0.5249999761581421,0.5731,0.4073,0.6871,0.4894,0.4287,0.6368
7019,0.0796,0.6981827020645142,0.5075892806053162,0.5744,0.4019,0.6885,0.4904,0.4266,0.6275
7020,0.0799,0.6963037848472595,0.5214285850524902,0.5758,0.4021,0.6875,0.4896,0.4206,0.6312
7021,0.0812,0.6951577067375183,0.5375000238418579,0.5772,0.4053,0.6872,0.4893,0.42,0.642
7022,0.0692,0.6897233128547668,0.5928571224212646,0.5785,0.4074,0.6873,0.4885,0.4272,0.6354
7023,0.0862,0.6992194056510925,0.4919642806053161,0.58,0.4126,0.6857,0.4893,0.4349,0.6479
7024,0.0759,0.6906619668006897,0.5888392925262451,0.5813,0.4024,0.689,0.4883,0.4261,0.6213
7025,0.0795,0.6953897476196289,0.5633928775787354,0.5827,0.4173,0.6836,0.4903,0.4386,0.6631
7026,0.0825,0.6959754824638367,0.550000011920929,0.5841,0.4094,0.6854,0.489,0.4249,0.6484
7027,0.0812,0.6945840716362,0.5540178418159485,0.5855,0.4119,0.6867,0.4896,0.4377,0.6407
7028,0.0801,0.6948583126068115,0.5580357313156128,0.5869,0.4162,0.685,0.4895,0.4385,0.6524
7029,0.0817,0.6956444382667542,0.5406249761581421,0.5883,0.4012,0.6883,0.4904,0.4279,0.6253
7030,0.0797,0.6920645833015442,0.5696428418159485,0.5897,0.4043,0.687,0.4899,0.4253,0.6356
7031,0.0774,0.6943924427032471,0.5575892925262451,0.591,0.3972,0.6887,0.4905,0.4182,0.624
7032,0.0793,0.6923331618309021,0.5651785731315613,0.5924,0.4055,0.6868,0.4907,0.429,0.6395
7033,0.077,0.698975682258606,0.5200892686843872,0.5937,0.409,0.6873,0.4896,0.434,0.6374
7034,0.0667,0.7012225389480591,0.503125011920929,0.5949,0.4048,0.6883,0.4887,0.4258,0.6303
7035,0.0808,0.6951102018356323,0.5531250238418579,0.5963,0.4077,0.6868,0.4885,0.427,0.638
7036,0.0804,0.6981543302536011,0.5209821462631226,0.5977,0.4098,0.6857,0.4905,0.433,0.6473
7037,0.0804,0.6907097697257996,0.5808035731315613,0.5991,0.4048,0.6878,0.4899,0.4292,0.6332
7038,0.0804,0.6948990225791931,0.5540178418159485,0.6005,0.414,0.6851,0.4875,0.4296,0.6518
7039,0.0788,0.7008753418922424,0.499107152223587,0.6019,0.4102,0.6856,0.4911,0.4327,0.6515
7040,0.1026,0.6891323924064636,0.609375,0.6036,0.4151,0.6842,0.4897,0.4344,0.6587
7041,0.095,0.6948654055595398,0.5406249761581421,0.6053,0.3976,0.6893,0.4922,0.4323,0.6179
7042,0.1506,0.6912482976913452,0.5852678418159485,0.6078,0.3965,0.6897,0.4895,0.42,0.615
7043,0.0976,0.6916133165359497,0.5723214149475098,0.6095,0.3987,0.6896,0.4873,0.4149,0.617
7044,0.0805,0.6952371001243591,0.5491071343421936,0.6109,0.4039,0.6873,0.4886,0.4177,0.636
7045,0.101,0.694996178150177,0.5495535731315613,0.6126,0.4067,0.6872,0.4895,0.431,0.6346
7046,0.2024,0.7002810835838318,0.5147321224212646,0.6161,0.4111,0.6853,0.4902,0.433,0.65
7047,0.144,0.6953585743904114,0.543749988079071,0.6186,0.4109,0.6859,0.4903,0.4351,0.6477
7048,0.1816,0.6907406449317932,0.5830357074737549,0.6217,0.408,0.6866,0.4901,0.43,0.6413
7049,0.1191,0.6921218037605286,0.581250011920929,0.6237,0.4003,0.6891,0.4906,0.4306,0.6193
7050,0.0861,0.7005255818367004,0.5084821581840515,0.6252,0.4083,0.6871,0.4877,0.4255,0.6372
7051,0.0795,0.6876477003097534,0.6058035492897034,0.6266,0.3978,0.6896,0.4884,0.4182,0.6153
7052,0.0831,0.7046543955802917,0.4830357134342193,0.628,0.4116,0.6863,0.4908,0.4404,0.6419
7053,0.072,0.6912868022918701,0.5598214268684387,0.6293,0.4161,0.6839,0.4917,0.4445,0.6586
7054,0.078,0.6942993402481079,0.5687500238418579,0.6306,0.403,0.6885,0.4875,0.4214,0.6243
7055,0.0759,0.6957482695579529,0.5321428775787354,0.6319,0.4003,0.6892,0.4893,0.4263,0.6177
7056,0.0782,0.697605550289154,0.5147321224212646,0.6333,0.4016,0.6886,0.487,0.4144,0.6265
7057,0.0779,0.6969482898712158,0.5357142686843872,0.6346,0.4059,0.6868,0.49,0.4293,0.6355
7058,0.0932,0.6959216594696045,0.5455357432365417,0.6363,0.406,0.6872,0.4875,0.425,0.6312
7059,0.1387,0.6996524930000305,0.5084821581840515,0.6387,0.4101,0.6856,0.4913,0.4358,0.6473
7060,0.139,0.6925982236862183,0.5691964030265808,0.641,0.4117,0.6857,0.4906,0.4386,0.6448
7062,0.5124,0.6955878138542175,0.5348214507102966,0.0085,0.4112,0.6854,0.4912,0.4352,0.6499
7063,0.205,0.6930127143859863,0.5647321343421936,0.012,0.4112,0.686,0.4901,0.436,0.6445
7064,0.1805,0.6955446600914001,0.5375000238418579,0.0151,0.4012,0.6885,0.4901,0.4248,0.6262
7065,0.0972,0.6976292133331299,0.528124988079071,0.0168,0.4164,0.6845,0.4916,0.4445,0.6578
7066,0.1209,0.6911445260047913,0.5883928537368774,0.0188,0.4009,0.6891,0.4887,0.4255,0.6193
7067,0.1196,0.696399450302124,0.5348214507102966,0.0209,0.4022,0.6878,0.4898,0.4263,0.6275
7068,0.118,0.6956039071083069,0.5348214507102966,0.0229,0.3985,0.6887,0.4912,0.424,0.6243
7069,0.0939,0.6952158212661743,0.528124988079071,0.0245,0.4144,0.6847,0.4912,0.4408,0.6551
7070,0.0795,0.701499879360199,0.5035714507102966,0.0259,0.3988,0.69,0.4882,0.425,0.6099
7071,0.082,0.6929324269294739,0.5513392686843872,0.0273,0.409,0.6861,0.489,0.4295,0.6425
7072,0.0868,0.6892725229263306,0.5767857432365417,0.0288,0.4057,0.6874,0.4895,0.4312,0.6317
7073,0.0711,0.6980935335159302,0.53125,0.03,0.413,0.6865,0.4886,0.4367,0.6407
7074,0.0759,0.6982285380363464,0.5227678418159485,0.0314,0.407,0.6884,0.4875,0.4273,0.6289
7075,0.0771,0.695128858089447,0.5357142686843872,0.0327,0.4065,0.6871,0.4903,0.4309,0.6375
7076,0.0725,0.6896047592163086,0.5919643044471741,0.0339,0.4103,0.6855,0.492,0.4385,0.6491
7077,0.0696,0.6925229430198669,0.5620535612106323,0.0352,0.4112,0.6866,0.4878,0.4328,0.636
7078,0.0757,0.6973249316215515,0.5138393044471741,0.0365,0.4051,0.687,0.4915,0.4325,0.6365
7079,0.0768,0.6905911564826965,0.5924107432365417,0.0378,0.4039,0.6861,0.4925,0.4306,0.6427
7080,0.0776,0.6954806447029114,0.546875,0.0391,0.419,0.6836,0.4913,0.446,0.663
7081,0.0734,0.7031329274177551,0.4986607134342193,0.0404,0.4007,0.6889,0.4881,0.4195,0.6223
7082,0.0792,0.6922531723976135,0.578125,0.0418,0.4125,0.6851,0.4906,0.4373,0.6493
7083,0.0769,0.6970983743667603,0.5299107432365417,0.0432,0.4076,0.688,0.4906,0.4387,0.6302
7084,0.0827,0.6987068057060242,0.5294643044471741,0.0446,0.4107,0.6853,0.4903,0.4329,0.6489
7085,0.0801,0.694809079170227,0.550000011920929,0.046,0.406,0.6869,0.4905,0.4319,0.6362
7086,0.083,0.6985021829605103,0.5102678537368774,0.0474,0.4127,0.6854,0.4884,0.4328,0.6462
7087,0.079,0.698940634727478,0.5169642567634583,0.0488,0.4062,0.688,0.4917,0.4406,0.6303
7088,0.0803,0.6892485022544861,0.5892857313156128,0.0502,0.4049,0.6885,0.4897,0.4342,0.6241
7089,0.0825,0.6906091570854187,0.5794642567634583,0.0516,0.4162,0.684,0.4926,0.4473,0.6602
7090,0.0778,0.6921395659446716,0.5808035731315613,0.0529,0.408,0.6868,0.4892,0.4287,0.6398
7091,0.0762,0.6943325400352478,0.5558035969734192,0.0543,0.4006,0.688,0.4913,0.4265,0.6296
7092,0.0722,0.6897065043449402,0.5919643044471741,0.0555,0.4024,0.6891,0.4895,0.428,0.6227
7093,0.0812,0.6973443031311035,0.5375000238418579,0.0569,0.4025,0.6871,0.4894,0.4246,0.6291
7094,0.0722,0.6916452050209045,0.5767857432365417,0.0582,0.3951,0.6903,0.4893,0.4154,0.6128
7095,0.0733,0.6952905058860779,0.5406249761581421,0.0595,0.4087,0.6865,0.49,0.4293,0.6433
7096,0.0748,0.6985912919044495,0.5223214030265808,0.0608,0.4064,0.6878,0.4871,0.4234,0.6295
7097,0.0817,0.7009153962135315,0.5026785731315613,0.0622,0.4059,0.6879,0.4884,0.4272,0.6306
7098,0.0726,0.7009240388870239,0.499107152223587,0.0635,0.4097,0.6868,0.4877,0.426,0.6409
7099,0.0783,0.694027304649353,0.5459821224212646,0.0648,0.4001,0.6893,0.4892,0.4232,0.6198
7100,0.0763,0.6941251158714294,0.5553571581840515,0.0661,0.4113,0.6857,0.4918,0.4424,0.6466
7101,0.0765,0.6951280236244202,0.5526785850524902,0.0675,0.4096,0.6869,0.4881,0.4315,0.6351
7102,0.0751,0.6951939463615417,0.5544642806053162,0.0688,0.404,0.6873,0.49,0.4278,0.6332
7103,0.0734,0.6961602568626404,0.5357142686843872,0.07,0.3989,0.689,0.4891,0.4207,0.6196
7104,0.092,0.6939371228218079,0.5571428537368774,0.0716,0.4014,0.6887,0.4886,0.424,0.6217
7105,0.0914,0.6920167207717896,0.5834821462631226,0.0732,0.3972,0.6894,0.4906,0.4223,0.6201
7106,0.0845,0.7001293897628784,0.4950892925262451,0.0747,0.405,0.6885,0.49,0.4336,0.6257
7107,0.0731,0.6971889138221741,0.5321428775787354,0.0759,0.4055,0.6862,0.4908,0.4256,0.6436
7108,0.0755,0.692440927028656,0.5767857432365417,0.0772,0.4065,0.6873,0.4924,0.443,0.6329
7109,0.0756,0.6949695944786072,0.5513392686843872,0.0786,0.4082,0.6869,0.4894,0.4319,0.6376
7110,0.0747,0.6937327980995178,0.5477678775787354,0.0799,0.3998,0.6885,0.4891,0.4219,0.6212
7111,0.0748,0.6939169764518738,0.559374988079071,0.0812,0.397,0.69,0.4893,0.4168,0.6186
7112,0.0778,0.6992550492286682,0.515625,0.0825,0.4036,0.6892,0.4885,0.429,0.6203
7113,0.0735,0.6979705691337585,0.5330356955528259,0.0838,0.403,0.6879,0.4867,0.4177,0.6262
7114,0.0756,0.6958675384521484,0.5482142567634583,0.0851,0.4099,0.6866,0.4881,0.4308,0.6376
7115,0.077,0.6950696706771851,0.5375000238418579,0.0864,0.4017,0.6887,0.4908,0.4299,0.6269
7116,0.0816,0.6986990571022034,0.5075892806053162,0.0878,0.4038,0.6879,0.49,0.431,0.6267
7117,0.0754,0.6962509155273438,0.5392857193946838,0.0891,0.4088,0.6867,0.489,0.4312,0.6378
7118,0.0718,0.6970686316490173,0.5321428775787354,0.0904,0.3964,0.69,0.4901,0.4206,0.6167
7119,0.0719,0.6985321044921875,0.518750011920929,0.0916,0.4076,0.6857,0.492,0.4321,0.6496
7120,0.0726,0.6926657557487488,0.5696428418159485,0.0929,0.4022,0.6892,0.4899,0.4308,0.6209
7121,0.0744,0.6970930695533752,0.5223214030265808,0.0942,0.4066,0.6866,0.4903,0.4311,0.6373
7122,0.0787,0.7000472545623779,0.4995535612106323,0.0955,0.4179,0.6844,0.4916,0.4495,0.654
7123,0.0742,0.6985277533531189,0.5339285731315613,0.0968,0.4055,0.6877,0.4911,0.436,0.6298
7124,0.0734,0.6950810551643372,0.559374988079071,0.0981,0.4043,0.6887,0.4869,0.4239,0.6226
7125,0.0773,0.6929336786270142,0.5513392686843872,0.0994,0.4139,0.6843,0.4904,0.4376,0.6539
7126,0.0728,0.693251371383667,0.5616071224212646,0.1007,0.4144,0.6853,0.4847,0.4253,0.6461
7127,0.073,0.6965886950492859,0.5410714149475098,0.102,0.416,0.6853,0.4869,0.434,0.6477
7128,0.0808,0.6946390271186829,0.5553571581840515,0.1034,0.4109,0.6865,0.4893,0.4357,0.6383
7129,0.0777,0.6961679458618164,0.5424107313156128,0.1048,0.4037,0.6872,0.4901,0.427,0.6328
7130,0.0754,0.6951485276222229,0.550000011920929,0.1061,0.4028,0.688,0.4876,0.4187,0.6283
7131,0.0786,0.6908904314041138,0.5709821581840515,0.1074,0.3962,0.6899,0.4908,0.4248,0.6165
7132,0.0787,0.6996378302574158,0.5183035731315613,0.1088,0.3928,0.691,0.4903,0.4212,0.6069
7133,0.08,0.6955134868621826,0.5276785492897034,0.1102,0.3981,0.6892,0.4894,0.4177,0.622
7134,0.0888,0.6933503150939941,0.5687500238418579,0.1117,0.4082,0.6859,0.4889,0.4252,0.6435
7135,0.0879,0.6960763335227966,0.5334821343421936,0.1132,0.4105,0.6858,0.488,0.4269,0.6445
7136,0.0751,0.6935636401176453,0.5705357193946838,0.1145,0.4079,0.6863,0.4913,0.4301,0.6472
7137,0.0763,0.6979325413703918,0.5138393044471741,0.1159,0.4116,0.6863,0.4901,0.4378,0.6424
7138,0.0795,0.6857613921165466,0.612500011920929,0.1172,0.3951,0.6902,0.4899,0.4207,0.6122
7139,0.0899,0.6922891736030579,0.565625011920929,0.1188,0.4112,0.6854,0.4908,0.435,0.6504
7140,0.078,0.6923612952232361,0.5736607313156128,0.1202,0.4059,0.6873,0.489,0.4279,0.6328
7141,0.075,0.6873064041137695,0.6223214268684387,0.1215,0.4027,0.6888,0.486,0.4203,0.6206
7142,0.0698,0.695156455039978,0.5424107313156128,0.1227,0.4053,0.6868,0.4906,0.4289,0.637
7143,0.0802,0.6931060552597046,0.5691964030265808,0.1241,0.4076,0.6874,0.4872,0.4283,0.629
7144,0.0691,0.6947385668754578,0.5580357313156128,0.1253,0.4071,0.6875,0.488,0.4272,0.6322
7145,0.08,0.6944737434387207,0.5486606955528259,0.1267,0.3977,0.6893,0.4897,0.421,0.6181
7146,0.0819,0.6933559775352478,0.5616071224212646,0.1281,0.4108,0.6868,0.4887,0.4338,0.6403
7147,0.0811,0.6980133056640625,0.5183035731315613,0.1295,0.4013,0.6876,0.4919,0.4304,0.6308
7148,0.0742,0.6951772570610046,0.5705357193946838,0.1308,0.4138,0.6851,0.4892,0.4367,0.6476
7149,0.0732,0.6927294731140137,0.5736607313156128,0.1321,0.402,0.6876,0.488,0.4148,0.6307
7150,0.0732,0.697958767414093,0.518750011920929,0.1333,0.4065,0.6873,0.4913,0.4343,0.6384
7151,0.0799,0.6930193305015564,0.5517857074737549,0.1347,0.4018,0.6871,0.4915,0.4272,0.6337
7152,0.0825,0.6961468458175659,0.5294643044471741,0.1362,0.4104,0.6862,0.4882,0.4271,0.6443
7153,0.0807,0.694205641746521,0.5495535731315613,0.1375,0.4078,0.6873,0.489,0.4301,0.6359
7154,0.078,0.6951596736907959,0.5352678298950195,0.1389,0.4058,0.6882,0.4885,0.4274,0.6289
7155,0.0766,0.6891300678253174,0.6031249761581421,0.1402,0.3997,0.6884,0.49,0.4244,0.623
7156,0.0772,0.6957131028175354,0.53125,0.1416,0.4004,0.6886,0.4887,0.4219,0.6216
7157,0.0766,0.70265793800354,0.4973214268684387,0.1429,0.4065,0.6874,0.491,0.4366,0.6337
7158,0.0777,0.69711834192276,0.5419642925262451,0.1442,0.411,0.687,0.4895,0.4363,0.6383
7159,0.0775,0.6936657428741455,0.5669642686843872,0.1456,0.3985,0.6899,0.4898,0.4261,0.6151
7160,0.0895,0.6927987337112427,0.5589285492897034,0.1471,0.4073,0.6868,0.4902,0.4354,0.6335
7161,0.0735,0.6980206370353699,0.5218750238418579,0.1484,0.3977,0.6897,0.4912,0.4239,0.6203
7162,0.0785,0.6970866322517395,0.5433035492897034,0.1498,0.411,0.6868,0.4911,0.4402,0.6405
7163,0.076,0.6939022541046143,0.5598214268684387,0.1511,0.4046,0.6866,0.4912,0.4248,0.6422
7164,0.0773,0.696408212184906,0.5375000238418579,0.1525,0.4053,0.6866,0.4904,0.4262,0.6416
7165,0.0835,0.6896008253097534,0.5830357074737549,0.1539,0.4085,0.6874,0.4901,0.4354,0.6366
7166,0.0781,0.6941343545913696,0.5562499761581421,0.1553,0.4132,0.6847,0.4901,0.434,0.6542
7167,0.0769,0.6982887387275696,0.528124988079071,0.1566,0.412,0.6849,0.49,0.4314,0.653
7168,0.0755,0.7003924250602722,0.5062500238418579,0.1579,0.4037,0.6876,0.4892,0.4251,0.6317
7169,0.0762,0.6961522698402405,0.5415178537368774,0.1592,0.4014,0.6888,0.4895,0.4278,0.6218
7170,0.0752,0.7014451026916504,0.5,0.1605,0.4102,0.6865,0.4911,0.4368,0.6444
7171,0.0772,0.6945706009864807,0.5352678298950195,0.1619,0.4032,0.6883,0.4898,0.4275,0.6291
7172,0.0782,0.6967599391937256,0.5406249761581421,0.1632,0.4092,0.6858,0.4914,0.4364,0.646
7173,0.093,0.6976048350334167,0.5357142686843872,0.1648,0.4048,0.6869,0.4901,0.4268,0.6362
7174,0.0704,0.689710795879364,0.5888392925262451,0.1661,0.4108,0.687,0.4889,0.4375,0.6333
7175,0.071,0.6969661712646484,0.5325892567634583,0.1673,0.4138,0.6857,0.4898,0.4388,0.6468
7176,0.0792,0.6948068737983704,0.5616071224212646,0.1687,0.402,0.6878,0.4895,0.4232,0.6295
7177,0.0731,0.6971315145492554,0.5330356955528259,0.17,0.4078,0.6877,0.4889,0.4345,0.6301
7178,0.0777,0.6986970901489258,0.5093749761581421,0.1713,0.4204,0.6833,0.4899,0.441,0.665
7179,0.0813,0.6936841607093811,0.559374988079071,0.1727,0.4021,0.6884,0.4897,0.4283,0.6241
7180,0.0834,0.6902176737785339,0.5924107432365417,0.1742,0.4059,0.6874,0.4894,0.4292,0.6319
7181,0.0764,0.6943139433860779,0.5486606955528259,0.1755,0.395,0.69,0.4889,0.4168,0.6117
7182,0.0757,0.7015233039855957,0.4776785671710968,0.1768,0.4062,0.6871,0.4871,0.4215,0.6348
7183,0.0752,0.6894693374633789,0.6075893044471741,0.1781,0.4065,0.6881,0.4875,0.4248,0.6305
7184,0.0768,0.6871086955070496,0.6098214387893677,0.1795,0.3973,0.6911,0.4895,0.4285,0.6057
7185,0.0802,0.6981955766677856,0.5236607193946838,0.1808,0.4081,0.6861,0.4917,0.4355,0.6434
7186,0.0823,0.6967822313308716,0.528124988079071,0.1823,0.3994,0.6889,0.4895,0.42,0.6214
7187,0.0805,0.6964540481567383,0.5316964387893677,0.1837,0.4022,0.6885,0.4867,0.4209,0.6202
7188,0.0759,0.6993891596794128,0.5017856955528259,0.185,0.4119,0.6869,0.4896,0.4391,0.6369
7189,0.0787,0.6971151828765869,0.5236607193946838,0.1864,0.3979,0.6889,0.4904,0.4237,0.6201
7190,0.0703,0.6939665675163269,0.5633928775787354,0.1876,0.3986,0.6887,0.4899,0.4207,0.6221
7191,0.0748,0.6908156871795654,0.5732142925262451,0.1889,0.4086,0.6862,0.4903,0.436,0.6384
7192,0.0773,0.6962042450904846,0.5419642925262451,0.1902,0.3983,0.6895,0.489,0.4222,0.6167
7193,0.0781,0.6914307475090027,0.5816964507102966,0.1916,0.3963,0.6898,0.4923,0.4365,0.6129
7194,0.0781,0.6957013010978699,0.5473214387893677,0.193,0.4131,0.686,0.4894,0.4376,0.6441
7195,0.0803,0.6961821913719177,0.5477678775787354,0.1943,0.3973,0.6892,0.491,0.4268,0.6196
7196,0.0767,0.6913991570472717,0.5732142925262451,0.1957,0.4063,0.6874,0.4896,0.4333,0.6302
7197,0.0795,0.6951314806938171,0.5433035492897034,0.197,0.4103,0.6863,0.4881,0.4294,0.6412
7198,0.0763,0.6916984915733337,0.5691964030265808,0.1984,0.4035,0.6884,0.4892,0.4283,0.6266
7199,0.0771,0.6899343132972717,0.5848214030265808,0.1998,0.4012,0.6871,0.491,0.4244,0.6328
7200,0.08,0.70238196849823,0.4910714328289032,0.2011,0.4023,0.6879,0.4896,0.4284,0.6264
7201,0.0762,0.6943036317825317,0.5517857074737549,0.2025,0.4031,0.688,0.4892,0.4255,0.6289
7202,0.0768,0.6955493092536926,0.5285714268684387,0.2038,0.4039,0.6877,0.4915,0.4342,0.6303
7203,0.1194,0.6977315545082092,0.5249999761581421,0.2058,0.4029,0.6877,0.4893,0.4204,0.632
7204,0.1715,0.6904131174087524,0.5866071581840515,0.2088,0.4121,0.6857,0.4906,0.4377,0.648
7205,0.1328,0.692814290523529,0.5513392686843872,0.2111,0.3935,0.6902,0.4885,0.4078,0.6147
7206,0.1221,0.692248523235321,0.5799106955528259,0.2132,0.4136,0.686,0.49,0.4412,0.6436
7207,0.1228,0.6992585062980652,0.5339285731315613,0.2153,0.4068,0.6883,0.4872,0.4285,0.6259
7208,0.1138,0.69170081615448,0.5754464268684387,0.2172,0.4023,0.6879,0.4906,0.4264,0.6305
7209,0.1139,0.69480961561203,0.5410714149475098,0.2192,0.4144,0.6861,0.4888,0.436,0.6474
7210,0.105,0.701828122138977,0.483482152223587,0.221,0.4038,0.6877,0.4889,0.4227,0.6341
7211,0.0995,0.6961789131164551,0.5549107193946838,0.2227,0.4077,0.6869,0.4908,0.4347,0.6372
7212,0.0961,0.6912992596626282,0.5616071224212646,0.2244,0.4078,0.6861,0.49,0.4275,0.6447
7213,0.0947,0.6987917423248291,0.5058035850524902,0.226,0.4051,0.6885,0.4884,0.4297,0.6253
7214,0.0941,0.6869077682495117,0.6089285612106323,0.2276,0.4119,0.6856,0.4896,0.4335,0.6482
7215,0.0977,0.6944688558578491,0.5562499761581421,0.2293,0.4089,0.6853,0.4911,0.4285,0.6524
7216,0.0866,0.6913735270500183,0.5629464387893677,0.2308,0.4174,0.6847,0.4873,0.4351,0.6534
7217,0.0802,0.7021360397338867,0.4866071343421936,0.2322,0.4126,0.6848,0.4912,0.4371,0.6535
7218,0.0823,0.6927914023399353,0.5696428418159485,0.2336,0.3987,0.6896,0.4882,0.4206,0.6154
7219,0.0816,0.6962378621101379,0.5433035492897034,0.235,0.41,0.6851,0.4904,0.4277,0.653
7220,0.0853,0.6872851848602295,0.6133928298950195,0.2365,0.4033,0.6879,0.4895,0.4268,0.6284
7221,0.0831,0.6957877278327942,0.5294643044471741,0.238,0.3942,0.6905,0.4888,0.4176,0.6088
7222,0.0808,0.6941839456558228,0.5607143044471741,0.2393,0.4098,0.6868,0.4882,0.4337,0.6326
7223,0.0809,0.6879028677940369,0.6120535731315613,0.2408,0.4108,0.6868,0.4883,0.4309,0.6403
7224,0.084,0.694308340549469,0.5450893044471741,0.2423,0.3964,0.6899,0.4913,0.4304,0.6134
7225,0.113,0.7009980082511902,0.4950892925262451,0.2442,0.4103,0.6857,0.4914,0.434,0.6501
7226,0.1089,0.692480742931366,0.5584821701049805,0.2461,0.4024,0.6878,0.4903,0.4221,0.6336
7227,0.0957,0.6952331066131592,0.5535714030265808,0.2477,0.4034,0.6872,0.4885,0.4193,0.6327
7228,0.0812,0.6942872405052185,0.5455357432365417,0.2491,0.4009,0.689,0.4894,0.4256,0.6225
7229,0.0782,0.7043572664260864,0.4732142984867096,0.2505,0.4096,0.6872,0.488,0.4314,0.6334
7230,0.0822,0.6945333480834961,0.5549107193946838,0.2519,0.4083,0.6856,0.4908,0.4293,0.6494
7231,0.0764,0.6931789517402649,0.5388392806053162,0.2532,0.4093,0.6864,0.49,0.4333,0.64
7232,0.0791,0.6991999745368958,0.5084821581840515,0.2546,0.4079,0.6862,0.4901,0.429,0.6416
7233,0.0731,0.7003400921821594,0.5142857432365417,0.2559,0.406,0.6876,0.4899,0.4283,0.6349
7234,0.0715,0.6927449107170105,0.5669642686843872,0.2571,0.3906,0.6921,0.4914,0.426,0.6004
7235,0.0824,0.6878073811531067,0.6026785969734192,0.2586,0.405,0.6871,0.4897,0.4293,0.6318
7236,0.0781,0.6986793875694275,0.5133928656578064,0.2599,0.4138,0.6842,0.4915,0.4373,0.659
7237,0.0701,0.6934882998466492,0.5491071343421936,0.2611,0.4089,0.6873,0.4873,0.4285,0.634
7238,0.0821,0.6933830976486206,0.5473214387893677,0.2626,0.4081,0.6871,0.4897,0.4322,0.6376
7239,0.0764,0.6940298080444336,0.546875,0.2639,0.3941,0.6903,0.4905,0.4226,0.6094
7240,0.0819,0.6920718550682068,0.5790178775787354,0.2653,0.4044,0.688,0.4917,0.4373,0.6296
7241,0.0743,0.6983118653297424,0.518750011920929,0.2666,0.416,0.6846,0.4894,0.4364,0.6554
7242,0.0693,0.6953347325325012,0.5383928418159485,0.2678,0.4118,0.6869,0.4896,0.438,0.6392
7243,0.0798,0.6987329721450806,0.5308035612106323,0.2692,0.4041,0.6883,0.4891,0.4291,0.6283
7244,0.0797,0.6992024779319763,0.4928571283817291,0.2706,0.3902,0.6907,0.4921,0.4192,0.6072
7245,0.0683,0.692527174949646,0.5602678656578064,0.2718,0.4011,0.6893,0.4875,0.4214,0.619
7246,0.078,0.7010812163352966,0.4955357015132904,0.2731,0.416,0.6857,0.4888,0.4394,0.6472
7247,0.078,0.6926153898239136,0.5491071343421936,0.2745,0.4056,0.6866,0.4903,0.4303,0.6363
7248,0.0791,0.6907931566238403,0.5736607313156128,0.2759,0.4019,0.688,0.4888,0.4241,0.624
7249,0.0778,0.6959803700447083,0.5383928418159485,0.2772,0.4024,0.6888,0.4902,0.4298,0.623
7250,0.0783,0.6979333758354187,0.5223214030265808,0.2786,0.419,0.6841,0.4896,0.4404,0.6605
7251,0.0786,0.692146897315979,0.5705357193946838,0.2799,0.4143,0.684,0.4926,0.4449,0.6587
7252,0.0757,0.6939541697502136,0.5558035969734192,0.2813,0.3961,0.689,0.4887,0.4131,0.6178
7253,0.0736,0.6926374435424805,0.5584821701049805,0.2825,0.3936,0.6918,0.4876,0.4198,0.5979
7254,0.0702,0.6888837814331055,0.59375,0.2838,0.4063,0.687,0.4884,0.4244,0.6367
7255,0.09,0.6986839771270752,0.5205357074737549,0.2853,0.4013,0.688,0.4934,0.4405,0.6283
7256,0.0778,0.6942135095596313,0.5415178537368774,0.2867,0.3914,0.6912,0.4901,0.4208,0.6023
7257,0.0784,0.6975884437561035,0.5272321701049805,0.288,0.4017,0.6886,0.49,0.4293,0.6228
7258,0.1056,0.7005941867828369,0.5102678537368774,0.2898,0.3975,0.6898,0.4916,0.4342,0.6126
7259,0.1023,0.6928379535675049,0.5611607432365417,0.2917,0.4067,0.6879,0.4878,0.4309,0.6262
7260,0.0761,0.6946813464164734,0.5361607074737549,0.293,0.4027,0.6875,0.4909,0.4245,0.6333
7261,0.0782,0.695173978805542,0.5522321462631226,0.2943,0.3992,0.6896,0.4863,0.4123,0.6175
7262,0.0795,0.6962976455688477,0.546875,0.2957,0.4144,0.6863,0.4892,0.4382,0.6445
7263,0.0765,0.6947433352470398,0.5446428656578064,0.297,0.399,0.6877,0.4903,0.4164,0.6273
7264,0.0822,0.6896812915802002,0.5843750238418579,0.2985,0.4042,0.6884,0.4881,0.4267,0.6234
7265,0.0775,0.6881682872772217,0.5888392925262451,0.2998,0.392,0.6913,0.4887,0.4172,0.6004
7266,0.0813,0.6944414377212524,0.5580357313156128,0.3012,0.4027,0.6894,0.4886,0.4296,0.6171
7267,0.0875,0.6969325542449951,0.5249999761581421,0.3027,0.4102,0.6859,0.4924,0.4429,0.6458
7268,0.0993,0.6932889223098755,0.5580357313156128,0.3044,0.4058,0.687,0.4906,0.4311,0.6362
7269,0.0777,0.6919364333152771,0.5660714507102966,0.3058,0.401,0.6892,0.4889,0.4241,0.6216
7270,0.0725,0.6962568163871765,0.5196428298950195,0.307,0.4045,0.688,0.4909,0.434,0.6294
7271,0.0771,0.7001906037330627,0.5062500238418579,0.3084,0.4044,0.6873,0.4902,0.426,0.636
7272,0.0864,0.6955451369285583,0.5491071343421936,0.3099,0.4058,0.6878,0.4886,0.4303,0.6262
7273,0.0789,0.6994625926017761,0.4941964149475097,0.3113,0.4055,0.6874,0.4908,0.4333,0.6329
7274,0.0827,0.6973583102226257,0.5410714149475098,0.3127,0.4071,0.6869,0.4882,0.4228,0.6394
7275,0.0861,0.6872777938842773,0.5955356955528259,0.3142,0.4157,0.6855,0.4903,0.4413,0.6512
7276,0.0969,0.6902010440826416,0.5669642686843872,0.3159,0.4053,0.6872,0.4886,0.4258,0.6324
7277,0.0775,0.6925985217094421,0.5758928656578064,0.3172,0.3968,0.6895,0.4908,0.4219,0.6191
7278,0.0874,0.6874521970748901,0.6089285612106323,0.3187,0.4147,0.6845,0.4918,0.4418,0.6589
7279,0.0826,0.6945220232009888,0.5526785850524902,0.3202,0.4014,0.6882,0.4912,0.4331,0.6236
7280,0.0851,0.6925392150878906,0.5723214149475098,0.3216,0.4049,0.6868,0.4906,0.427,0.638
7281,0.0864,0.6895195245742798,0.5852678418159485,0.3231,0.4069,0.686,0.4925,0.44,0.641
7282,0.0787,0.697670042514801,0.5232142806053162,0.3245,0.4147,0.6836,0.4902,0.4312,0.6638
7283,0.0818,0.7004553079605103,0.4955357015132904,0.326,0.4043,0.6882,0.488,0.4234,0.6282
7284,0.0806,0.6986821293830872,0.5071428418159485,0.3274,0.4151,0.6844,0.491,0.439,0.6579
7285,0.1531,0.6956003308296204,0.5330356955528259,0.33,0.4142,0.6863,0.4881,0.4365,0.641
7286,0.0956,0.6913650631904602,0.5861607193946838,0.3316,0.4023,0.6886,0.4895,0.4276,0.6245
7287,0.1301,0.6914762258529663,0.5794642567634583,0.3338,0.4082,0.6858,0.4893,0.4262,0.6451
7288,0.0895,0.6897062063217163,0.5933035612106323,0.3354,0.4042,0.6874,0.4908,0.4293,0.633
7289,0.1016,0.6957558393478394,0.5316964387893677,0.3371,0.4132,0.6858,0.4909,0.4412,0.6484
7290,0.076,0.6941893696784973,0.5459821224212646,0.3384,0.4052,0.6864,0.4906,0.4276,0.6393
7291,0.0708,0.6987365484237671,0.5200892686843872,0.3397,0.4163,0.684,0.4912,0.4414,0.6618
7292,0.0769,0.7007551193237305,0.5013392567634583,0.341,0.3965,0.6905,0.4908,0.431,0.6077
7293,0.0777,0.6960585713386536,0.5482142567634583,0.3424,0.3948,0.6901,0.4885,0.4133,0.6105
7294,0.0753,0.6945513486862183,0.550000011920929,0.3437,0.4085,0.6861,0.4886,0.4253,0.6426
7295,0.0797,0.6959753036499023,0.5348214507102966,0.3451,0.4084,0.6862,0.4907,0.433,0.6418
7296,0.0791,0.6935726404190063,0.5732142925262451,0.3465,0.407,0.6881,0.4856,0.4217,0.6295
7297,0.0769,0.6920035481452942,0.5691964030265808,0.3478,0.4163,0.685,0.4894,0.4386,0.6518
7298,0.0797,0.6987234950065613,0.5294643044471741,0.3492,0.4085,0.6865,0.4911,0.4358,0.6427
7299,0.0747,0.6924486756324768,0.5638392567634583,0.3505,0.4041,0.6878,0.4886,0.4277,0.6267
7300,0.0823,0.6999722123146057,0.5,0.3519,0.4098,0.6851,0.4924,0.4376,0.6521
7301,0.0789,0.6873792409896851,0.6058035492897034,0.3533,0.4097,0.6872,0.4876,0.4307,0.6346
7302,0.0733,0.6955360174179077,0.5415178537368774,0.3545,0.4078,0.6873,0.4913,0.4424,0.6325
7303,0.0765,0.6937142014503479,0.5839285850524902,0.3559,0.4046,0.687,0.4881,0.4183,0.6362
7304,0.0744,0.6988441348075867,0.5205357074737549,0.3572,0.4084,0.6877,0.4874,0.4271,0.6349
7305,0.0791,0.6952329874038696,0.534375011920929,0.3585,0.4093,0.6862,0.489,0.4298,0.6407
7306,0.075,0.7021855115890503,0.4758928716182709,0.3598,0.4038,0.6889,0.4891,0.4285,0.6254
7307,0.0782,0.6969232559204102,0.5415178537368774,0.3612,0.4099,0.6875,0.4881,0.4306,0.6352
7308,0.0772,0.6986023783683777,0.5147321224212646,0.3626,0.4048,0.688,0.4885,0.4224,0.6343
7309,0.0796,0.698264479637146,0.5165178775787354,0.364,0.4098,0.6868,0.4865,0.4244,0.6391
7310,0.0817,0.6928974986076355,0.5678571462631226,0.3654,0.4082,0.6863,0.492,0.4389,0.6419
7311,0.0706,0.6997353434562683,0.503125011920929,0.3666,0.4079,0.6865,0.4884,0.4272,0.6375
7312,0.079,0.691112756729126,0.5785714387893677,0.368,0.4076,0.6862,0.4903,0.4283,0.6445
7313,0.0749,0.7015168070793152,0.499107152223587,0.3693,0.4019,0.6883,0.4904,0.4276,0.6276
7314,0.0769,0.6947269439697266,0.5455357432365417,0.3706,0.4052,0.688,0.4886,0.4287,0.6276
7315,0.0709,0.6925032734870911,0.5687500238418579,0.3718,0.3981,0.69,0.4874,0.4157,0.6142
7316,0.0758,0.6899958848953247,0.5808035731315613,0.3732,0.4079,0.6868,0.4903,0.4353,0.636
7317,0.0759,0.7015483975410461,0.5008928775787354,0.3745,0.4063,0.687,0.4896,0.4289,0.6362
7318,0.0745,0.6921637654304504,0.5808035731315613,0.3758,0.4066,0.6871,0.4925,0.4397,0.6368
7319,0.0797,0.6954623460769653,0.5397321581840515,0.3772,0.3901,0.6913,0.4895,0.4107,0.6045
7320,0.0762,0.6913891434669495,0.5758928656578064,0.3785,0.4096,0.6868,0.4874,0.4245,0.6408
7321,0.0767,0.6960493922233582,0.5316964387893677,0.3798,0.4022,0.6877,0.4894,0.4236,0.6289
7322,0.0756,0.6986315250396729,0.5084821581840515,0.3812,0.4028,0.6886,0.49,0.4275,0.6281
7323,0.0761,0.7010878920555115,0.4959821403026581,0.3825,0.4003,0.6888,0.4906,0.4268,0.6241
7324,0.0745,0.6945911645889282,0.5598214268684387,0.3838,0.3999,0.6879,0.491,0.4208,0.6309
7325,0.0771,0.6974838376045227,0.5218750238418579,0.3851,0.4046,0.6878,0.4883,0.422,0.6322
7326,0.0776,0.6921365857124329,0.5611607432365417,0.3865,0.4044,0.6869,0.491,0.4278,0.6394
7327,0.0726,0.6960866451263428,0.5191964507102966,0.3877,0.4119,0.6848,0.4921,0.4387,0.6557
7328,0.0764,0.700249433517456,0.5049107074737549,0.389,0.4063,0.6881,0.488,0.4307,0.6256
7329,0.0745,0.6972233653068542,0.5316964387893677,0.3903,0.4085,0.6865,0.4922,0.4376,0.6442
7330,0.0774,0.6913921236991882,0.5834821462631226,0.3917,0.4033,0.6875,0.4896,0.4215,0.6341
7331,0.0748,0.6924562454223633,0.581250011920929,0.393,0.4112,0.6855,0.4906,0.4349,0.6498
7332,0.0772,0.70014888048172,0.5044642686843872,0.3944,0.4034,0.6876,0.4887,0.4211,0.6302
7333,0.0725,0.6980746984481812,0.5276785492897034,0.3956,0.393,0.6911,0.4907,0.4233,0.6052
7334,0.0802,0.6941897869110107,0.5477678775787354,0.397,0.3941,0.6911,0.4886,0.4206,0.6028
7335,0.0768,0.6967445611953735,0.5388392806053162,0.3984,0.4065,0.688,0.4907,0.4376,0.631
7336,0.0761,0.6896543502807617,0.5950892567634583,0.3997,0.4032,0.6882,0.4907,0.432,0.6289
7337,0.0795,0.693964958190918,0.5611607432365417,0.401,0.405,0.6883,0.4875,0.4252,0.6263
7338,0.0815,0.6973832845687866,0.5254464149475098,0.4025,0.403,0.6863,0.4914,0.4243,0.639
7339,0.0755,0.6938884258270264,0.565625011920929,0.4038,0.4017,0.6884,0.4912,0.4245,0.6322
7340,0.0746,0.6927524209022522,0.5589285492897034,0.4051,0.4023,0.6879,0.489,0.4212,0.6291
7341,0.0765,0.7009792923927307,0.5071428418159485,0.4064,0.42,0.6835,0.4908,0.4448,0.6643
7342,0.0755,0.6969614028930664,0.5383928418159485,0.4077,0.4039,0.6879,0.4895,0.4268,0.6308
7343,0.0789,0.6967871785163879,0.5316964387893677,0.4091,0.415,0.6846,0.4925,0.447,0.6555
7344,0.0842,0.6899759769439697,0.5973214507102966,0.4106,0.4101,0.6851,0.4903,0.4313,0.649
7345,0.0786,0.6950207352638245,0.5477678775787354,0.4119,0.4091,0.6876,0.4878,0.4328,0.6301
7346,0.0795,0.6917601823806763,0.5584821701049805,0.4133,0.4047,0.6876,0.4885,0.4266,0.6285
7347,0.0792,0.6963930130004883,0.5473214387893677,0.4147,0.4135,0.684,0.4894,0.4286,0.6597
7348,0.0788,0.6950256824493408,0.5571428537368774,0.4161,0.399,0.689,0.4886,0.4192,0.6202
7349,0.0783,0.6942383646965027,0.5522321462631226,0.4174,0.4066,0.6867,0.4916,0.4345,0.6392
7350,0.077,0.6923079490661621,0.5580357313156128,0.4188,0.408,0.6869,0.4906,0.4319,0.6407
7351,0.0757,0.6939275860786438,0.5625,0.4201,0.4128,0.6859,0.4862,0.4279,0.6425
7352,0.0786,0.6971831321716309,0.5419642925262451,0.4214,0.3973,0.69,0.4891,0.4182,0.6159
7353,0.0799,0.6921796202659607,0.5562499761581421,0.4228,0.404,0.6877,0.4907,0.4283,0.6352
7354,0.085,0.6916511654853821,0.5629464387893677,0.4243,0.3964,0.6894,0.4906,0.4226,0.6166
7355,0.0856,0.6980982422828674,0.5366071462631226,0.4258,0.3997,0.6892,0.4905,0.4251,0.6231
7356,0.0816,0.6976267695426941,0.5258928537368774,0.4272,0.4138,0.6851,0.4905,0.4397,0.6497
7357,0.0761,0.6940060257911682,0.5464285612106323,0.4286,0.4104,0.6869,0.4888,0.4346,0.6369
7358,0.08,0.6998815536499023,0.5035714507102966,0.4299,0.4097,0.6854,0.4915,0.4344,0.6491
7359,0.0876,0.6979320049285889,0.5209821462631226,0.4315,0.4048,0.6882,0.4899,0.4291,0.6315
7360,0.0762,0.6961024403572083,0.528124988079071,0.4328,0.4049,0.6887,0.4876,0.4264,0.6252
7361,0.0766,0.7019578218460083,0.4986607134342193,0.4341,0.3999,0.6887,0.4902,0.4245,0.6226
7362,0.0752,0.6934566497802734,0.5589285492897034,0.4354,0.4077,0.6873,0.4904,0.4367,0.6358
7363,0.0751,0.6960996389389038,0.5361607074737549,0.4367,0.4105,0.6857,0.4914,0.4383,0.6465
7364,0.1071,0.6902519464492798,0.5763393044471741,0.4386,0.4055,0.6879,0.4916,0.4392,0.6312
7365,0.071,0.6909006834030151,0.5991071462631226,0.4398,0.4137,0.6855,0.4889,0.4337,0.6498
7366,0.0772,0.6903716921806335,0.5790178775787354,0.4411,0.4134,0.6844,0.4923,0.441,0.6582
7367,0.0773,0.6913948655128479,0.5660714507102966,0.4425,0.4043,0.6883,0.4878,0.4253,0.6245
7368,0.0744,0.6856330037117004,0.6321428418159485,0.4438,0.413,0.6855,0.4916,0.4416,0.6512
7369,0.075,0.6902945637702942,0.5982142686843872,0.4451,0.4141,0.6847,0.4893,0.4353,0.6507
7370,0.0814,0.7010709643363953,0.5013392567634583,0.4465,0.403,0.6878,0.4896,0.4253,0.6294
7371,0.0759,0.6932953596115112,0.5687500238418579,0.4479,0.4108,0.6868,0.4874,0.431,0.6363
7372,0.0761,0.6924893856048584,0.5736607313156128,0.4492,0.4164,0.6845,0.4894,0.4365,0.6568
7373,0.0789,0.68839430809021,0.6049107313156128,0.4505,0.4067,0.6865,0.4926,0.4414,0.6393
7374,0.0774,0.6897167563438416,0.590624988079071,0.4519,0.4042,0.687,0.4912,0.4268,0.6378
7375,0.0817,0.6999356746673584,0.503125011920929,0.4533,0.4065,0.6872,0.4875,0.4237,0.6336
7376,0.0799,0.6916123628616333,0.578125,0.4547,0.415,0.6853,0.4888,0.4369,0.6482
7377,0.0817,0.6945350170135498,0.5633928775787354,0.4561,0.397,0.69,0.4906,0.4221,0.6176
7378,0.0767,0.6977092623710632,0.5236607193946838,0.4574,0.4057,0.6872,0.4889,0.427,0.6332
7380,0.4502,0.6942870020866394,0.5406249761581421,0.0075,0.4041,0.6877,0.4884,0.4235,0.6305
7381,0.1872,0.6976131796836853,0.512499988079071,0.0107,0.4082,0.6867,0.4905,0.4323,0.642
7382,0.1555,0.6892856955528259,0.5901785492897034,0.0133,0.4065,0.6874,0.4867,0.4202,0.635
7383,0.1084,0.6911122798919678,0.5897321701049805,0.0152,0.4077,0.6865,0.4892,0.4255,0.642
7384,0.1344,0.6957287192344666,0.5392857193946838,0.0175,0.4064,0.6855,0.4902,0.4237,0.6456
7385,0.0905,0.6980378031730652,0.5191964507102966,0.019,0.4001,0.6891,0.4896,0.423,0.6239
7386,0.1973,0.6907267570495605,0.5607143044471741,0.0224,0.4136,0.6847,0.4888,0.4336,0.6497
7387,0.0915,0.6996549963951111,0.4973214268684387,0.024,0.4075,0.6876,0.4908,0.4407,0.629
7388,0.0876,0.699778139591217,0.5116071701049805,0.0255,0.3969,0.6903,0.4904,0.4255,0.6133
7389,0.0872,0.695573627948761,0.5424107313156128,0.027,0.4043,0.6884,0.4877,0.425,0.6247
7390,0.0728,0.6982617378234863,0.5138393044471741,0.0282,0.408,0.6867,0.4887,0.4245,0.642
7391,0.0744,0.6946617960929871,0.559374988079071,0.0295,0.4117,0.6853,0.4919,0.4439,0.6461
7392,0.0812,0.6960682272911072,0.5428571701049805,0.0309,0.4101,0.687,0.4923,0.4445,0.6398
7393,0.0746,0.6952255368232727,0.5370535850524902,0.0322,0.4081,0.6864,0.4887,0.4264,0.6405
7394,0.0821,0.6891387104988098,0.5883928537368774,0.0337,0.4169,0.6844,0.4907,0.4451,0.6532
7395,0.075,0.6968470215797424,0.5321428775787354,0.035,0.4062,0.6877,0.4889,0.4294,0.6309
7396,0.0781,0.6984359622001648,0.5200892686843872,0.0363,0.4066,0.6864,0.4917,0.4352,0.6406
7397,0.0733,0.6920261383056641,0.5825892686843872,0.0376,0.3957,0.6903,0.4894,0.4181,0.6126
7398,0.0813,0.6895532608032227,0.5973214507102966,0.039,0.3928,0.6911,0.4896,0.4187,0.6066
7399,0.0855,0.6947283148765564,0.5285714268684387,0.0405,0.4174,0.6846,0.4884,0.4345,0.6579
7400,0.0746,0.6948605179786682,0.5406249761581421,0.0418,0.411,0.6858,0.4906,0.4375,0.644
7401,0.076,0.6969764232635498,0.5169642567634583,0.0431,0.4142,0.6845,0.4908,0.4369,0.6563
7402,0.0704,0.6954988837242126,0.5433035492897034,0.0443,0.3999,0.6884,0.4884,0.4205,0.6206
7403,0.077,0.6884321570396423,0.5919643044471741,0.0456,0.4123,0.685,0.4891,0.4286,0.6542
7404,0.0727,0.6986927390098572,0.5107142925262451,0.0469,0.4068,0.686,0.4919,0.4334,0.6432
7405,0.0795,0.691281795501709,0.5852678418159485,0.0483,0.3965,0.6907,0.486,0.414,0.6072
7406,0.0776,0.692542552947998,0.5620535612106323,0.0496,0.4105,0.6865,0.4872,0.4282,0.6392
7407,0.0659,0.6921318769454956,0.5723214149475098,0.0508,0.4008,0.6896,0.4892,0.4274,0.617
7408,0.0797,0.6958267092704773,0.53125,0.0521,0.4128,0.686,0.4879,0.4338,0.6416
7409,0.0746,0.6960210800170898,0.546875,0.0534,0.3953,0.6904,0.4881,0.4162,0.6107
7410,0.0783,0.6943352222442627,0.5584821701049805,0.0548,0.4136,0.6849,0.4914,0.443,0.6511
7411,0.08,0.6988768577575684,0.5267857313156128,0.0562,0.4127,0.6848,0.4902,0.4394,0.6476
7412,0.0768,0.6921313405036926,0.5723214149475098,0.0576,0.4158,0.6847,0.4891,0.4368,0.6535
7413,0.0683,0.6898841857910156,0.5928571224212646,0.0588,0.4036,0.6881,0.4875,0.4185,0.6297
7414,0.0755,0.6967144012451172,0.5227678418159485,0.0601,0.4153,0.6852,0.4892,0.436,0.6536
7415,0.0793,0.7000494003295898,0.5183035731315613,0.0614,0.4066,0.6871,0.4886,0.4262,0.6351
7416,0.0703,0.6935945749282837,0.5723214149475098,0.0627,0.4043,0.6877,0.4892,0.4262,0.6301
7417,0.0743,0.6942644715309143,0.5477678775787354,0.0639,0.4019,0.6882,0.4904,0.429,0.6257
7418,0.0768,0.6893943548202515,0.5959821343421936,0.0653,0.4076,0.687,0.4904,0.4353,0.6354
7419,0.0798,0.6943526268005371,0.5392857193946838,0.0667,0.4068,0.6875,0.4874,0.4233,0.6332
7420,0.0784,0.6947836875915527,0.5504464507102966,0.068,0.4139,0.6859,0.4915,0.4451,0.6457
7421,0.0751,0.6921629309654236,0.5745535492897034,0.0693,0.408,0.6867,0.4905,0.4319,0.6397
7422,0.0743,0.693324089050293,0.5665178298950195,0.0707,0.4116,0.6855,0.4893,0.4342,0.6449
7423,0.0801,0.7053306698799133,0.4549107253551483,0.072,0.3952,0.6903,0.4887,0.4144,0.612
7424,0.0813,0.7009912133216858,0.5151785612106323,0.0735,0.4085,0.6865,0.4883,0.4282,0.6376
7425,0.0805,0.6913161277770996,0.5696428418159485,0.0748,0.4046,0.6874,0.4896,0.4298,0.6299
7426,0.0813,0.6930703520774841,0.5482142567634583,0.0762,0.3993,0.6888,0.4866,0.4144,0.6178
7427,0.0729,0.6974220871925354,0.5129464268684387,0.0775,0.4123,0.6857,0.489,0.4317,0.6472
7428,0.0779,0.6980777978897095,0.5035714507102966,0.0789,0.404,0.6872,0.4896,0.4239,0.6357
7429,0.079,0.6960727572441101,0.5446428656578064,0.0802,0.3921,0.6918,0.4886,0.4179,0.5992
7430,0.0754,0.6941021680831909,0.5424107313156128,0.0815,0.4149,0.6845,0.4899,0.434,0.6581
7431,0.0785,0.6965159773826599,0.5352678298950195,0.0829,0.4099,0.6856,0.4898,0.427,0.651
7432,0.0782,0.6946098804473877,0.5526785850524902,0.0843,0.3966,0.6896,0.4898,0.4164,0.6197
7433,0.081,0.6949093341827393,0.5455357432365417,0.0857,0.4011,0.6886,0.4903,0.4274,0.624
7434,0.0782,0.6966432332992554,0.5321428775787354,0.087,0.4094,0.6862,0.4913,0.4366,0.644
7435,0.0734,0.6959225535392761,0.5258928537368774,0.0883,0.403,0.6879,0.4898,0.4299,0.625
7436,0.0777,0.6952935457229614,0.5491071343421936,0.0896,0.4031,0.6884,0.4875,0.4218,0.624
7437,0.0733,0.691329836845398,0.5883928537368774,0.0909,0.4132,0.6853,0.4887,0.4341,0.6474
7438,0.0743,0.6948853731155396,0.5477678775787354,0.0922,0.4036,0.6885,0.4873,0.42,0.6262
7439,0.0732,0.6938768029212952,0.5495535731315613,0.0935,0.4126,0.6864,0.4877,0.4329,0.64
7440,0.0743,0.6956496834754944,0.5388392806053162,0.0948,0.4149,0.6839,0.4923,0.4407,0.6625
7441,0.0769,0.6962264180183411,0.5348214507102966,0.0961,0.4134,0.6856,0.4899,0.4361,0.6501
7442,0.0752,0.6979644894599915,0.5299107432365417,0.0974,0.3998,0.6892,0.4886,0.4253,0.6154
7443,0.0764,0.6977913975715637,0.5227678418159485,0.0987,0.4114,0.6867,0.4922,0.4472,0.6406
7444,0.0753,0.6950020790100098,0.5433035492897034,0.1,0.4113,0.6866,0.4896,0.4374,0.6399
7445,0.0771,0.7055534720420837,0.4691964387893677,0.1014,0.3993,0.6892,0.4892,0.4231,0.6179
7446,0.0806,0.6915864944458008,0.5803571343421936,0.1028,0.4092,0.6872,0.4873,0.4261,0.6383
7447,0.0795,0.6919209361076355,0.5785714387893677,0.1042,0.4118,0.6858,0.4894,0.4385,0.6384
7448,0.0734,0.6989640593528748,0.5223214030265808,0.1054,0.4001,0.6895,0.4895,0.4271,0.6175
7449,0.0682,0.6941843032836914,0.5482142567634583,0.1066,0.4033,0.6877,0.4897,0.4286,0.6274
7450,0.0741,0.6961888670921326,0.5419642925262451,0.1079,0.3993,0.689,0.4898,0.4267,0.6177
7451,0.0765,0.694797933101654,0.5508928298950195,0.1092,0.4083,0.6869,0.4883,0.4283,0.6357
7452,0.0757,0.6974067091941833,0.5258928537368774,0.1106,0.4164,0.6852,0.4868,0.4317,0.6508
7453,0.0813,0.7013670802116394,0.4866071343421936,0.112,0.4061,0.6882,0.4872,0.4268,0.626
7454,0.0773,0.6936324834823608,0.5584821701049805,0.1133,0.4144,0.6841,0.4889,0.4293,0.659
7455,0.0695,0.6954056620597839,0.5383928418159485,0.1145,0.4166,0.6848,0.4891,0.4403,0.6499
7456,0.0755,0.6978845596313477,0.5223214030265808,0.1158,0.4058,0.6873,0.4891,0.428,0.6327
7457,0.0736,0.6929298639297485,0.5540178418159485,0.1171,0.3997,0.6878,0.4871,0.4118,0.6257
7458,0.091,0.6901578903198242,0.5714285969734192,0.1187,0.4042,0.6873,0.4893,0.4252,0.6326
7459,0.093,0.6931402087211609,0.5736607313156128,0.1203,0.4074,0.6875,0.4905,0.4378,0.6313
7460,0.0799,0.6951760649681091,0.5531250238418579,0.1217,0.4162,0.6846,0.4898,0.4379,0.6562
7461,0.0723,0.696423351764679,0.518750011920929,0.1229,0.4025,0.6889,0.4873,0.4231,0.6198
7462,0.0778,0.7020089030265808,0.4995535612106323,0.1243,0.4081,0.6857,0.4912,0.4366,0.64
7463,0.0746,0.6952697038650513,0.5428571701049805,0.1256,0.4027,0.6879,0.4907,0.429,0.6292
7464,0.0757,0.6934243440628052,0.5642856955528259,0.1269,0.4055,0.6876,0.4887,0.4254,0.6325
7465,0.0789,0.688052237033844,0.6120535731315613,0.1283,0.4115,0.6868,0.4887,0.4373,0.6371
7466,0.0781,0.6869449615478516,0.6138392686843872,0.1296,0.4042,0.6878,0.4884,0.4258,0.6285
7467,0.0761,0.6989210844039917,0.5089285969734192,0.1309,0.4079,0.6881,0.4889,0.4355,0.6271
7468,0.0779,0.7029663324356079,0.4825892746448517,0.1323,0.4018,0.6874,0.4896,0.4233,0.6282
7469,0.1084,0.6953230500221252,0.5357142686843872,0.1341,0.401,0.688,0.4898,0.4221,0.6281
7470,0.0765,0.6914272904396057,0.5883928537368774,0.1355,0.4129,0.6848,0.4883,0.4295,0.6501
7471,0.0776,0.6878730654716492,0.6214285492897034,0.1368,0.3879,0.6917,0.4919,0.42,0.601
7472,0.0763,0.6946276426315308,0.5549107193946838,0.1381,0.4127,0.6867,0.4888,0.4369,0.6383
7473,0.0757,0.6972188353538513,0.5397321581840515,0.1395,0.3977,0.6897,0.4892,0.4216,0.6156
7474,0.0808,0.6966162323951721,0.5464285612106323,0.1409,0.4163,0.6846,0.4913,0.4444,0.6545
7475,0.0738,0.701384425163269,0.5102678537368774,0.1421,0.4039,0.6882,0.4872,0.4203,0.6281
7476,0.0766,0.6901084780693054,0.5933035612106323,0.1435,0.4096,0.6868,0.4902,0.4366,0.638
7477,0.0739,0.6943756937980652,0.5638392567634583,0.1447,0.4071,0.687,0.4895,0.4288,0.6372
7478,0.0735,0.6964547634124756,0.543749988079071,0.146,0.4033,0.6874,0.4903,0.4266,0.6326
7479,0.0766,0.6953439712524414,0.5379464030265808,0.1474,0.4025,0.6879,0.4915,0.4318,0.6296
7480,0.0754,0.6967207193374634,0.5339285731315613,0.1487,0.414,0.6857,0.4895,0.4379,0.6475
7481,0.076,0.6952455639839172,0.5531250238418579,0.15,0.4077,0.6869,0.4911,0.436,0.6369
7482,0.0772,0.6997212171554565,0.5191964507102966,0.1514,0.4156,0.6848,0.4891,0.4354,0.6545
7483,0.0772,0.6957682967185974,0.5558035969734192,0.1527,0.4092,0.6863,0.4888,0.4278,0.6416
7484,0.0772,0.6970087289810181,0.5459821224212646,0.154,0.4057,0.6872,0.4885,0.424,0.6348
7485,0.0815,0.686820387840271,0.6151785850524902,0.1555,0.4142,0.6853,0.4876,0.4301,0.6515
7486,0.0771,0.6943143606185913,0.5513392686843872,0.1568,0.3964,0.6897,0.489,0.4167,0.6171
7487,0.0784,0.6918574571609497,0.5861607193946838,0.1581,0.4034,0.6867,0.4876,0.4124,0.6375
7488,0.0875,0.7064725756645203,0.4513392746448517,0.1597,0.4079,0.6863,0.4897,0.4323,0.6383
7489,0.1386,0.6991031765937805,0.5205357074737549,0.162,0.4172,0.6835,0.4896,0.4364,0.6626
7490,0.0707,0.6923856735229492,0.559374988079071,0.1633,0.413,0.6845,0.4897,0.4273,0.6574
7491,0.0795,0.6924451589584351,0.5665178298950195,0.1647,0.3959,0.6896,0.4888,0.4173,0.6136
7492,0.0769,0.6964839100837708,0.5290178656578064,0.166,0.4199,0.6838,0.4906,0.4456,0.6592
7493,0.081,0.6902478933334351,0.5933035612106323,0.1674,0.4064,0.6875,0.49,0.4324,0.6338
7494,0.0818,0.6953088641166687,0.5321428775787354,0.1688,0.4048,0.6877,0.4884,0.4238,0.6308
7495,0.0808,0.6965596079826355,0.5334821343421936,0.1702,0.4029,0.6897,0.4872,0.4275,0.615
7496,0.0823,0.6972236037254333,0.5522321462631226,0.1716,0.4069,0.6874,0.4878,0.4263,0.6323
7497,0.0825,0.6950675845146179,0.5491071343421936,0.1731,0.4096,0.6859,0.49,0.43,0.6454
7498,0.0817,0.6952739953994751,0.5504464507102966,0.1745,0.4039,0.6886,0.4887,0.4268,0.6241
7499,0.0758,0.6971377730369568,0.5218750238418579,0.1758,0.406,0.6871,0.4891,0.4288,0.633
7500,0.0823,0.6864640712738037,0.6200892925262451,0.1772,0.4081,0.6867,0.4905,0.434,0.6397
7501,0.0808,0.6936228275299072,0.5616071224212646,0.1786,0.4047,0.6876,0.4885,0.4247,0.6309
7502,0.0782,0.6939157843589783,0.5669642686843872,0.18,0.4096,0.6867,0.4853,0.4205,0.6375
7503,0.0783,0.6966211199760437,0.5401785969734192,0.1814,0.4008,0.6885,0.4889,0.4233,0.6221
7504,0.0801,0.6946941614151001,0.5486606955528259,0.1828,0.4138,0.6845,0.4914,0.4381,0.6553
7505,0.0788,0.697182834148407,0.5196428298950195,0.1841,0.4067,0.6879,0.4885,0.4299,0.6297
7506,0.0794,0.6998814344406128,0.5116071701049805,0.1855,0.3968,0.6889,0.4891,0.4164,0.6178
7507,0.0779,0.6912928819656372,0.5629464387893677,0.1869,0.4049,0.6871,0.4903,0.426,0.6368
7508,0.0765,0.6968503594398499,0.5464285612106323,0.1882,0.3957,0.6892,0.49,0.423,0.6142
7509,0.0778,0.6901592016220093,0.5816964507102966,0.1895,0.4076,0.6878,0.4877,0.4267,0.6329
7510,0.077,0.6978413462638855,0.5267857313156128,0.1909,0.4108,0.6866,0.4891,0.4352,0.6381
7511,0.078,0.6972781419754028,0.5209821462631226,0.1922,0.4051,0.687,0.4902,0.4299,0.6334
7512,0.0756,0.6909860968589783,0.5754464268684387,0.1935,0.4059,0.6868,0.49,0.4249,0.6404
7513,0.0778,0.6952361464500427,0.5575892925262451,0.1949,0.399,0.6881,0.4914,0.4216,0.6304
7514,0.0798,0.7001882791519165,0.5285714268684387,0.1963,0.4029,0.6881,0.4863,0.4154,0.6274
7515,0.0798,0.6982408761978149,0.5174106955528259,0.1977,0.3981,0.6884,0.4898,0.4169,0.6243
7516,0.0806,0.6914656758308411,0.5745535492897034,0.1991,0.4139,0.6848,0.4875,0.4274,0.6548
7517,0.0779,0.6987952589988708,0.5223214030265808,0.2004,0.4154,0.685,0.4891,0.4357,0.6548
7518,0.0799,0.6964635848999023,0.5361607074737549,0.2018,0.4028,0.6873,0.4903,0.4229,0.6353
7519,0.0747,0.6948220133781433,0.5562499761581421,0.2031,0.4072,0.6864,0.4884,0.4217,0.642
7520,0.0788,0.6954337954521179,0.5397321581840515,0.2045,0.4009,0.6892,0.4878,0.4237,0.6167
7521,0.0793,0.6949971914291382,0.5504464507102966,0.2058,0.3988,0.6886,0.4901,0.4212,0.6245
7522,0.0784,0.6983162760734558,0.515625,0.2072,0.4103,0.6871,0.4894,0.436,0.6346
7523,0.0823,0.6917517781257629,0.5874999761581421,0.2086,0.4043,0.6884,0.4902,0.4333,0.6271
7524,0.0788,0.6936454772949219,0.5517857074737549,0.21,0.4031,0.6874,0.4893,0.4205,0.6336
7525,0.0777,0.6908665299415588,0.5723214149475098,0.2113,0.4034,0.6889,0.4883,0.4268,0.6235
7526,0.0766,0.6961126327514648,0.5334821343421936,0.2127,0.4097,0.6855,0.4896,0.43,0.6458
7527,0.0819,0.6910743117332458,0.5790178775787354,0.2141,0.4029,0.6884,0.4876,0.4238,0.6232
7528,0.0843,0.6948850750923157,0.5504464507102966,0.2156,0.4086,0.6859,0.4897,0.4297,0.6428
7529,0.0822,0.6938461065292358,0.5625,0.217,0.4037,0.6875,0.4906,0.4252,0.6369
7530,0.0644,0.6915928721427917,0.5763393044471741,0.2181,0.399,0.6892,0.4907,0.4246,0.6226
7531,0.0775,0.6992591023445129,0.5249999761581421,0.2195,0.4074,0.6871,0.4883,0.4255,0.6375
7532,0.0785,0.6957586407661438,0.5446428656578064,0.2208,0.4061,0.6878,0.4886,0.4296,0.6291
7533,0.0783,0.7027788162231445,0.4915178716182709,0.2222,0.3999,0.6895,0.4895,0.427,0.6166
7534,0.0794,0.6914821863174438,0.578125,0.2236,0.4086,0.6867,0.4876,0.4274,0.6346
7535,0.0776,0.6907069683074951,0.5924107432365417,0.2249,0.41,0.6862,0.4907,0.4362,0.6424
7536,0.0624,0.695621907711029,0.5397321581840515,0.226,0.405,0.6881,0.4901,0.4317,0.6298
7537,0.0756,0.691097617149353,0.6000000238418579,0.2273,0.4073,0.6867,0.4881,0.4253,0.6374
7538,0.0791,0.690403938293457,0.5848214030265808,0.2287,0.4088,0.6866,0.4903,0.4359,0.6375
7539,0.0813,0.6970335841178894,0.5299107432365417,0.2301,0.4102,0.6856,0.4915,0.4379,0.6484
7540,0.0781,0.6952476501464844,0.5397321581840515,0.2315,0.405,0.6864,0.488,0.4162,0.6405
7541,0.082,0.6979207396507263,0.5227678418159485,0.2329,0.4093,0.6865,0.4902,0.433,0.6433
7542,0.0803,0.6959011554718018,0.5379464030265808,0.2343,0.4093,0.6856,0.4897,0.4289,0.647
7543,0.0804,0.6931706070899963,0.5611607432365417,0.2357,0.4038,0.6879,0.4882,0.4255,0.6244
7544,0.0785,0.6957419514656067,0.5321428775787354,0.237,0.3883,0.6923,0.492,0.4289,0.5946
7545,0.0785,0.6989914774894714,0.5245535969734192,0.2384,0.4054,0.6871,0.4914,0.4356,0.6343
7546,0.08,0.6975294351577759,0.5178571343421936,0.2398,0.407,0.6864,0.4897,0.4282,0.6399
7547,0.066,0.7028354406356812,0.4794642925262451,0.2409,0.404,0.6884,0.4869,0.4225,0.6234
7548,0.0735,0.6956595778465271,0.5397321581840515,0.2422,0.4035,0.6876,0.4908,0.4323,0.6287
7549,0.0762,0.6962110996246338,0.5459821224212646,0.2435,0.3997,0.6892,0.4891,0.4205,0.6195
7550,0.0796,0.6923879384994507,0.5714285969734192,0.2449,0.4139,0.685,0.4919,0.4427,0.6548
7551,0.0834,0.6946128010749817,0.5620535612106323,0.2464,0.4021,0.6891,0.4897,0.4312,0.6197
7552,0.0769,0.6970252990722656,0.5290178656578064,0.2477,0.3994,0.6898,0.4855,0.4152,0.6137
7553,0.0822,0.6963931918144226,0.5491071343421936,0.2492,0.3988,0.6898,0.4868,0.4189,0.6121
7554,0.0791,0.6960973143577576,0.5303571224212646,0.2505,0.402,0.6886,0.4903,0.4279,0.6266
7555,0.0805,0.6958496570587158,0.5348214507102966,0.2519,0.4113,0.6858,0.4896,0.4352,0.643
7556,0.081,0.6969708204269409,0.5232142806053162,0.2533,0.4133,0.6858,0.4891,0.4364,0.6454
7557,0.0807,0.6980206966400146,0.5308035612106323,0.2547,0.3968,0.6895,0.4899,0.426,0.6118
7558,0.0804,0.6939261555671692,0.5482142567634583,0.2561,0.4125,0.6849,0.4915,0.4374,0.6547
7559,0.0783,0.6867855787277222,0.6200892925262451,0.2575,0.394,0.6903,0.4913,0.4266,0.6092
7560,0.0815,0.6928122639656067,0.5714285969734192,0.2589,0.4094,0.6863,0.4903,0.4322,0.6448
7561,0.0799,0.6942762732505798,0.5522321462631226,0.2603,0.4137,0.6857,0.4905,0.4403,0.6478
7562,0.0805,0.697219967842102,0.5352678298950195,0.2616,0.4081,0.6874,0.4862,0.4233,0.6326
7563,0.079,0.6931584477424622,0.5660714507102966,0.2631,0.4004,0.6887,0.4904,0.4269,0.6228
7564,0.0782,0.6929837465286255,0.5678571462631226,0.2644,0.4115,0.6855,0.492,0.4422,0.6467
7565,0.0832,0.70126873254776,0.4848214387893677,0.2659,0.3998,0.6883,0.4905,0.4222,0.6253
7566,0.0808,0.6923266053199768,0.5678571462631226,0.2672,0.4088,0.6863,0.4898,0.4315,0.6413
7567,0.0795,0.6977880597114563,0.5267857313156128,0.2686,0.4161,0.6846,0.4928,0.4503,0.6559
7568,0.0795,0.6923882365226746,0.5625,0.27,0.394,0.6907,0.4906,0.4252,0.6065
7569,0.0668,0.7011456489562988,0.4933035671710968,0.2712,0.4009,0.6888,0.4891,0.4249,0.6215
7570,0.0764,0.7003859281539917,0.5102678537368774,0.2725,0.4109,0.6854,0.4898,0.4299,0.6495
7571,0.0792,0.692965567111969,0.5575892925262451,0.2739,0.4131,0.6851,0.4891,0.433,0.6502
7572,0.0784,0.69721919298172,0.543749988079071,0.2752,0.3999,0.6884,0.4864,0.4108,0.6246
7573,0.0799,0.6886118054389954,0.590624988079071,0.2766,0.4135,0.6859,0.4866,0.4291,0.6471
7574,0.0779,0.6985650062561035,0.5285714268684387,0.278,0.4026,0.6885,0.4891,0.4238,0.6266
7575,0.0847,0.6921005845069885,0.5669642686843872,0.2795,0.4062,0.6877,0.486,0.4223,0.6289
7576,0.0798,0.6937108635902405,0.5553571581840515,0.2808,0.3982,0.6893,0.4882,0.4195,0.6151
7577,0.0822,0.6886587738990784,0.6084821224212646,0.2823,0.4007,0.6877,0.4902,0.421,0.6325
7578,0.0807,0.693364679813385,0.5566964149475098,0.2837,0.408,0.6863,0.4922,0.4373,0.643
7579,0.0815,0.694119393825531,0.5357142686843872,0.2851,0.413,0.6851,0.4906,0.4379,0.6497
7580,0.0683,0.6942654848098755,0.5544642806053162,0.2863,0.4037,0.688,0.4899,0.4315,0.6277
7581,0.0755,0.6981455087661743,0.5276785492897034,0.2876,0.3954,0.6908,0.4888,0.4198,0.6087
7582,0.0786,0.6964483261108398,0.5299107432365417,0.2889,0.4059,0.6876,0.4898,0.4298,0.632
7583,0.0789,0.6960471272468567,0.5491071343421936,0.2903,0.4005,0.6878,0.4898,0.4224,0.6273
7584,0.0772,0.6922429800033569,0.5852678418159485,0.2916,0.399,0.6894,0.4923,0.4353,0.6191
7585,0.0777,0.6990859508514404,0.5098214149475098,0.293,0.3942,0.691,0.4849,0.405,0.6054
7586,0.083,0.6965678334236145,0.5223214030265808,0.2944,0.4059,0.6867,0.4871,0.417,0.6378
7587,0.0767,0.6954375505447388,0.5450893044471741,0.2958,0.4136,0.6862,0.4883,0.4359,0.6411
7588,0.0796,0.6921722292900085,0.5727678537368774,0.2972,0.4013,0.6885,0.4892,0.4274,0.6197
7589,0.0644,0.691638708114624,0.578125,0.2983,0.4033,0.6875,0.4912,0.427,0.6355
7590,0.0758,0.6927271485328674,0.5611607432365417,0.2996,0.4176,0.6852,0.4893,0.4424,0.6502
7591,0.0806,0.6974015831947327,0.5388392806053162,0.301,0.4152,0.6845,0.4896,0.4329,0.66
7592,0.0807,0.6852827668190002,0.6392857432365417,0.3024,0.4064,0.6881,0.4891,0.4298,0.6306
7593,0.0803,0.691939651966095,0.5705357193946838,0.3038,0.408,0.6874,0.4902,0.4348,0.635
7594,0.0798,0.6958993077278137,0.5424107313156128,0.3052,0.4154,0.6843,0.4896,0.4374,0.6521
7595,0.0801,0.6951969861984253,0.5611607432365417,0.3066,0.404,0.6875,0.4888,0.4226,0.6336
7596,0.0806,0.6923061609268188,0.5767857432365417,0.308,0.4044,0.6888,0.4884,0.4275,0.6232
7597,0.0781,0.6988789439201355,0.5129464268684387,0.3093,0.4064,0.6878,0.4862,0.4232,0.6291
7598,0.0769,0.696296751499176,0.543749988079071,0.3106,0.4205,0.6833,0.4907,0.4468,0.6616
7599,0.0784,0.6945358514785767,0.5450893044471741,0.3121,0.4086,0.6865,0.4869,0.4227,0.6401
7600,0.0749,0.7023391127586365,0.5017856955528259,0.3134,0.4056,0.6876,0.4898,0.4299,0.6326
7601,0.0782,0.6987034678459167,0.518750011920929,0.3147,0.3945,0.6903,0.4899,0.4223,0.608
7602,0.0799,0.6900081634521484,0.5825892686843872,0.3161,0.4049,0.6881,0.4894,0.4312,0.6265
7603,0.0777,0.6930234432220459,0.5642856955528259,0.3174,0.4037,0.6883,0.4884,0.4262,0.623
7604,0.0771,0.6946344971656799,0.5486606955528259,0.3188,0.4038,0.6871,0.4892,0.4226,0.635
7605,0.0784,0.6926068663597107,0.5486606955528259,0.3201,0.4024,0.6885,0.4866,0.4159,0.6261
7606,0.0784,0.696269154548645,0.5330356955528259,0.3215,0.3999,0.6897,0.486,0.4192,0.6121
7607,0.0782,0.6972682476043701,0.528124988079071,0.3228,0.4059,0.6882,0.4894,0.4313,0.6304
7608,0.0793,0.6941660642623901,0.543749988079071,0.3242,0.4125,0.6854,0.4912,0.4407,0.65
7609,0.078,0.6897247433662415,0.5897321701049805,0.3256,0.406,0.6869,0.4906,0.4357,0.6317
7610,0.0788,0.6893762946128845,0.574999988079071,0.3269,0.402,0.6875,0.4896,0.4207,0.6315
7611,0.0806,0.6968453526496887,0.5464285612106323,0.3284,0.4061,0.6866,0.4888,0.4208,0.6414
7612,0.081,0.6933430433273315,0.5660714507102966,0.3298,0.4126,0.6848,0.4893,0.4324,0.651
7613,0.077,0.6978636384010315,0.5401785969734192,0.3311,0.4042,0.688,0.4915,0.4375,0.6286
7614,0.0798,0.6947013735771179,0.5375000238418579,0.3325,0.4108,0.686,0.4897,0.4339,0.6437
7615,0.0779,0.6906965374946594,0.5883928537368774,0.3339,0.4164,0.6852,0.4863,0.4316,0.6493
7616,0.0796,0.6910359859466553,0.5848214030265808,0.3352,0.4015,0.6882,0.4872,0.4156,0.6269
7617,0.0842,0.6991245746612549,0.5004464387893677,0.3367,0.4056,0.6865,0.4927,0.4356,0.6419
7618,0.0841,0.6901575922966003,0.5727678537368774,0.3381,0.4042,0.6867,0.4906,0.4272,0.6369
7619,0.0815,0.6969522833824158,0.5473214387893677,0.3395,0.4102,0.6858,0.4907,0.4333,0.6486
7620,0.0804,0.6974334716796875,0.5366071462631226,0.3409,0.404,0.6885,0.49,0.4317,0.6256
7621,0.0839,0.694568932056427,0.5477678775787354,0.3424,0.3978,0.6902,0.4884,0.4217,0.6125
7622,0.0778,0.6954526901245117,0.534375011920929,0.3437,0.4028,0.6889,0.4859,0.4191,0.6207
7623,0.0814,0.6941832900047302,0.5508928298950195,0.3452,0.3955,0.6899,0.489,0.4196,0.6109
7624,0.0789,0.6969830393791199,0.5334821343421936,0.3466,0.4088,0.6868,0.49,0.4345,0.6362
7625,0.0789,0.6990191340446472,0.5191964507102966,0.3479,0.3994,0.6883,0.4908,0.4243,0.6268
7626,0.0807,0.6984354257583618,0.5165178775787354,0.3493,0.3957,0.689,0.4902,0.4208,0.6158
7627,0.0822,0.698360025882721,0.5044642686843872,0.3508,0.4057,0.6872,0.4883,0.4252,0.6339
7628,0.08,0.6947084665298462,0.5633928775787354,0.3521,0.4047,0.6865,0.4914,0.4283,0.6404
7629,0.082,0.7010037302970886,0.4910714328289032,0.3536,0.4109,0.6864,0.4875,0.4297,0.6396
7630,0.0814,0.6962995529174805,0.5334821343421936,0.355,0.4063,0.6877,0.4893,0.4317,0.6302
7631,0.0831,0.6971123218536377,0.5276785492897034,0.3564,0.4165,0.6843,0.4927,0.4481,0.6602
7632,0.0831,0.6972144246101379,0.5232142806053162,0.3578,0.4049,0.6881,0.4856,0.4208,0.6252
7633,0.0792,0.6958470940589905,0.5491071343421936,0.3592,0.4089,0.6854,0.4912,0.4305,0.6495
7634,0.0754,0.6953941583633423,0.5486606955528259,0.3605,0.391,0.6911,0.491,0.423,0.6029
7635,0.0834,0.7002761960029602,0.5111607313156128,0.362,0.4004,0.6891,0.4887,0.4232,0.6197
7636,0.0804,0.6946149468421936,0.5558035969734192,0.3634,0.406,0.6871,0.4911,0.4353,0.6344
7637,0.0806,0.6993937492370605,0.5044642686843872,0.3648,0.4204,0.6828,0.4897,0.438,0.6705
7638,0.0819,0.7031024098396301,0.4924107193946838,0.3662,0.4017,0.6887,0.4869,0.4179,0.6222
7639,0.0799,0.6960440874099731,0.5473214387893677,0.3676,0.4006,0.6893,0.4882,0.4238,0.6163
7640,0.0818,0.6961598992347717,0.550000011920929,0.369,0.4136,0.6847,0.4905,0.436,0.6538
7641,0.0804,0.7027623057365417,0.4857142865657806,0.3704,0.4058,0.6866,0.4896,0.4267,0.6383
7642,0.0684,0.6976855993270874,0.5214285850524902,0.3716,0.4114,0.686,0.4905,0.4367,0.6467
7643,0.0784,0.6903060674667358,0.5732142925262451,0.373,0.4193,0.6828,0.4898,0.4379,0.6664
7644,0.0782,0.6990108489990234,0.5294643044471741,0.3743,0.4053,0.6874,0.4896,0.4288,0.6323
7645,0.0783,0.6935134530067444,0.5651785731315613,0.3757,0.4035,0.6878,0.4875,0.4184,0.6294
7646,0.0829,0.6911559104919434,0.5745535492897034,0.3771,0.4154,0.6843,0.4919,0.4414,0.6601
7647,0.0819,0.6999307870864868,0.4950892925262451,0.3785,0.4165,0.6831,0.4903,0.435,0.6646
7648,0.0807,0.7014709711074829,0.5017856955528259,0.3799,0.4084,0.6867,0.4881,0.4288,0.6351
7649,0.0802,0.6933988928794861,0.5683035850524902,0.3813,0.3973,0.6895,0.4918,0.4283,0.619
7650,0.08,0.7000156044960022,0.5084821581840515,0.3827,0.4103,0.6873,0.4884,0.4321,0.6376
7651,0.0781,0.6951519846916199,0.5455357432365417,0.3841,0.4041,0.6877,0.4898,0.4284,0.6295
7652,0.0759,0.6931800842285156,0.5433035492897034,0.3854,0.4045,0.6877,0.491,0.4323,0.632
7653,0.0778,0.6954517960548401,0.5482142567634583,0.3867,0.402,0.6885,0.4888,0.4245,0.6235
7654,0.0773,0.6916216015815735,0.5794642567634583,0.3881,0.4031,0.6881,0.4872,0.4174,0.6293
7655,0.0799,0.6919508576393127,0.565625011920929,0.3895,0.4033,0.6886,0.4892,0.4267,0.6264
7656,0.0747,0.6942580342292786,0.5540178418159485,0.3907,0.4156,0.6845,0.4898,0.438,0.6547
7657,0.0798,0.7001587152481079,0.4995535612106323,0.3921,0.4068,0.6856,0.4899,0.4237,0.6461
7658,0.0745,0.6962810158729553,0.5406249761581421,0.3934,0.4003,0.6884,0.4922,0.4329,0.6249
7659,0.0779,0.6974312663078308,0.5352678298950195,0.3948,0.4046,0.6881,0.4873,0.4204,0.6311
7660,0.08,0.695835292339325,0.5258928537368774,0.3962,0.4129,0.6855,0.4884,0.4328,0.6467
7661,0.0809,0.6943585276603699,0.5790178775787354,0.3976,0.4085,0.6867,0.4895,0.4322,0.6375
7662,0.077,0.6950719952583313,0.550000011920929,0.3989,0.4011,0.688,0.4899,0.4225,0.6291
7663,0.0771,0.6995584964752197,0.5138393044471741,0.4002,0.4029,0.688,0.4921,0.436,0.6291
7664,0.0743,0.6936221122741699,0.559374988079071,0.4015,0.405,0.6874,0.4939,0.4438,0.6378
7665,0.0758,0.6979830265045166,0.5107142925262451,0.4028,0.4005,0.6895,0.4857,0.4176,0.6142
7666,0.0776,0.6960562467575073,0.5290178656578064,0.4042,0.4051,0.6863,0.4899,0.4232,0.6402
7667,0.0732,0.6914201974868774,0.5687500238418579,0.4055,0.4079,0.6869,0.4904,0.4327,0.6375
7668,0.076,0.6977452039718628,0.5129464268684387,0.4068,0.397,0.6894,0.4868,0.412,0.6138
7669,0.0817,0.6946809887886047,0.5513392686843872,0.4082,0.4059,0.6862,0.49,0.4263,0.6397
7670,0.0778,0.6981874704360962,0.5334821343421936,0.4095,0.4052,0.688,0.4876,0.4247,0.6287
7671,0.0762,0.6988006830215454,0.5102678537368774,0.4109,0.4063,0.6875,0.4901,0.4349,0.6309
7672,0.0765,0.6914998888969421,0.559374988079071,0.4122,0.404,0.6879,0.4919,0.4378,0.6286
7673,0.0802,0.6914016008377075,0.5745535492897034,0.4136,0.3995,0.6882,0.4906,0.4224,0.6268
7674,0.0777,0.7030164003372192,0.4647321403026581,0.4149,0.4054,0.6891,0.4852,0.4244,0.619
7675,0.0787,0.6940938830375671,0.5580357313156128,0.4163,0.4116,0.686,0.4908,0.4404,0.6423
7676,0.0792,0.6929381489753723,0.5584821701049805,0.4177,0.3971,0.6895,0.4897,0.4195,0.6171
7677,0.0793,0.6955116987228394,0.5504464507102966,0.419,0.41,0.6859,0.4913,0.4361,0.6462
7678,0.0766,0.6933575868606567,0.5616071224212646,0.4204,0.3992,0.6893,0.4897,0.4263,0.6174
7679,0.0792,0.6895320415496826,0.5825892686843872,0.4217,0.4069,0.6873,0.4906,0.4341,0.6341
7680,0.0766,0.6920345425605774,0.581250011920929,0.4231,0.4018,0.6886,0.4884,0.4217,0.6255
7681,0.0812,0.6937715411186218,0.5642856955528259,0.4245,0.4075,0.6859,0.4891,0.4252,0.6416
7682,0.0765,0.6889441013336182,0.6071428656578064,0.4258,0.416,0.6851,0.49,0.443,0.6489
7683,0.0822,0.6899380683898926,0.5816964507102966,0.4272,0.3926,0.6918,0.4915,0.431,0.5993
7684,0.0798,0.6957362294197083,0.543749988079071,0.4286,0.406,0.6872,0.4865,0.4209,0.6311
7685,0.0799,0.6966397762298584,0.5263392925262451,0.43,0.4021,0.6883,0.4894,0.4272,0.6244
7686,0.0786,0.6976212859153748,0.5321428775787354,0.4314,0.4009,0.6887,0.4868,0.4146,0.6235
7687,0.0779,0.6956987380981445,0.5406249761581421,0.4327,0.4037,0.6879,0.4909,0.4331,0.6291
7688,0.08,0.6917564868927002,0.5888392925262451,0.4341,0.3998,0.6886,0.4911,0.429,0.6221
7689,0.0797,0.6980835199356079,0.5071428418159485,0.4355,0.413,0.6856,0.4879,0.4318,0.6443
7690,0.0801,0.7033507823944092,0.4691964387893677,0.4369,0.4085,0.6866,0.4903,0.4322,0.6398
7691,0.0823,0.6995589733123779,0.5062500238418579,0.4383,0.4179,0.6841,0.4897,0.4389,0.6593
7692,0.0797,0.6991810202598572,0.5147321224212646,0.4397,0.4107,0.6867,0.49,0.4351,0.642
7693,0.0876,0.6931778788566589,0.5642856955528259,0.4412,0.4095,0.6859,0.4891,0.4277,0.6466
7694,0.081,0.6922882795333862,0.5709821581840515,0.4426,0.4127,0.6849,0.488,0.4276,0.6523
7695,0.0779,0.6918871402740479,0.5714285969734192,0.4439,0.4011,0.6883,0.4909,0.4288,0.6256
7696,0.0791,0.7008097171783447,0.4959821403026581,0.4453,0.4031,0.6876,0.4904,0.4256,0.6327
7697,0.0777,0.6963467597961426,0.5120535492897034,0.4467,0.3952,0.6889,0.4908,0.4165,0.6191
7698,0.0844,0.6916376948356628,0.5531250238418579,0.4481,0.4086,0.6873,0.4875,0.4276,0.634
7699,0.0828,0.6995916366577148,0.5165178775787354,0.4495,0.4026,0.6878,0.4905,0.4288,0.6299
7700,0.0816,0.6916959881782532,0.5714285969734192,0.451,0.4107,0.6859,0.4901,0.4327,0.6469
7701,0.0774,0.6969680190086365,0.5406249761581421,0.4523,0.4121,0.6854,0.4902,0.4353,0.6497
7702,0.0836,0.6983415484428406,0.5191964507102966,0.4537,0.4004,0.6884,0.4904,0.4253,0.625
7703,0.0837,0.6941877603530884,0.559374988079071,0.4552,0.399,0.6888,0.4864,0.4136,0.6179
7704,0.0803,0.6944137811660767,0.5473214387893677,0.4566,0.4128,0.6855,0.4871,0.4279,0.6463
7705,0.0826,0.694852888584137,0.5388392806053162,0.458,0.4081,0.6872,0.4893,0.4331,0.6332
7706,0.0823,0.6981487274169922,0.5093749761581421,0.4594,0.3935,0.691,0.4889,0.4196,0.6028
7707,0.0786,0.6970340013504028,0.5218750238418579,0.4608,0.4062,0.6868,0.4904,0.4286,0.6398
7708,0.0794,0.692643940448761,0.5584821701049805,0.4622,0.4035,0.6878,0.4902,0.4269,0.6307
7709,0.0819,0.6997906565666199,0.5017856955528259,0.4636,0.4061,0.6862,0.4889,0.424,0.6388
7710,0.0788,0.691129207611084,0.5718749761581421,0.465,0.4044,0.6877,0.4885,0.4259,0.6302
7711,0.0826,0.6917020678520203,0.5723214149475098,0.4664,0.3915,0.6908,0.4905,0.4187,0.6048
7712,0.0799,0.6929930448532104,0.5709821581840515,0.4678,0.4061,0.6865,0.4891,0.4222,0.6406
7713,0.0802,0.6979668140411377,0.5334821343421936,0.4692,0.4107,0.6848,0.4911,0.4343,0.6527
7714,0.079,0.6965150833129883,0.5214285850524902,0.4705,0.404,0.6874,0.4908,0.4271,0.6348
7715,0.0791,0.6985594630241394,0.5205357074737549,0.4719,0.3982,0.6898,0.4887,0.4228,0.6126
7716,0.0775,0.6961085200309753,0.5339285731315613,0.4732,0.4114,0.6853,0.49,0.4301,0.653
7717,0.0857,0.6907994747161865,0.5732142925262451,0.4747,0.4078,0.687,0.4889,0.4261,0.6395
7718,0.0822,0.6978724598884583,0.5169642567634583,0.4762,0.4094,0.6869,0.4903,0.4374,0.6382
7719,0.0813,0.6935237050056458,0.559374988079071,0.4776,0.4056,0.687,0.4903,0.4285,0.6365
7720,0.0809,0.6921990513801575,0.5629464387893677,0.479,0.3998,0.6887,0.4869,0.4147,0.6217
7721,0.0814,0.6929476857185364,0.5754464268684387,0.4804,0.4102,0.6856,0.4904,0.4338,0.6449
7722,0.0799,0.6908625960350037,0.5830357074737549,0.4818,0.4035,0.6882,0.4896,0.4266,0.6282
7723,0.0797,0.6965487599372864,0.5424107313156128,0.4831,0.419,0.6838,0.4885,0.439,0.6568
7724,0.0809,0.6896263360977173,0.5888392925262451,0.4845,0.4036,0.6881,0.4904,0.434,0.6251
7725,0.0788,0.6937796473503113,0.5758928656578064,0.4859,0.4084,0.6858,0.4897,0.4283,0.6442
7726,0.0805,0.7000898718833923,0.499107152223587,0.4873,0.4066,0.6865,0.4903,0.4297,0.6387
7727,0.0812,0.6999580264091492,0.5013392567634583,0.4887,0.4021,0.6886,0.4878,0.4218,0.623
7728,0.0751,0.6893317699432373,0.5986607074737549,0.49,0.4001,0.6887,0.4892,0.4198,0.624
7729,0.0833,0.700681209564209,0.4973214268684387,0.4915,0.3973,0.6902,0.4884,0.4226,0.6083
7730,0.0774,0.6990544199943542,0.4964285790920257,0.4928,0.4024,0.6886,0.4875,0.4199,0.6235
7731,0.0761,0.700029194355011,0.512499988079071,0.4941,0.3971,0.6887,0.4904,0.4184,0.6203
7732,0.0766,0.691925585269928,0.5758928656578064,0.4954,0.3989,0.6887,0.4913,0.4266,0.6229
7733,0.0775,0.6979175209999084,0.5245535969734192,0.4968,0.4157,0.6839,0.4911,0.4387,0.6606
7734,0.0777,0.6964675784111023,0.5321428775787354,0.4981,0.4153,0.6852,0.4895,0.4378,0.6534
7735,0.0847,0.6938466429710388,0.5562499761581421,0.4996,0.4155,0.6857,0.4883,0.4372,0.6462
7736,0.0836,0.6953011751174927,0.5526785850524902,0.5011,0.3977,0.6897,0.4899,0.4226,0.6164
7737,0.0769,0.6963472366333008,0.5522321462631226,0.5024,0.4081,0.6871,0.4894,0.4303,0.6385
7738,0.0783,0.6920230388641357,0.5678571462631226,0.5037,0.4086,0.6874,0.4893,0.433,0.6355
7739,0.0793,0.698235809803009,0.5066964030265808,0.5051,0.4045,0.6883,0.4885,0.4247,0.6291
7740,0.0803,0.6981108784675598,0.5209821462631226,0.5065,0.4124,0.6857,0.492,0.4454,0.6462
7741,0.0793,0.6943191289901733,0.5428571701049805,0.5079,0.4061,0.6877,0.4891,0.4284,0.6319
7742,0.0779,0.6986352205276489,0.5267857313156128,0.5092,0.4072,0.6865,0.4907,0.4318,0.6404
7743,0.0797,0.6950928568840027,0.5433035492897034,0.5106,0.404,0.688,0.4878,0.4247,0.6247
7744,0.0779,0.6923446655273438,0.5732142925262451,0.512,0.3973,0.6901,0.489,0.4209,0.614
7745,0.0773,0.6957954168319702,0.5611607432365417,0.5133,0.4154,0.6852,0.4898,0.4399,0.6491
7746,0.0791,0.6905554533004761,0.5834821462631226,0.5147,0.4072,0.6874,0.4866,0.4241,0.6317
7747,0.0798,0.6990082263946533,0.5258928537368774,0.5161,0.4034,0.6881,0.4874,0.4224,0.6251
7748,0.0755,0.69281005859375,0.5629464387893677,0.5174,0.407,0.6866,0.4869,0.4188,0.6386
7749,0.079,0.6972840428352356,0.5361607074737549,0.5187,0.4059,0.688,0.4874,0.4278,0.6261
7750,0.0764,0.6995316743850708,0.5084821581840515,0.5201,0.3955,0.6904,0.4887,0.421,0.6083
7751,0.0753,0.6920836567878723,0.5678571462631226,0.5214,0.416,0.6848,0.4891,0.4373,0.6509
7752,0.0787,0.6935459971427917,0.5580357313156128,0.5227,0.4084,0.6862,0.4903,0.4324,0.642
7753,0.0686,0.6940762996673584,0.5491071343421936,0.5239,0.408,0.6873,0.4888,0.4313,0.6323
7754,0.0758,0.6905884742736816,0.5794642567634583,0.5253,0.4109,0.6855,0.4893,0.43,0.6488
7755,0.0785,0.6932309865951538,0.5763393044471741,0.5266,0.4004,0.6886,0.4913,0.427,0.6265
7756,0.0816,0.6974719762802124,0.528124988079071,0.528,0.3951,0.6894,0.4884,0.4103,0.6165
7757,0.0792,0.6957182884216309,0.5428571701049805,0.5294,0.4054,0.6879,0.4879,0.4247,0.6291
7758,0.0787,0.6937828063964844,0.5513392686843872,0.5308,0.3948,0.6896,0.4914,0.4216,0.6178
7759,0.0799,0.6992273926734924,0.5089285969734192,0.5321,0.4069,0.6879,0.488,0.4277,0.6309
7760,0.0849,0.6945701241493225,0.5415178537368774,0.5336,0.4032,0.6877,0.4922,0.4346,0.6335
7761,0.0821,0.6943902969360352,0.5625,0.535,0.4116,0.685,0.4895,0.4285,0.6531
7762,0.0818,0.6991235613822937,0.5191964507102966,0.5365,0.4107,0.6854,0.492,0.4387,0.6499
7763,0.0813,0.694915235042572,0.5540178418159485,0.5379,0.4081,0.6869,0.4889,0.4302,0.6365
7764,0.0807,0.695921778678894,0.5263392925262451,0.5393,0.3956,0.6893,0.4906,0.4221,0.6163
7765,0.0855,0.6940514445304871,0.5714285969734192,0.5407,0.4126,0.6861,0.4909,0.4427,0.6424
7766,0.0849,0.6937258243560791,0.5589285492897034,0.5422,0.4056,0.687,0.4926,0.4386,0.6397
7767,0.0833,0.6916043162345886,0.5651785731315613,0.5436,0.3937,0.6903,0.4916,0.4248,0.611
7768,0.0796,0.6914631724357605,0.5754464268684387,0.545,0.4059,0.6873,0.4898,0.4279,0.6369
7769,0.0811,0.7035385966300964,0.484375,0.5464,0.4097,0.6863,0.4878,0.4291,0.6387
7770,0.0816,0.69804847240448,0.5049107074737549,0.5478,0.403,0.6875,0.491,0.4302,0.6321
7771,0.0803,0.6928821802139282,0.5683035850524902,0.5492,0.4052,0.6879,0.4891,0.4264,0.6321
7772,0.0852,0.6948292255401611,0.5455357432365417,0.5507,0.4164,0.684,0.4904,0.4392,0.6579
7773,0.0833,0.69425368309021,0.5566964149475098,0.5522,0.4027,0.6881,0.4906,0.4296,0.6279
7774,0.0776,0.696235716342926,0.5486606955528259,0.5535,0.4071,0.6873,0.4903,0.4327,0.636
7775,0.0792,0.6957675814628601,0.5477678775787354,0.5549,0.4027,0.688,0.49,0.4266,0.6279
7776,0.0851,0.694631040096283,0.5450893044471741,0.5563,0.4022,0.689,0.4889,0.426,0.6223
7777,0.0818,0.6955443620681763,0.5316964387893677,0.5578,0.3961,0.6893,0.4875,0.4094,0.6177
7778,0.0775,0.6987009048461914,0.5263392925262451,0.5591,0.4175,0.6841,0.4899,0.4398,0.6558
7779,0.0792,0.7000961303710938,0.4879464209079742,0.5605,0.3953,0.6903,0.4892,0.418,0.6114
7780,0.0751,0.6957169771194458,0.5375000238418579,0.5618,0.3979,0.6901,0.489,0.4264,0.6102
7781,0.077,0.6915629506111145,0.5687500238418579,0.5631,0.4019,0.6884,0.4893,0.4252,0.625
7782,0.0747,0.6972379088401794,0.5160714387893677,0.5644,0.4153,0.6855,0.492,0.4473,0.6505
7783,0.0768,0.6955938339233398,0.5486606955528259,0.5657,0.4048,0.6866,0.4916,0.4327,0.6388
7784,0.0755,0.6926697492599487,0.5754464268684387,0.5671,0.4088,0.6876,0.4899,0.4366,0.6333
7785,0.081,0.6987865567207336,0.5209821462631226,0.5685,0.4091,0.6868,0.4889,0.4329,0.6359
7786,0.0803,0.6942728161811829,0.559374988079071,0.5699,0.4107,0.6858,0.4909,0.4368,0.6457
7787,0.0822,0.6949555277824402,0.5473214387893677,0.5713,0.4042,0.6864,0.4918,0.4285,0.6405
7788,0.0792,0.6928370594978333,0.581250011920929,0.5726,0.4067,0.687,0.4897,0.432,0.6328
7789,0.0801,0.691206693649292,0.5821428298950195,0.5741,0.4078,0.6862,0.4901,0.4276,0.6444
7790,0.0806,0.6952225565910339,0.543749988079071,0.5755,0.4128,0.685,0.4888,0.4286,0.6534
7791,0.0852,0.6942168474197388,0.5482142567634583,0.5769,0.4155,0.6844,0.4903,0.436,0.6599
7792,0.0794,0.6904600858688354,0.5874999761581421,0.5783,0.4011,0.688,0.4897,0.4239,0.6284
7793,0.078,0.7025433778762817,0.4964285790920257,0.5797,0.4108,0.6861,0.4907,0.4386,0.643
7794,0.0786,0.6936132907867432,0.5535714030265808,0.581,0.4062,0.6867,0.4907,0.4319,0.6372
7795,0.0757,0.7000010013580322,0.503125011920929,0.5824,0.4044,0.6878,0.4895,0.427,0.631
7796,0.0815,0.6996246576309204,0.5120535492897034,0.5838,0.4089,0.6865,0.4879,0.4283,0.6369
7797,0.0817,0.698253870010376,0.5223214030265808,0.5852,0.4054,0.6878,0.4883,0.4259,0.6314
7798,0.0795,0.6916661858558655,0.578125,0.5866,0.4053,0.6874,0.4896,0.4285,0.633
7800,0.4315,0.6949967741966248,0.5513392686843872,0.0072,0.4048,0.6879,0.4884,0.4257,0.6299
7801,0.1559,0.694571316242218,0.5370535850524902,0.0099,0.3988,0.6886,0.4879,0.4143,0.6214
7802,0.1251,0.7000330090522766,0.5093749761581421,0.012,0.4069,0.6869,0.4903,0.4307,0.638
7803,0.1056,0.6978896260261536,0.5361607074737549,0.0138,0.4074,0.6869,0.4906,0.4333,0.6382
7804,0.1388,0.6925737261772156,0.5566964149475098,0.0162,0.4103,0.6861,0.4901,0.4323,0.6467
7805,0.0899,0.6922724843025208,0.5620535612106323,0.0178,0.4005,0.6888,0.4911,0.4304,0.6225
7806,0.0993,0.6945425868034363,0.5508928298950195,0.0195,0.4048,0.6873,0.4905,0.4275,0.636
7807,0.0822,0.6938547492027283,0.559374988079071,0.0209,0.4025,0.6886,0.4872,0.4196,0.6237
7808,0.0759,0.6984822154045105,0.5209821462631226,0.0222,0.4061,0.6875,0.4909,0.438,0.6304
7809,0.0783,0.6942359209060669,0.5584821701049805,0.0236,0.4131,0.6844,0.491,0.4362,0.6549
7810,0.0776,0.6893119215965271,0.5924107432365417,0.0249,0.4098,0.6861,0.4911,0.4383,0.6424
7811,0.0797,0.6908534169197083,0.5745535492897034,0.0263,0.4141,0.685,0.4888,0.4309,0.6535
7812,0.0801,0.6992068290710449,0.5178571343421936,0.0277,0.4104,0.6856,0.4908,0.4347,0.6471
7813,0.0798,0.6943879127502441,0.550000011920929,0.0291,0.409,0.6859,0.4898,0.4289,0.6445
7814,0.0727,0.695645272731781,0.5397321581840515,0.0304,0.4097,0.6869,0.4905,0.44,0.6381
7815,0.078,0.6972793340682983,0.5267857313156128,0.0317,0.4023,0.6875,0.4902,0.4208,0.6321
7816,0.0769,0.6882238388061523,0.6147321462631226,0.033,0.3901,0.6909,0.4911,0.4176,0.6053
7817,0.0772,0.6930873394012451,0.5566964149475098,0.0344,0.4152,0.6856,0.4894,0.4385,0.6483
7818,0.0799,0.6947392225265503,0.5504464507102966,0.0358,0.4032,0.6882,0.4896,0.4266,0.6299
7819,0.0794,0.6979257464408875,0.5183035731315613,0.0371,0.4017,0.6889,0.4871,0.4206,0.6208
7820,0.0835,0.7001095414161682,0.5058035850524902,0.0386,0.4001,0.6877,0.4904,0.4208,0.6297
7821,0.0667,0.6985319256782532,0.5214285850524902,0.0397,0.408,0.6859,0.4897,0.4275,0.6437
7822,0.0828,0.700032651424408,0.5116071701049805,0.0412,0.3978,0.689,0.4913,0.4257,0.6226
7823,0.0787,0.6959260106086731,0.5276785492897034,0.0425,0.4143,0.6837,0.4907,0.4358,0.6588
7824,0.0766,0.6958397626876831,0.5410714149475098,0.0439,0.413,0.6856,0.4905,0.4366,0.6502
7825,0.078,0.7033290863037109,0.4861607253551483,0.0452,0.3963,0.6906,0.4889,0.422,0.6083
7826,0.0763,0.6942226886749268,0.5571428537368774,0.0466,0.3982,0.6892,0.49,0.4224,0.6202
7827,0.0792,0.6943894624710083,0.5424107313156128,0.0479,0.4039,0.6878,0.4897,0.427,0.6316
7828,0.083,0.6998253464698792,0.5142857432365417,0.0494,0.4019,0.6884,0.4892,0.4245,0.6244
7829,0.0796,0.694212794303894,0.5508928298950195,0.0507,0.4015,0.6882,0.4892,0.425,0.624
7830,0.0684,0.6931975483894348,0.5620535612106323,0.0519,0.4052,0.6873,0.4908,0.4321,0.6338
7831,0.0809,0.6977090835571289,0.5316964387893677,0.0534,0.4082,0.6872,0.4884,0.4306,0.6342
7832,0.0852,0.6949360966682434,0.5517857074737549,0.0549,0.405,0.6875,0.4898,0.4298,0.6314
7833,0.078,0.6975333094596863,0.5285714268684387,0.0562,0.4059,0.6865,0.4878,0.4203,0.6375
7834,0.083,0.6922664642333984,0.5732142925262451,0.0576,0.4038,0.6876,0.4916,0.4322,0.6334
7835,0.0795,0.6979148983955383,0.5236607193946838,0.059,0.418,0.6839,0.4915,0.4465,0.6584
7836,0.0775,0.6912766098976135,0.5785714387893677,0.0604,0.4018,0.6894,0.4867,0.422,0.6181
7837,0.0801,0.6933225989341736,0.5696428418159485,0.0618,0.3981,0.6894,0.491,0.4262,0.6188
7838,0.0759,0.6971766948699951,0.5272321701049805,0.0631,0.4152,0.6857,0.491,0.4433,0.6506
7839,0.0751,0.6954870223999023,0.5424107313156128,0.0644,0.4106,0.6862,0.4907,0.4375,0.6434
7840,0.0789,0.6960539221763611,0.5486606955528259,0.0658,0.41,0.6859,0.491,0.4338,0.6476
7841,0.0832,0.6899003982543945,0.5830357074737549,0.0672,0.4011,0.688,0.4876,0.4149,0.6269
7842,0.0853,0.6937572956085205,0.5580357313156128,0.0687,0.4056,0.6883,0.4884,0.4284,0.6261
7843,0.0804,0.6929308176040649,0.5883928537368774,0.0701,0.4041,0.6881,0.4878,0.4248,0.6261
7844,0.0812,0.6922687888145447,0.5669642686843872,0.0715,0.4077,0.6869,0.4902,0.4341,0.6366
7845,0.0807,0.691017210483551,0.581250011920929,0.0729,0.413,0.6857,0.4901,0.4397,0.6458
7846,0.0782,0.7018575072288513,0.481249988079071,0.0742,0.4035,0.6879,0.491,0.4285,0.6334
7847,0.0793,0.6954240798950195,0.5334821343421936,0.0756,0.4077,0.6868,0.4884,0.4256,0.6395
7848,0.0795,0.6954946517944336,0.543749988079071,0.077,0.4008,0.6887,0.488,0.4181,0.6245
7849,0.0795,0.6901668906211853,0.578125,0.0783,0.3971,0.6898,0.4894,0.4218,0.6137
7850,0.0821,0.6959190368652344,0.5370535850524902,0.0798,0.402,0.6888,0.488,0.4213,0.6238
7851,0.0669,0.6974889636039734,0.5227678418159485,0.0809,0.4071,0.6854,0.4891,0.4231,0.6444
7852,0.0759,0.6949390172958374,0.5526785850524902,0.0823,0.4033,0.6882,0.4898,0.4305,0.626
7853,0.0847,0.6946172118186951,0.5642856955528259,0.0837,0.4015,0.6888,0.4887,0.4217,0.6251
7854,0.0818,0.6923922896385193,0.5696428418159485,0.0851,0.4065,0.6861,0.4913,0.4281,0.6448
7855,0.0777,0.6970110535621643,0.5223214030265808,0.0865,0.4034,0.6882,0.4878,0.4239,0.6237
7856,0.0824,0.692650556564331,0.5705357193946838,0.0879,0.4124,0.6863,0.4893,0.4341,0.6452
7857,0.0663,0.6931138038635254,0.5651785731315613,0.0891,0.4079,0.6874,0.4901,0.4327,0.637
7858,0.0794,0.7000961303710938,0.4986607134342193,0.0904,0.4067,0.6876,0.4904,0.4322,0.6352
7859,0.0817,0.6933091282844543,0.5495535731315613,0.0919,0.4084,0.6863,0.4901,0.4356,0.6355
7860,0.0798,0.6980904936790466,0.5303571224212646,0.0932,0.4046,0.6881,0.4897,0.4282,0.6309
7861,0.079,0.7004656195640564,0.5,0.0946,0.4085,0.6865,0.4904,0.4335,0.6414
7862,0.0753,0.6980647444725037,0.5352678298950195,0.0959,0.3993,0.6892,0.488,0.4183,0.618
7863,0.0795,0.700275182723999,0.5022321343421936,0.0973,0.4074,0.688,0.4883,0.4305,0.6307
7864,0.0821,0.6968698501586914,0.5245535969734192,0.0987,0.4107,0.6866,0.4916,0.4432,0.6403
7865,0.0811,0.6886560916900635,0.6102678775787354,0.1001,0.4068,0.6877,0.4886,0.4314,0.6287
7866,0.0796,0.6989564299583435,0.5098214149475098,0.1015,0.3999,0.6882,0.4913,0.4305,0.6246
7867,0.0769,0.6975352764129639,0.5272321701049805,0.1028,0.4146,0.6848,0.4909,0.4401,0.6546
7868,0.0807,0.6949648261070251,0.5535714030265808,0.1042,0.4046,0.6875,0.4895,0.4293,0.6305
7869,0.0817,0.6936761736869812,0.5696428418159485,0.1057,0.4043,0.6872,0.4885,0.4236,0.632
7870,0.0807,0.6979269981384277,0.5196428298950195,0.107,0.409,0.6868,0.4901,0.4359,0.6374
7871,0.0771,0.6990063190460205,0.5022321343421936,0.1084,0.4126,0.6852,0.4904,0.4368,0.6488
7872,0.0795,0.6901676654815674,0.5754464268684387,0.1098,0.4162,0.6858,0.4883,0.4395,0.6433
7873,0.0804,0.6974510550498962,0.5334821343421936,0.1112,0.4077,0.6865,0.4906,0.434,0.6388
7874,0.0753,0.6955723166465759,0.5428571701049805,0.1125,0.4094,0.6867,0.4908,0.4397,0.6377
7875,0.0667,0.6924352049827576,0.5607143044471741,0.1136,0.3999,0.6875,0.4917,0.4237,0.6309
7876,0.076,0.6904182434082031,0.5825892686843872,0.115,0.3991,0.6893,0.4932,0.4411,0.6193
7877,0.0787,0.6946906447410583,0.5549107193946838,0.1163,0.4025,0.6891,0.4889,0.4248,0.6231
7878,0.0822,0.6990946531295776,0.5254464149475098,0.1177,0.4069,0.6866,0.4911,0.4325,0.6407
7879,0.0777,0.6958461403846741,0.5263392925262451,0.1191,0.4093,0.6858,0.4911,0.4337,0.6469
7880,0.0809,0.6949743628501892,0.5508928298950195,0.1205,0.3994,0.689,0.4886,0.4212,0.6178
7881,0.0799,0.6971165537834167,0.5366071462631226,0.1219,0.4042,0.6881,0.4897,0.4304,0.6283
7882,0.0795,0.6939548254013062,0.5620535612106323,0.1232,0.3997,0.6891,0.4915,0.4304,0.6218
7883,0.0771,0.6921480894088745,0.5678571462631226,0.1246,0.3978,0.6897,0.4871,0.4119,0.6183
7884,0.0792,0.6946162581443787,0.5441964268684387,0.126,0.4133,0.6862,0.4876,0.4341,0.641
7885,0.0783,0.6955079436302185,0.5308035612106323,0.1273,0.4046,0.689,0.4906,0.4352,0.6256
7886,0.0761,0.6971831321716309,0.5303571224212646,0.1286,0.4016,0.6879,0.4899,0.4261,0.6253
7887,0.0776,0.6912744641304016,0.5727678537368774,0.13,0.4071,0.6863,0.4906,0.427,0.6442
7888,0.0646,0.6924129128456116,0.5732142925262451,0.1312,0.4061,0.686,0.4914,0.4291,0.645
7889,0.0768,0.6932823061943054,0.574999988079071,0.1325,0.4161,0.6849,0.4897,0.4385,0.6529
7890,0.0803,0.6941429972648621,0.5562499761581421,0.1339,0.4053,0.6876,0.4888,0.4291,0.6288
7891,0.0796,0.688894510269165,0.6026785969734192,0.1353,0.4048,0.6871,0.4927,0.4381,0.6367
7892,0.0773,0.6974521279335022,0.5241071581840515,0.1366,0.4101,0.6872,0.4872,0.4305,0.6334
7893,0.078,0.6932077407836914,0.5491071343421936,0.138,0.4015,0.689,0.49,0.4304,0.6208
7894,0.0781,0.6939952969551086,0.5678571462631226,0.1393,0.4038,0.6874,0.4896,0.4209,0.6351
7895,0.0789,0.6976953148841858,0.5214285850524902,0.1407,0.4125,0.6842,0.4915,0.4324,0.6604
7896,0.0803,0.6911534070968628,0.59375,0.1421,0.409,0.6863,0.4899,0.4337,0.6413
7897,0.078,0.6985570192337036,0.5254464149475098,0.1434,0.3997,0.6895,0.4893,0.4211,0.6217
7898,0.0834,0.6964294910430908,0.5232142806053162,0.1449,0.4075,0.6867,0.4904,0.4335,0.6384
7899,0.0818,0.6905577778816223,0.5879464149475098,0.1463,0.405,0.6885,0.4891,0.4292,0.6251
7900,0.0796,0.693974494934082,0.5504464507102966,0.1477,0.4033,0.6879,0.4921,0.4359,0.6314
7901,0.078,0.6907736659049988,0.5874999761581421,0.1491,0.4048,0.6883,0.489,0.4313,0.6247
7902,0.0803,0.6984177231788635,0.5205357074737549,0.1505,0.4019,0.6887,0.4901,0.4262,0.6278
7903,0.0833,0.6973246932029724,0.5218750238418579,0.1519,0.3998,0.6892,0.4878,0.4143,0.622
7904,0.0823,0.6950860619544983,0.5482142567634583,0.1533,0.4098,0.6844,0.4919,0.4316,0.6565
7905,0.0769,0.6904310584068298,0.5763393044471741,0.1547,0.4049,0.688,0.4902,0.4332,0.6279
7906,0.0808,0.6960448622703552,0.5294643044471741,0.1561,0.4017,0.6889,0.4875,0.4221,0.6201
7907,0.0808,0.6936138272285461,0.559374988079071,0.1575,0.4071,0.6866,0.4906,0.4359,0.635
7908,0.0755,0.6926402449607849,0.5776785612106323,0.1588,0.4096,0.6864,0.4887,0.4274,0.6436
7909,0.0758,0.696357011795044,0.5375000238418579,0.1601,0.4119,0.6871,0.4867,0.4328,0.6329
7910,0.0761,0.698017954826355,0.5214285850524902,0.1615,0.4034,0.6882,0.489,0.4218,0.6321
7911,0.0789,0.6933964490890503,0.5531250238418579,0.1628,0.3993,0.6886,0.49,0.4244,0.6207
7912,0.0799,0.6911579966545105,0.5808035731315613,0.1642,0.4116,0.6851,0.4897,0.433,0.6494
7913,0.0845,0.6969097852706909,0.5375000238418579,0.1657,0.3945,0.6906,0.4906,0.4227,0.6107
7914,0.0822,0.6965789794921875,0.5325892567634583,0.1671,0.4041,0.6877,0.4894,0.429,0.6262
7915,0.066,0.69133460521698,0.5794642567634583,0.1683,0.4204,0.6836,0.49,0.4422,0.6658
7916,0.0774,0.6978679299354553,0.5214285850524902,0.1696,0.4114,0.6852,0.4913,0.435,0.6533
7917,0.0776,0.6914253234863281,0.5696428418159485,0.1709,0.4104,0.6854,0.4896,0.4292,0.6489
7918,0.0768,0.6957299113273621,0.5321428775787354,0.1723,0.4061,0.6878,0.4877,0.4283,0.6268
7919,0.0783,0.6957292556762695,0.5321428775787354,0.1736,0.398,0.6891,0.4902,0.4174,0.623
7920,0.0802,0.6984093189239502,0.5200892686843872,0.175,0.3905,0.6917,0.4886,0.4162,0.5983
7921,0.0777,0.6931343078613281,0.5772321224212646,0.1764,0.4048,0.6873,0.4905,0.4325,0.6316
7922,0.0747,0.6969040632247925,0.5236607193946838,0.1777,0.4014,0.6887,0.4897,0.429,0.6223
7923,0.0761,0.6973168253898621,0.5093749761581421,0.179,0.4062,0.6873,0.4892,0.4276,0.6345
7924,0.0764,0.6956498622894287,0.5464285612106323,0.1804,0.4029,0.6878,0.4902,0.4265,0.6305
7925,0.0771,0.6986303925514221,0.5303571224212646,0.1817,0.4076,0.6877,0.4873,0.4276,0.6288
7926,0.0678,0.6900722980499268,0.5754464268684387,0.1829,0.4013,0.6887,0.4881,0.4201,0.6238
7927,0.0771,0.6913964152336121,0.5776785612106323,0.1842,0.4118,0.6869,0.4866,0.4298,0.6367
7928,0.0796,0.701556921005249,0.4883928596973419,0.1856,0.4043,0.689,0.4881,0.4292,0.6205
7929,0.0646,0.6990069150924683,0.5321428775787354,0.1867,0.4095,0.6865,0.4888,0.4306,0.6394
7930,0.0758,0.7028084993362427,0.4794642925262451,0.1881,0.4038,0.6876,0.4916,0.4305,0.6341
7931,0.0791,0.7026941776275635,0.4959821403026581,0.1894,0.4017,0.6879,0.4893,0.4225,0.628
7932,0.0793,0.6930742859840393,0.5566964149475098,0.1908,0.4088,0.6859,0.4887,0.4278,0.6418
7933,0.0769,0.6978002190589905,0.5232142806053162,0.1921,0.4081,0.6875,0.4881,0.4296,0.6316
7934,0.0771,0.6960276961326599,0.5379464030265808,0.1935,0.4048,0.6871,0.4887,0.4238,0.6345
7935,0.0768,0.6975743770599365,0.5178571343421936,0.1948,0.4058,0.6876,0.4893,0.4269,0.6362
7936,0.0779,0.6936165690422058,0.5732142925262451,0.1962,0.4108,0.6859,0.4901,0.4373,0.6431
7937,0.0767,0.6961699724197388,0.5473214387893677,0.1975,0.4097,0.6858,0.4899,0.4336,0.6437
7938,0.0815,0.6891803741455078,0.5866071581840515,0.1989,0.4,0.6895,0.4882,0.4237,0.6157
7939,0.08,0.6991467475891113,0.5160714387893677,0.2003,0.4002,0.6879,0.4903,0.419,0.6293
7940,0.0781,0.6902472376823425,0.5767857432365417,0.2017,0.4079,0.687,0.4908,0.4354,0.6358
7941,0.0772,0.6925077438354492,0.5727678537368774,0.203,0.4033,0.6889,0.4893,0.4282,0.6248
7942,0.0782,0.6956672072410583,0.5392857193946838,0.2044,0.4028,0.6882,0.4877,0.4188,0.6294
7943,0.0783,0.6975111365318298,0.5321428775787354,0.2057,0.4072,0.6869,0.4902,0.433,0.6372
7944,0.0683,0.6980034112930298,0.5285714268684387,0.207,0.3969,0.6884,0.4921,0.4257,0.6232
7945,0.0765,0.6968304514884949,0.5357142686843872,0.2083,0.3957,0.6905,0.4886,0.4213,0.6075
7946,0.0785,0.6943206787109375,0.5553571581840515,0.2096,0.4074,0.6865,0.4876,0.4214,0.6405
7947,0.0763,0.6966601610183716,0.534375011920929,0.211,0.4199,0.6836,0.4887,0.4398,0.6603
7948,0.0767,0.695464551448822,0.5334821343421936,0.2123,0.4023,0.6892,0.4897,0.4348,0.6162
7949,0.0784,0.6931191682815552,0.5651785731315613,0.2137,0.4116,0.6863,0.4887,0.4345,0.64
7950,0.0819,0.6938402056694031,0.5562499761581421,0.2151,0.3941,0.69,0.491,0.4215,0.6123
7951,0.0798,0.6955270767211914,0.5446428656578064,0.2165,0.4073,0.6875,0.4913,0.4371,0.6358
7952,0.0786,0.6959299445152283,0.5370535850524902,0.2178,0.4038,0.6872,0.4923,0.4328,0.6369
7953,0.0744,0.6943395137786865,0.5638392567634583,0.2191,0.4035,0.6887,0.4903,0.4334,0.6239
7954,0.0777,0.6954584121704102,0.5535714030265808,0.2205,0.4036,0.6877,0.491,0.429,0.6319
7955,0.0778,0.6909034252166748,0.5745535492897034,0.2218,0.4036,0.6875,0.4912,0.4315,0.6305
7956,0.0778,0.6925930976867676,0.5714285969734192,0.2232,0.4092,0.6864,0.4897,0.4331,0.6401
7957,0.0807,0.6930128335952759,0.5665178298950195,0.2246,0.4046,0.6865,0.4898,0.4268,0.6339
7958,0.0769,0.6978917717933655,0.5133928656578064,0.2259,0.4147,0.684,0.4901,0.4378,0.6554
7959,0.0747,0.6966989040374756,0.5379464030265808,0.2272,0.4091,0.6869,0.4882,0.4307,0.6344
7960,0.0746,0.6868087649345398,0.5991071462631226,0.2285,0.4105,0.6855,0.4914,0.4373,0.6481
7961,0.0769,0.6956754326820374,0.5401785969734192,0.2298,0.4173,0.6848,0.4893,0.4425,0.6502
7962,0.0753,0.6956777572631836,0.5419642925262451,0.2311,0.4052,0.6884,0.4879,0.4251,0.6296
7963,0.0649,0.702234148979187,0.4870535731315613,0.2323,0.4072,0.6863,0.491,0.4329,0.6415
7964,0.0751,0.7003071904182434,0.5,0.2336,0.3968,0.6884,0.4886,0.4092,0.6223
7965,0.0766,0.694182276725769,0.5691964030265808,0.2349,0.404,0.6881,0.489,0.4238,0.6311
7966,0.0746,0.6930428147315979,0.5687500238418579,0.2362,0.4118,0.6858,0.4902,0.4361,0.6458
7967,0.077,0.6994432806968689,0.518750011920929,0.2376,0.4034,0.6888,0.4877,0.4249,0.6229
7968,0.0778,0.6951296925544739,0.5491071343421936,0.2389,0.4121,0.6856,0.4904,0.4374,0.6483
7969,0.0789,0.6986454129219055,0.4982142746448517,0.2403,0.4096,0.6872,0.49,0.4377,0.6357
7970,0.0791,0.6986328959465027,0.5209821462631226,0.2417,0.4021,0.6885,0.4905,0.4287,0.6268
7971,0.078,0.6986194252967834,0.5200892686843872,0.243,0.4115,0.6867,0.4888,0.4342,0.6396
7972,0.0771,0.6930119395256042,0.5625,0.2444,0.399,0.689,0.488,0.4185,0.6173
7973,0.0827,0.697162926197052,0.5254464149475098,0.2458,0.403,0.6884,0.4909,0.4303,0.6279
7974,0.0747,0.6950752139091492,0.546875,0.2471,0.3996,0.6887,0.4874,0.4149,0.6213
7975,0.0779,0.6961628198623657,0.5357142686843872,0.2485,0.4075,0.6879,0.4868,0.4247,0.6324
7976,0.0808,0.6943302750587463,0.5410714149475098,0.2499,0.3999,0.6884,0.4899,0.4236,0.625
7977,0.0815,0.7079828381538391,0.4397321343421936,0.2513,0.4135,0.6845,0.4909,0.4374,0.6551
7978,0.0774,0.6951829195022583,0.5455357432365417,0.2526,0.4005,0.6893,0.4863,0.4198,0.6147
7979,0.0782,0.6928369998931885,0.5602678656578064,0.254,0.4122,0.6858,0.4908,0.4379,0.6476
7980,0.0783,0.6944518089294434,0.5553571581840515,0.2554,0.3999,0.6884,0.4907,0.4228,0.6272
7981,0.077,0.6903648972511292,0.6000000238418579,0.2567,0.4038,0.6874,0.4899,0.4265,0.6342
7982,0.0815,0.6974449753761292,0.5285714268684387,0.2581,0.4109,0.6845,0.4899,0.4285,0.6551
7983,0.078,0.6968762278556824,0.5272321701049805,0.2595,0.4065,0.6872,0.4881,0.4259,0.6334
7984,0.0769,0.6966860890388489,0.5424107313156128,0.2608,0.4068,0.6867,0.4869,0.4219,0.6345
7985,0.0767,0.6889826059341431,0.6040178537368774,0.2622,0.4171,0.6837,0.4917,0.4393,0.6668
7986,0.0768,0.6910548806190491,0.5790178775787354,0.2635,0.4017,0.6882,0.4913,0.4296,0.6277
7987,0.0785,0.6895977258682251,0.5901785492897034,0.2649,0.4024,0.6886,0.4901,0.4279,0.6258
7988,0.0798,0.6941090226173401,0.5517857074737549,0.2662,0.3968,0.6898,0.4886,0.4168,0.615
7989,0.0797,0.6973034143447876,0.534375011920929,0.2676,0.3929,0.6904,0.4909,0.4195,0.6094
7990,0.0816,0.6950159072875977,0.5477678775787354,0.2691,0.3976,0.6898,0.4878,0.4143,0.6174
7991,0.0828,0.6952210664749146,0.5392857193946838,0.2705,0.4026,0.688,0.4882,0.4218,0.627
7992,0.0806,0.6984918117523193,0.515625,0.2719,0.4061,0.6878,0.4888,0.4311,0.6297
7993,0.0661,0.6962825059890747,0.5526785850524902,0.2731,0.4155,0.685,0.4879,0.4342,0.6497
7994,0.0769,0.6961309313774109,0.5249999761581421,0.2744,0.4157,0.6838,0.4924,0.4428,0.6644
7995,0.079,0.699061930179596,0.512499988079071,0.2758,0.4105,0.6864,0.4891,0.4336,0.6399
7996,0.0801,0.692919135093689,0.5625,0.2772,0.415,0.6834,0.4908,0.4343,0.6639
7997,0.0746,0.6960012316703796,0.559374988079071,0.2785,0.4032,0.6889,0.4895,0.4294,0.624
7998,0.0762,0.6964912414550781,0.5477678775787354,0.2798,0.3928,0.691,0.487,0.4069,0.6069
7999,0.077,0.696652352809906,0.5383928418159485,0.2811,0.4019,0.6889,0.4884,0.4251,0.6207
8000,0.0761,0.7011305093765259,0.484375,0.2825,0.4105,0.6864,0.4901,0.4363,0.6425
8001,0.0774,0.6906163096427917,0.5776785612106323,0.2838,0.4132,0.686,0.4891,0.4358,0.6444
8002,0.0806,0.6983708143234253,0.528124988079071,0.2852,0.4156,0.6854,0.4909,0.4439,0.6493
8003,0.0817,0.6973366141319275,0.5410714149475098,0.2867,0.4072,0.6871,0.4886,0.43,0.6333
8004,0.0783,0.6991588473320007,0.518750011920929,0.288,0.411,0.6871,0.4872,0.4327,0.6331
8005,0.0784,0.6915891170501709,0.5745535492897034,0.2894,0.4066,0.6871,0.4927,0.4394,0.6391
8006,0.0789,0.6973367929458618,0.5308035612106323,0.2908,0.4072,0.6863,0.4914,0.4345,0.6415
8007,0.0807,0.6924613118171692,0.5700892806053162,0.2922,0.405,0.6875,0.4914,0.4317,0.6371
8008,0.0751,0.6957775354385376,0.5441964268684387,0.2935,0.4118,0.6857,0.4876,0.4247,0.6482
8009,0.0795,0.697553277015686,0.5183035731315613,0.2948,0.4077,0.6867,0.4896,0.4294,0.6396
8010,0.0774,0.6934019327163696,0.5745535492897034,0.2962,0.4117,0.6863,0.4872,0.4309,0.6395
8011,0.079,0.6925456523895264,0.5589285492897034,0.2976,0.3989,0.6893,0.4903,0.4269,0.6178
8012,0.0777,0.6951985359191895,0.5508928298950195,0.2989,0.4052,0.6876,0.4866,0.4197,0.6292
8013,0.0789,0.6956160068511963,0.5330356955528259,0.3003,0.3971,0.6883,0.4898,0.413,0.6242
8014,0.0806,0.695128858089447,0.5379464030265808,0.3017,0.4019,0.689,0.4883,0.4256,0.6194
8015,0.0796,0.6944159865379333,0.5428571701049805,0.3031,0.4033,0.6882,0.4917,0.4354,0.6273
8016,0.079,0.6967437863349915,0.5352678298950195,0.3045,0.4066,0.687,0.4888,0.4261,0.6366
8017,0.0751,0.6951665282249451,0.543749988079071,0.3058,0.402,0.6875,0.4898,0.4225,0.6309
8018,0.078,0.6981371641159058,0.518750011920929,0.3071,0.4068,0.6872,0.4894,0.4298,0.6356
8019,0.0764,0.6923398971557617,0.5709821581840515,0.3085,0.4183,0.6849,0.4881,0.4382,0.6527
8020,0.0768,0.6894205808639526,0.596875011920929,0.3098,0.4013,0.6881,0.4901,0.4276,0.6247
8021,0.0782,0.6957899332046509,0.5383928418159485,0.3112,0.4084,0.6861,0.4901,0.4297,0.6444
8022,0.0768,0.6986088752746582,0.5218750238418579,0.3125,0.4152,0.6838,0.4909,0.4374,0.6608
8023,0.0762,0.6934419274330139,0.5633928775787354,0.3138,0.4037,0.687,0.4902,0.4237,0.6349
8024,0.0786,0.7010427117347717,0.512499988079071,0.3152,0.4068,0.6878,0.489,0.4321,0.6299
8025,0.0824,0.6924924850463867,0.5687500238418579,0.3166,0.4033,0.6873,0.4899,0.426,0.6317
8026,0.0805,0.6954662203788757,0.543749988079071,0.318,0.4084,0.6865,0.4902,0.4324,0.6415
8027,0.0801,0.698747992515564,0.5196428298950195,0.3194,0.4067,0.6862,0.4892,0.424,0.6417
8028,0.0804,0.6891663670539856,0.5977678298950195,0.3208,0.4021,0.6883,0.49,0.4266,0.6274
8029,0.076,0.6950047016143799,0.5531250238418579,0.3221,0.4052,0.6881,0.4891,0.4278,0.6319
8030,0.0766,0.6956556439399719,0.550000011920929,0.3235,0.415,0.6853,0.4898,0.4408,0.648
8031,0.0769,0.6956059336662292,0.5419642925262451,0.3248,0.3969,0.6898,0.4907,0.4252,0.6156
8032,0.0777,0.6946625709533691,0.5526785850524902,0.3262,0.4098,0.6856,0.4937,0.4469,0.6478
8033,0.0812,0.6978247761726379,0.5236607193946838,0.3276,0.4063,0.6883,0.4891,0.4315,0.629
8034,0.076,0.6913042068481445,0.5915178656578064,0.3289,0.4008,0.6879,0.4917,0.4292,0.6274
8035,0.0778,0.6921935677528381,0.5736607313156128,0.3302,0.4044,0.6879,0.4885,0.4258,0.6293
8036,0.0775,0.6956462264060974,0.5482142567634583,0.3316,0.4042,0.6872,0.489,0.4213,0.6342
8037,0.0798,0.7034291625022888,0.4674107134342193,0.333,0.4065,0.687,0.4902,0.4324,0.634
8038,0.0807,0.6916385293006897,0.5763393044471741,0.3344,0.4049,0.687,0.4923,0.4384,0.6343
8039,0.0649,0.6940523386001587,0.5513392686843872,0.3356,0.4015,0.6877,0.4896,0.4179,0.631
8040,0.0771,0.6941066384315491,0.550000011920929,0.3369,0.4067,0.6868,0.4909,0.4361,0.6348
8041,0.0775,0.694551944732666,0.5571428537368774,0.3382,0.4024,0.6882,0.4871,0.415,0.6276
8042,0.0809,0.6911253929138184,0.5745535492897034,0.3396,0.4015,0.6879,0.4906,0.4279,0.6265
8043,0.075,0.6903026103973389,0.5834821462631226,0.341,0.4041,0.6881,0.4894,0.4287,0.6273
8044,0.08,0.695838987827301,0.5308035612106323,0.3423,0.4159,0.6845,0.4897,0.4374,0.6557
8045,0.0795,0.6959579586982727,0.5441964268684387,0.3437,0.4122,0.6849,0.4923,0.44,0.6549
8046,0.0806,0.6996581554412842,0.5044642686843872,0.3451,0.4028,0.6889,0.4893,0.4289,0.6225
8047,0.0802,0.6949881911277771,0.5473214387893677,0.3465,0.4069,0.687,0.4875,0.4217,0.636
8048,0.0771,0.6926866173744202,0.5584821701049805,0.3478,0.4018,0.6896,0.4874,0.4223,0.6179
8049,0.0664,0.6963449716567993,0.5330356955528259,0.349,0.4143,0.6845,0.4891,0.4303,0.6565
8050,0.0802,0.7017562389373779,0.4875000119209289,0.3504,0.4,0.6888,0.4895,0.4219,0.6228
8051,0.0836,0.6995749473571777,0.4950892925262451,0.3519,0.3984,0.6887,0.4914,0.4283,0.6212
8052,0.0823,0.6977468132972717,0.5316964387893677,0.3533,0.3954,0.6909,0.4884,0.4197,0.6068
8053,0.0809,0.6940246820449829,0.5491071343421936,0.3547,0.4032,0.6873,0.4879,0.4225,0.6283
8054,0.0834,0.6919957995414734,0.5638392567634583,0.3562,0.4004,0.6893,0.4905,0.4325,0.6189
8055,0.0789,0.6990236639976501,0.5285714268684387,0.3575,0.4145,0.6856,0.4903,0.4409,0.6488
8056,0.0791,0.6953242421150208,0.5183035731315613,0.3589,0.4105,0.6861,0.4898,0.4343,0.6424
8057,0.0798,0.692150890827179,0.5843750238418579,0.3603,0.4158,0.6851,0.4903,0.442,0.6502
8058,0.0778,0.6947763562202454,0.5558035969734192,0.3616,0.3981,0.689,0.4898,0.42,0.6194
8059,0.078,0.6974970698356628,0.53125,0.363,0.4044,0.6883,0.4872,0.4255,0.6223
8060,0.065,0.6937128305435181,0.5589285492897034,0.3641,0.4039,0.6878,0.4911,0.4316,0.6313
8061,0.0756,0.6936367750167847,0.5495535731315613,0.3655,0.403,0.688,0.4892,0.4253,0.629
8062,0.0793,0.6964871287345886,0.5348214507102966,0.3669,0.4095,0.6868,0.4912,0.4387,0.6395
8063,0.0809,0.7043946981430054,0.4602678716182709,0.3683,0.4076,0.6876,0.4889,0.4316,0.6317
8064,0.0801,0.6994155049324036,0.5138393044471741,0.3697,0.4131,0.6848,0.4914,0.4417,0.6504
8065,0.0825,0.6949182748794556,0.5575892925262451,0.3711,0.4129,0.6855,0.4905,0.4349,0.652
8066,0.0801,0.6968390345573425,0.5415178537368774,0.3725,0.3983,0.6892,0.4897,0.4236,0.6171
8067,0.0791,0.6933379769325256,0.5678571462631226,0.3739,0.4052,0.6868,0.4917,0.4337,0.6369
8068,0.0791,0.6956014633178711,0.5401785969734192,0.3752,0.4005,0.6895,0.4922,0.4392,0.6181
8069,0.064,0.6972938179969788,0.5071428418159485,0.3764,0.4067,0.6868,0.4912,0.4349,0.637
8070,0.0736,0.6951358318328857,0.5544642806053162,0.3776,0.4202,0.6835,0.4891,0.4386,0.6661
8071,0.0747,0.6955958604812622,0.5513392686843872,0.3789,0.4036,0.6872,0.4925,0.4335,0.637
8072,0.0622,0.6990348100662231,0.5160714387893677,0.38,0.4098,0.686,0.49,0.4324,0.644
8073,0.0745,0.6932812929153442,0.5691964030265808,0.3813,0.4016,0.689,0.4858,0.42,0.6158
8074,0.078,0.6944561004638672,0.5522321462631226,0.3827,0.4067,0.6869,0.4899,0.4291,0.6379
8075,0.0823,0.6939672827720642,0.5607143044471741,0.3842,0.4163,0.6851,0.488,0.4331,0.6541
8076,0.0804,0.6964455842971802,0.5325892567634583,0.3856,0.4151,0.6843,0.4904,0.436,0.6582
8077,0.0794,0.7040181756019592,0.4772321283817291,0.3869,0.4065,0.6882,0.4894,0.4344,0.6275
8078,0.078,0.6957817077636719,0.5455357432365417,0.3883,0.4069,0.6875,0.4891,0.431,0.6301
8079,0.0798,0.6974011063575745,0.5276785492897034,0.3897,0.3999,0.6887,0.4913,0.4279,0.6248
8080,0.0772,0.7009432315826416,0.5093749761581421,0.391,0.4128,0.6842,0.4912,0.4361,0.6569
8081,0.0757,0.693644642829895,0.5517857074737549,0.3923,0.4074,0.688,0.4899,0.4363,0.6296
8082,0.0771,0.6953926682472229,0.543749988079071,0.3937,0.4077,0.6859,0.491,0.4293,0.6468
8083,0.0775,0.6965461373329163,0.5401785969734192,0.395,0.4079,0.6869,0.4903,0.4332,0.6368
8084,0.0774,0.6945679783821106,0.5535714030265808,0.3964,0.4029,0.689,0.4905,0.4354,0.6208
8085,0.0763,0.6949141025543213,0.5584821701049805,0.3977,0.4088,0.6855,0.4894,0.4244,0.6489
8086,0.0777,0.6988683342933655,0.518750011920929,0.3991,0.3989,0.6891,0.4893,0.4209,0.62
8087,0.0778,0.6929560303688049,0.5629464387893677,0.4004,0.4041,0.6888,0.486,0.4232,0.6201
8088,0.0787,0.6987729668617249,0.515625,0.4018,0.4058,0.6873,0.4887,0.425,0.6338
8089,0.0765,0.6943669319152832,0.5531250238418579,0.4031,0.3918,0.6914,0.4887,0.4151,0.6017
8090,0.0761,0.6964161992073059,0.5473214387893677,0.4045,0.4066,0.6884,0.4889,0.4315,0.6291
8091,0.0827,0.6931118369102478,0.550000011920929,0.4059,0.4085,0.6852,0.4909,0.4293,0.6504
8092,0.0784,0.6901869773864746,0.5973214507102966,0.4073,0.401,0.6883,0.4888,0.423,0.624
8093,0.0756,0.7001970410346985,0.5058035850524902,0.4086,0.4114,0.6857,0.4908,0.4371,0.6481
8094,0.0785,0.6944990754127502,0.5549107193946838,0.4099,0.4011,0.6893,0.49,0.4296,0.6194
8095,0.0771,0.6990879774093628,0.5169642567634583,0.4113,0.3971,0.6893,0.4892,0.4175,0.6184
8096,0.0799,0.6924642324447632,0.5683035850524902,0.4127,0.4017,0.6886,0.4873,0.4188,0.6228
8097,0.0635,0.6944321393966675,0.5535714030265808,0.4138,0.409,0.6864,0.4905,0.4373,0.6388
8098,0.0754,0.6963468194007874,0.5267857313156128,0.4151,0.4037,0.6881,0.4888,0.4234,0.6297
8099,0.081,0.6977403163909912,0.534375011920929,0.4165,0.4087,0.6867,0.4897,0.433,0.6382
8100,0.077,0.6912317276000977,0.5772321224212646,0.4179,0.4084,0.6867,0.4912,0.4368,0.6394
8101,0.0783,0.6867156028747559,0.621874988079071,0.4192,0.4191,0.6835,0.4916,0.4464,0.6625
8102,0.0762,0.6941021680831909,0.5419642925262451,0.4206,0.4076,0.6856,0.4909,0.4284,0.6486
8103,0.0763,0.6917760372161865,0.5709821581840515,0.4219,0.4134,0.6844,0.4911,0.4373,0.6558
8104,0.076,0.6933875679969788,0.5549107193946838,0.4232,0.4059,0.6869,0.4877,0.4216,0.6362
8105,0.0796,0.6942557096481323,0.5754464268684387,0.4246,0.4056,0.6875,0.4897,0.431,0.6319
8106,0.0775,0.6982476115226746,0.5267857313156128,0.4259,0.4064,0.6868,0.492,0.4369,0.6388
8107,0.0779,0.6918094158172607,0.5723214149475098,0.4273,0.4072,0.6878,0.4888,0.4311,0.6287
8108,0.0761,0.700803279876709,0.5049107074737549,0.4286,0.4067,0.6874,0.4891,0.4301,0.6325
8109,0.0824,0.6964913606643677,0.5236607193946838,0.43,0.3976,0.6899,0.4891,0.4164,0.6192
8110,0.0794,0.6942727565765381,0.5482142567634583,0.4315,0.4067,0.6874,0.4907,0.4363,0.632
8111,0.0639,0.7022498846054077,0.4950892925262451,0.4326,0.4143,0.6848,0.4919,0.4444,0.6551
8112,0.0738,0.6914091110229492,0.5772321224212646,0.4339,0.4098,0.6854,0.4918,0.4371,0.6487
8113,0.0777,0.6949926614761353,0.5584821701049805,0.4352,0.4031,0.689,0.4867,0.4234,0.6205
8114,0.079,0.6905084848403931,0.5754464268684387,0.4366,0.4115,0.6861,0.4903,0.4385,0.6413
8115,0.079,0.6910244822502136,0.5857142806053162,0.438,0.4058,0.6871,0.4903,0.433,0.6329
8117,0.4156,0.6937709450721741,0.5526785850524902,0.0069,0.3999,0.6895,0.4872,0.4208,0.6146
8118,0.1766,0.6966882944107056,0.5258928537368774,0.0099,0.4096,0.6858,0.4896,0.4312,0.6434
8119,0.1459,0.693964958190918,0.5513392686843872,0.0124,0.4056,0.6874,0.4889,0.4278,0.634
8120,0.1432,0.6965864896774292,0.5406249761581421,0.0149,0.409,0.6867,0.4885,0.4279,0.6391
8121,0.1046,0.6941869854927063,0.5455357432365417,0.0167,0.4009,0.6879,0.4897,0.4208,0.6283
8122,0.0909,0.6982786655426025,0.5379464030265808,0.0182,0.4047,0.6878,0.4883,0.4223,0.6298
8123,0.0936,0.698076605796814,0.4982142746448517,0.0198,0.403,0.6885,0.4888,0.4255,0.6262
8124,0.0808,0.7003486752510071,0.5116071701049805,0.0212,0.4092,0.6866,0.4896,0.4324,0.641
8125,0.081,0.6936144828796387,0.5575892925262451,0.0227,0.4086,0.6861,0.4902,0.4312,0.644
8126,0.079,0.6920427083969116,0.581250011920929,0.024,0.4049,0.6885,0.4894,0.433,0.6252
8127,0.0813,0.6917101144790649,0.5816964507102966,0.0254,0.406,0.6881,0.4862,0.4256,0.6246
8128,0.0672,0.6965005397796631,0.5352678298950195,0.0266,0.4136,0.6856,0.4906,0.4398,0.6485
8129,0.0805,0.6991360187530518,0.5142857432365417,0.028,0.4075,0.687,0.488,0.4271,0.6344
8130,0.079,0.6986837387084961,0.5,0.0294,0.4071,0.6863,0.489,0.4227,0.6419
8131,0.0882,0.6931841373443604,0.5848214030265808,0.0309,0.4067,0.6876,0.4886,0.4303,0.6305
8132,0.0753,0.6993677020072937,0.5339285731315613,0.0322,0.4041,0.6873,0.4895,0.4264,0.6307
8133,0.08,0.7029538154602051,0.4848214387893677,0.0336,0.3997,0.6893,0.4883,0.4229,0.6164
8134,0.0798,0.699144184589386,0.5017856955528259,0.035,0.4086,0.6881,0.49,0.4399,0.6287
8135,0.0788,0.6936509013175964,0.5477678775787354,0.0363,0.4087,0.6849,0.4921,0.4325,0.6531
8136,0.0832,0.6956217885017395,0.5290178656578064,0.0378,0.4096,0.6873,0.4876,0.4299,0.6354
8137,0.0633,0.696399986743927,0.5459821224212646,0.0389,0.4109,0.6856,0.4882,0.4306,0.6416
8138,0.0768,0.6937255859375,0.5504464507102966,0.0402,0.4093,0.6853,0.4918,0.4326,0.6537
8139,0.0789,0.699238657951355,0.5084821581840515,0.0416,0.4138,0.6848,0.4918,0.4404,0.6569
8140,0.0762,0.6987782716751099,0.5102678537368774,0.0429,0.4054,0.6869,0.4898,0.424,0.6389
8141,0.0762,0.6943843364715576,0.5575892925262451,0.0442,0.4088,0.6865,0.4888,0.4274,0.6402
8142,0.077,0.7015033960342407,0.4941964149475097,0.0456,0.4046,0.6867,0.4917,0.4308,0.6392
8143,0.0785,0.6977859139442444,0.5308035612106323,0.0469,0.4016,0.6885,0.49,0.4276,0.626
8144,0.0815,0.6956876516342163,0.543749988079071,0.0484,0.4126,0.6861,0.4865,0.4288,0.6414
8145,0.0786,0.6975897550582886,0.5383928418159485,0.0497,0.4041,0.6879,0.487,0.423,0.624
8146,0.0754,0.6900491714477539,0.5866071581840515,0.051,0.4007,0.6878,0.4904,0.422,0.6287
8147,0.0814,0.6992559432983398,0.5290178656578064,0.0524,0.3986,0.6889,0.4904,0.4255,0.6194
8148,0.0804,0.6961724162101746,0.534375011920929,0.0538,0.4067,0.6875,0.4884,0.4286,0.6309
8149,0.0776,0.6952999234199524,0.5406249761581421,0.0552,0.4043,0.6879,0.4874,0.4221,0.6289
8150,0.0786,0.6925075650215149,0.5526785850524902,0.0565,0.4006,0.6896,0.4891,0.4258,0.6173
8151,0.0801,0.6976733803749084,0.5348214507102966,0.0579,0.405,0.6881,0.4893,0.4302,0.6263
8152,0.0756,0.6946960687637329,0.5549107193946838,0.0593,0.4039,0.6882,0.4871,0.4206,0.6293
8153,0.0761,0.6930627226829529,0.5776785612106323,0.0606,0.4018,0.6877,0.4884,0.4146,0.6314
8154,0.0746,0.6950170397758484,0.5473214387893677,0.0619,0.4049,0.6872,0.4904,0.4255,0.6374
8155,0.0779,0.6901604533195496,0.5946428775787354,0.0632,0.4021,0.6881,0.4895,0.4249,0.626
8156,0.0767,0.6962356567382812,0.53125,0.0646,0.4063,0.6865,0.4883,0.4218,0.6398
8157,0.0759,0.6971771717071533,0.5196428298950195,0.0659,0.4154,0.6841,0.4903,0.4371,0.6579
8158,0.0823,0.7014389634132385,0.4781250059604645,0.0673,0.4053,0.6885,0.4862,0.4228,0.6244
8159,0.0776,0.6943457722663879,0.5410714149475098,0.0686,0.4117,0.6851,0.4891,0.4283,0.6507
8160,0.0774,0.6933048963546753,0.5589285492897034,0.07,0.4008,0.6882,0.4892,0.4196,0.6273
8161,0.0748,0.6928916573524475,0.5495535731315613,0.0713,0.4145,0.6854,0.489,0.4347,0.65
8162,0.0806,0.6902473568916321,0.6040178537368774,0.0727,0.4037,0.688,0.489,0.4278,0.6264
8163,0.0766,0.6925498247146606,0.5709821581840515,0.074,0.4014,0.6887,0.4889,0.4227,0.6239
8164,0.0767,0.6988607048988342,0.5209821462631226,0.0753,0.4098,0.6863,0.4885,0.4282,0.6426
8165,0.0764,0.6944587826728821,0.5473214387893677,0.0767,0.4127,0.6862,0.4906,0.4415,0.6429
8166,0.0809,0.6982454061508179,0.534375011920929,0.0781,0.4068,0.6874,0.4906,0.4342,0.6344
8167,0.0799,0.6977227926254272,0.5169642567634583,0.0795,0.4138,0.6851,0.4911,0.4386,0.6545
8168,0.0782,0.693405270576477,0.5620535612106323,0.0808,0.408,0.6876,0.49,0.437,0.6317
8169,0.0815,0.6953521370887756,0.5446428656578064,0.0822,0.4086,0.6874,0.4883,0.4308,0.6334
8170,0.082,0.6962107419967651,0.5325892567634583,0.0837,0.4127,0.6845,0.4913,0.4362,0.6549
8171,0.0809,0.6945148706436157,0.5522321462631226,0.0851,0.3977,0.6886,0.4896,0.4186,0.6216
8172,0.0784,0.6906418800354004,0.5959821343421936,0.0864,0.3965,0.689,0.4925,0.431,0.618
8173,0.0799,0.6929206848144531,0.5830357074737549,0.0878,0.4033,0.6883,0.4867,0.4192,0.6248
8174,0.0806,0.6928167343139648,0.5575892925262451,0.0892,0.4177,0.6834,0.4879,0.4325,0.6626
8175,0.0831,0.6946820020675659,0.5540178418159485,0.0906,0.4109,0.6868,0.4878,0.4335,0.6335
8176,0.079,0.696708083152771,0.5388392806053162,0.092,0.3939,0.6906,0.491,0.4196,0.6135
8177,0.0778,0.6937865018844604,0.5531250238418579,0.0934,0.3936,0.6906,0.4895,0.4187,0.6081
8178,0.0802,0.6947462558746338,0.5241071581840515,0.0948,0.3982,0.6894,0.4919,0.4332,0.6173
8179,0.0765,0.6963446736335754,0.5433035492897034,0.0961,0.4053,0.6884,0.4867,0.4224,0.6269
8180,0.0834,0.6928063035011292,0.5709821581840515,0.0975,0.4057,0.6873,0.4889,0.4252,0.6351
8181,0.0774,0.6946619153022766,0.5455357432365417,0.0989,0.4051,0.6874,0.4906,0.4325,0.6317
8182,0.0764,0.6937108039855957,0.5651785731315613,0.1002,0.4086,0.6869,0.4899,0.4322,0.6387
8183,0.077,0.697834849357605,0.5089285969734192,0.1015,0.4057,0.6873,0.4896,0.4291,0.6347
8184,0.0804,0.6947689652442932,0.5558035969734192,0.1029,0.415,0.6842,0.4902,0.4377,0.6556
8185,0.0838,0.6937556266784668,0.5589285492897034,0.1044,0.4056,0.6872,0.4896,0.4307,0.6318
8186,0.078,0.6925527453422546,0.5660714507102966,0.1057,0.4024,0.6885,0.491,0.4347,0.623
8187,0.0771,0.6944823861122131,0.5558035969734192,0.1071,0.4005,0.6895,0.4895,0.4275,0.6186
8188,0.0832,0.6931084990501404,0.5620535612106323,0.1085,0.4037,0.6878,0.489,0.4224,0.6327
8189,0.0793,0.6971019506454468,0.5379464030265808,0.1099,0.4014,0.6892,0.4881,0.4246,0.6188
8190,0.0642,0.6924962997436523,0.5571428537368774,0.111,0.4073,0.687,0.4888,0.4286,0.6349
8191,0.0778,0.6862420439720154,0.628125011920929,0.1123,0.4118,0.6862,0.4902,0.4418,0.6396
8192,0.0824,0.6976439356803894,0.5299107432365417,0.1138,0.4044,0.6875,0.491,0.4355,0.6296
8193,0.0818,0.697037398815155,0.5370535850524902,0.1152,0.4166,0.6844,0.4897,0.4413,0.6512
8194,0.0827,0.69815593957901,0.5008928775787354,0.1166,0.4081,0.6867,0.4901,0.4353,0.6358
8195,0.0652,0.6975515484809875,0.5308035612106323,0.1177,0.4098,0.686,0.4901,0.431,0.6467
8196,0.0765,0.6919435262680054,0.5660714507102966,0.1191,0.3989,0.6896,0.4891,0.4201,0.6191
8197,0.077,0.6916141510009766,0.5933035612106323,0.1204,0.41,0.6856,0.4912,0.4366,0.6458
8198,0.0797,0.6958885192871094,0.5424107313156128,0.1218,0.4024,0.6891,0.4865,0.4202,0.6207
8199,0.0803,0.6942994594573975,0.543749988079071,0.1232,0.406,0.6876,0.4864,0.421,0.6305
8200,0.0766,0.6993399262428284,0.4977678656578064,0.1245,0.4163,0.6845,0.4902,0.4394,0.6556
8201,0.0784,0.6938676834106445,0.5638392567634583,0.1259,0.4108,0.6867,0.4865,0.4256,0.6394
8202,0.077,0.6932559013366699,0.5477678775787354,0.1272,0.401,0.6892,0.4917,0.4373,0.62
8203,0.0781,0.6914353370666504,0.5669642686843872,0.1286,0.4006,0.6886,0.4912,0.4293,0.6249
8204,0.0821,0.6904236674308777,0.5991071462631226,0.13,0.4036,0.6881,0.4892,0.4262,0.6286
8205,0.0777,0.6974107623100281,0.5406249761581421,0.1313,0.4009,0.6895,0.4892,0.4284,0.616
8206,0.0622,0.6845748424530029,0.6303571462631226,0.1324,0.409,0.6859,0.4894,0.4267,0.6452
8207,0.0744,0.6938100457191467,0.5526785850524902,0.1337,0.4051,0.6871,0.4881,0.4203,0.635
8208,0.075,0.6921440958976746,0.5870535969734192,0.135,0.3976,0.6894,0.488,0.4128,0.6184
8209,0.0636,0.6981198787689209,0.5214285850524902,0.1361,0.4106,0.6865,0.4898,0.4353,0.6424
8210,0.0748,0.6979881525039673,0.5183035731315613,0.1374,0.3976,0.6885,0.4904,0.4137,0.6266
8211,0.0773,0.698600709438324,0.5058035850524902,0.1388,0.4133,0.6851,0.4879,0.4304,0.6489
8212,0.0782,0.6902120113372803,0.5919643044471741,0.1401,0.3997,0.6898,0.488,0.4218,0.6149
8213,0.0797,0.695429265499115,0.5504464507102966,0.1415,0.3941,0.6902,0.4888,0.4134,0.612
8214,0.0767,0.693842351436615,0.5544642806053162,0.1428,0.4037,0.6876,0.4898,0.4272,0.6305
8215,0.0764,0.6956226229667664,0.5522321462631226,0.1442,0.3918,0.6907,0.4899,0.4188,0.6037
8216,0.0808,0.6953961253166199,0.5575892925262451,0.1456,0.4104,0.6853,0.4874,0.424,0.6466
8217,0.0802,0.6942337155342102,0.5424107313156128,0.1469,0.407,0.6876,0.489,0.4314,0.6311
8218,0.0759,0.6908371448516846,0.5709821581840515,0.1483,0.3986,0.6889,0.4911,0.4299,0.6211
8219,0.0736,0.7020270824432373,0.4910714328289032,0.1495,0.4,0.6898,0.4877,0.4246,0.6118
8220,0.0771,0.6948447823524475,0.5540178418159485,0.1509,0.4105,0.6867,0.4857,0.4245,0.6373
8221,0.0772,0.6981931328773499,0.5008928775787354,0.1522,0.4051,0.6867,0.4893,0.4207,0.6395
8222,0.0792,0.6962680220603943,0.5441964268684387,0.1536,0.4082,0.687,0.4879,0.4277,0.6359
8223,0.0787,0.6915587186813354,0.5874999761581421,0.1549,0.412,0.6852,0.49,0.4332,0.6507
8224,0.0787,0.6931797862052917,0.5674107074737549,0.1563,0.4024,0.6875,0.4886,0.4199,0.6299
8225,0.076,0.6971126794815063,0.5325892567634583,0.1576,0.4057,0.6868,0.4907,0.4281,0.6402
8226,0.0794,0.696858286857605,0.5401785969734192,0.159,0.4115,0.6845,0.4906,0.4329,0.6535
8227,0.0771,0.6932654976844788,0.5660714507102966,0.1603,0.4086,0.6858,0.4887,0.4254,0.6443
8228,0.0833,0.6987642645835876,0.5107142925262451,0.1618,0.4075,0.6864,0.4903,0.4299,0.6433
8229,0.0782,0.6924846768379211,0.5625,0.1631,0.4077,0.6874,0.491,0.4367,0.6374
8230,0.0784,0.6967818140983582,0.5334821343421936,0.1645,0.4108,0.6866,0.4892,0.4337,0.6408
8231,0.0779,0.6933045983314514,0.5544642806053162,0.1659,0.413,0.6862,0.4884,0.4344,0.6428
8232,0.0779,0.6943365335464478,0.5428571701049805,0.1672,0.4094,0.6865,0.488,0.4291,0.6379
8233,0.0771,0.6918611526489258,0.5741071701049805,0.1685,0.4112,0.6862,0.4882,0.4294,0.6427
8234,0.0761,0.6974621415138245,0.534375011920929,0.1699,0.4139,0.6844,0.4901,0.4315,0.6593
8235,0.0786,0.6888092756271362,0.6044642925262451,0.1712,0.4036,0.6872,0.4897,0.4252,0.632
8236,0.0768,0.7003856897354126,0.5120535492897034,0.1726,0.4016,0.6883,0.4874,0.4182,0.6245
8237,0.0749,0.6928586959838867,0.5651785731315613,0.1739,0.4123,0.6859,0.4886,0.4316,0.6462
8238,0.0745,0.7009662389755249,0.5017856955528259,0.1751,0.4102,0.6862,0.4892,0.4336,0.6393
8239,0.076,0.6942505836486816,0.5517857074737549,0.1765,0.4044,0.6876,0.4904,0.4315,0.6306
8240,0.0827,0.6937331557273865,0.5566964149475098,0.1779,0.4033,0.6877,0.4887,0.4242,0.6284
8241,0.0788,0.6946096420288086,0.550000011920929,0.1793,0.4102,0.6858,0.4908,0.4371,0.6435
8242,0.0754,0.6919686198234558,0.5669642686843872,0.1806,0.4182,0.6835,0.4912,0.4445,0.6596
8243,0.0778,0.6982710361480713,0.5178571343421936,0.1819,0.4112,0.6852,0.4901,0.4326,0.6502
8244,0.0803,0.6946255564689636,0.5526785850524902,0.1833,0.4158,0.6844,0.49,0.436,0.6599
8245,0.0777,0.6916934251785278,0.5674107074737549,0.1847,0.4074,0.6861,0.4899,0.4265,0.6435
8246,0.0767,0.6922721266746521,0.5441964268684387,0.186,0.4057,0.6879,0.4882,0.4241,0.6322
8247,0.0776,0.6955038905143738,0.5433035492897034,0.1873,0.4016,0.6892,0.4862,0.4194,0.6162
8248,0.0761,0.6960170865058899,0.5522321462631226,0.1887,0.4018,0.6881,0.4889,0.4207,0.6279
8249,0.0789,0.6963770985603333,0.5330356955528259,0.19,0.3995,0.6884,0.4919,0.4286,0.6262
8250,0.0807,0.6997309923171997,0.5272321701049805,0.1914,0.4058,0.6867,0.4888,0.4249,0.6361
8251,0.0658,0.6980425119400024,0.5183035731315613,0.1926,0.4011,0.6873,0.4899,0.4179,0.6332
8252,0.0803,0.691932201385498,0.5924107432365417,0.194,0.4036,0.6878,0.49,0.4305,0.6255
8253,0.0662,0.6973618268966675,0.5169642567634583,0.1951,0.4184,0.6846,0.4887,0.4396,0.6546
8254,0.0741,0.6985256671905518,0.5272321701049805,0.1964,0.3985,0.6882,0.4901,0.4201,0.6238
8255,0.0788,0.6914986371994019,0.5709821581840515,0.1978,0.4162,0.6834,0.4913,0.4379,0.6657
8256,0.0865,0.6984224319458008,0.5142857432365417,0.1993,0.4079,0.6862,0.4919,0.4394,0.6408
8257,0.084,0.6934340000152588,0.5691964030265808,0.2007,0.4051,0.6876,0.4898,0.4311,0.6305
8258,0.0811,0.6948511004447937,0.5607143044471741,0.2021,0.4093,0.6866,0.4886,0.4351,0.6336
8259,0.0785,0.6924455165863037,0.581250011920929,0.2035,0.4018,0.6878,0.4911,0.4323,0.6277
8260,0.0769,0.693884551525116,0.5584821701049805,0.2048,0.4151,0.6841,0.4913,0.4405,0.6573
8261,0.0832,0.6912724375724792,0.5897321701049805,0.2063,0.4032,0.6888,0.4911,0.4351,0.6261
8262,0.0821,0.6920151710510254,0.5861607193946838,0.2077,0.412,0.6856,0.4905,0.4383,0.6463
8263,0.0777,0.6946987509727478,0.5419642925262451,0.209,0.4151,0.6839,0.4885,0.4304,0.6574
8264,0.0813,0.6977658867835999,0.5263392925262451,0.2104,0.4027,0.6875,0.4878,0.4209,0.6271
8265,0.0736,0.6941714286804199,0.5482142567634583,0.2117,0.4012,0.6886,0.4903,0.4293,0.625
8266,0.074,0.6961730718612671,0.5303571224212646,0.213,0.4122,0.6854,0.4898,0.4337,0.6491
8268,0.4433,0.6935093402862549,0.5598214268684387,0.0074,0.4083,0.6873,0.4888,0.4323,0.6318
8269,0.2188,0.69377601146698,0.5531250238418579,0.0111,0.4106,0.6852,0.4914,0.4356,0.6526
8270,0.1591,0.6935802102088928,0.5566964149475098,0.0138,0.4096,0.686,0.4912,0.4399,0.6419
8271,0.1347,0.6973724365234375,0.5249999761581421,0.0161,0.4095,0.6863,0.488,0.4245,0.6434
8272,0.1155,0.701445460319519,0.5058035850524902,0.0181,0.4016,0.689,0.4883,0.4234,0.6222
8273,0.1114,0.6922698020935059,0.5625,0.02,0.3998,0.6889,0.4892,0.4238,0.6209
8274,0.1129,0.6982377767562866,0.5160714387893677,0.0219,0.4007,0.6893,0.4914,0.4344,0.6217
8275,0.0955,0.6954209208488464,0.5392857193946838,0.0236,0.4027,0.6884,0.4903,0.4293,0.6255
8276,0.1025,0.6956019997596741,0.5218750238418579,0.0253,0.4016,0.6887,0.4897,0.4276,0.6231
8277,0.095,0.6988340020179749,0.5191964507102966,0.027,0.3944,0.6905,0.4891,0.417,0.6082
8278,0.0882,0.6952981948852539,0.5339285731315613,0.0285,0.4122,0.6858,0.4912,0.4419,0.6459
8279,0.0948,0.6936006546020508,0.5535714030265808,0.0301,0.392,0.6919,0.4868,0.4123,0.5996
8280,0.0942,0.6916228532791138,0.5772321224212646,0.0318,0.4088,0.6857,0.4906,0.4295,0.6477
8281,0.0945,0.6906426548957825,0.5816964507102966,0.0334,0.3996,0.6897,0.4881,0.4224,0.6148
8282,0.069,0.6942987442016602,0.5446428656578064,0.0346,0.4055,0.687,0.4904,0.4319,0.6338
8283,0.0796,0.6942507028579712,0.5584821701049805,0.036,0.4125,0.6861,0.4884,0.433,0.6443
8284,0.0838,0.6940686702728271,0.5517857074737549,0.0374,0.4052,0.6873,0.4897,0.4297,0.6332
8285,0.0812,0.7017244100570679,0.5004464387893677,0.0388,0.4122,0.6853,0.4911,0.4387,0.6495
8286,0.0794,0.6985439658164978,0.5169642567634583,0.0402,0.4085,0.6858,0.4893,0.428,0.6428
8287,0.082,0.7016845941543579,0.4959821403026581,0.0416,0.398,0.6889,0.4888,0.4172,0.6195
8288,0.0827,0.6928939819335938,0.5477678775787354,0.043,0.4073,0.6878,0.4887,0.4302,0.6317
8289,0.0783,0.6930504441261292,0.5611607432365417,0.0444,0.3983,0.6897,0.4902,0.4256,0.6174
8290,0.0809,0.6988492012023926,0.5258928537368774,0.0458,0.3949,0.6901,0.4878,0.4138,0.6109
8291,0.08,0.693479597568512,0.5544642806053162,0.0472,0.4168,0.6856,0.4877,0.4372,0.6476
8292,0.0789,0.6940804719924927,0.5723214149475098,0.0486,0.409,0.6865,0.4895,0.429,0.6437
8293,0.0782,0.7046444416046143,0.4651785790920257,0.0499,0.4087,0.686,0.4904,0.4341,0.6415
8294,0.0839,0.6985343098640442,0.5321428775787354,0.0514,0.4068,0.686,0.4917,0.4304,0.6458
8295,0.0779,0.6979387402534485,0.5258928537368774,0.0527,0.4083,0.6875,0.4874,0.4285,0.6329
8296,0.0787,0.7009732723236084,0.4866071343421936,0.0541,0.4122,0.6856,0.4892,0.4329,0.6463
8297,0.0799,0.6994675993919373,0.5191964507102966,0.0555,0.4041,0.6877,0.4915,0.4341,0.6345
8298,0.075,0.697821855545044,0.5441964268684387,0.0568,0.4153,0.6844,0.4891,0.4336,0.6562
8299,0.0779,0.6964046359062195,0.546875,0.0581,0.4178,0.6843,0.489,0.4375,0.6586
8300,0.0788,0.6930322051048279,0.5544642806053162,0.0595,0.4066,0.6876,0.4899,0.4351,0.6301
8301,0.0764,0.697513222694397,0.5218750238418579,0.0608,0.4056,0.6867,0.4909,0.4335,0.6355
8302,0.0837,0.6981486678123474,0.5196428298950195,0.0623,0.4075,0.6867,0.4905,0.4309,0.6419
8303,0.0792,0.6987477540969849,0.5200892686843872,0.0637,0.4123,0.6851,0.489,0.4293,0.6518
8304,0.0827,0.6992765665054321,0.5178571343421936,0.0651,0.4029,0.688,0.4902,0.4324,0.6238
8305,0.0802,0.692851185798645,0.5540178418159485,0.0665,0.3988,0.6889,0.4886,0.4162,0.6233
8306,0.0802,0.6954120993614197,0.5379464030265808,0.0679,0.4006,0.6897,0.489,0.4254,0.619
8307,0.081,0.6959869265556335,0.5446428656578064,0.0693,0.3948,0.6902,0.4921,0.4274,0.6135
8308,0.0857,0.6974146962165833,0.5223214030265808,0.0707,0.4063,0.6875,0.49,0.4324,0.633
8309,0.0752,0.698084831237793,0.5111607313156128,0.0721,0.3961,0.6902,0.4903,0.4279,0.6094
8310,0.0792,0.6976547241210938,0.5294643044471741,0.0734,0.4075,0.6876,0.4901,0.4344,0.6344
8311,0.0654,0.692547619342804,0.5709821581840515,0.0746,0.4052,0.6873,0.4898,0.4299,0.6314
8312,0.0756,0.6965984106063843,0.5348214507102966,0.0759,0.407,0.6867,0.4891,0.4289,0.6361
8313,0.0826,0.6958910226821899,0.5383928418159485,0.0773,0.4144,0.685,0.491,0.4402,0.6524
8314,0.0819,0.6985923647880554,0.5147321224212646,0.0787,0.4031,0.6875,0.4899,0.4265,0.6316
8315,0.082,0.6942173838615417,0.5598214268684387,0.0801,0.4077,0.687,0.4908,0.4376,0.6355
8316,0.0823,0.6949140429496765,0.5339285731315613,0.0816,0.4032,0.6869,0.4901,0.425,0.6344
8317,0.0801,0.6979013681411743,0.5223214030265808,0.083,0.4026,0.6878,0.4875,0.4195,0.6268
8318,0.0798,0.6940721869468689,0.5459821224212646,0.0843,0.4034,0.6885,0.4909,0.4326,0.6296
8319,0.0787,0.6908050775527954,0.5816964507102966,0.0857,0.4127,0.6857,0.4898,0.4361,0.6469
8320,0.0807,0.6964250206947327,0.5455357432365417,0.0871,0.4028,0.6879,0.4883,0.4215,0.6295
8321,0.0752,0.6901515126228333,0.6000000238418579,0.0884,0.3974,0.6896,0.4931,0.4365,0.618
8322,0.0758,0.6948980093002319,0.5464285612106323,0.0897,0.4139,0.6849,0.4887,0.4332,0.6511
8323,0.0751,0.6941872835159302,0.5562499761581421,0.091,0.4088,0.6876,0.487,0.4285,0.6324
8324,0.0782,0.6934565305709839,0.5687500238418579,0.0924,0.4056,0.6867,0.4882,0.4226,0.6347
8325,0.0811,0.6950770616531372,0.5357142686843872,0.0938,0.4137,0.6853,0.4902,0.4404,0.6459
8326,0.0637,0.6912070512771606,0.5665178298950195,0.0949,0.4148,0.6843,0.49,0.4341,0.6596
8327,0.077,0.6960721015930176,0.5428571701049805,0.0962,0.3967,0.6905,0.4873,0.418,0.6102
8328,0.082,0.6960713267326355,0.5321428775787354,0.0977,0.4116,0.6873,0.4888,0.437,0.6359
8329,0.0808,0.6939301490783691,0.5486606955528259,0.0991,0.4025,0.6885,0.4901,0.4268,0.6295
8330,0.0784,0.6957405805587769,0.534375011920929,0.1004,0.4115,0.686,0.4901,0.4385,0.644
8331,0.077,0.6974509954452515,0.5102678537368774,0.1018,0.4142,0.684,0.4906,0.4331,0.6611
8332,0.0771,0.6954289078712463,0.5464285612106323,0.1031,0.41,0.6856,0.49,0.4276,0.6502
8333,0.0761,0.6971127986907959,0.5522321462631226,0.1044,0.4131,0.6847,0.492,0.4412,0.6541
8334,0.0788,0.6966266632080078,0.5357142686843872,0.1058,0.4023,0.6885,0.488,0.4211,0.6258
8335,0.0757,0.6995238065719604,0.5066964030265808,0.1071,0.405,0.6872,0.4872,0.4205,0.6321
8336,0.077,0.692204475402832,0.5700892806053162,0.1084,0.3917,0.6925,0.4869,0.4152,0.5951
8337,0.0845,0.6983687877655029,0.5223214030265808,0.1099,0.4029,0.6878,0.4896,0.4223,0.6324
8338,0.0816,0.6961075663566589,0.5299107432365417,0.1113,0.4065,0.6871,0.4903,0.4323,0.6354
8339,0.0815,0.6940272450447083,0.5428571701049805,0.1127,0.4132,0.6849,0.4924,0.441,0.6569
8340,0.0778,0.6919044256210327,0.5799106955528259,0.1141,0.4129,0.685,0.4891,0.4323,0.6497
8341,0.0802,0.6976215243339539,0.5379464030265808,0.1154,0.4057,0.6872,0.4927,0.4391,0.6372
8342,0.0789,0.6900850534439087,0.5821428298950195,0.1168,0.4025,0.6879,0.4907,0.4254,0.6313
8343,0.0818,0.6926202774047852,0.5736607313156128,0.1182,0.4074,0.6872,0.4904,0.4348,0.6343
8344,0.0815,0.698267936706543,0.5147321224212646,0.1196,0.3997,0.6887,0.4891,0.4204,0.6233
8345,0.0829,0.6912429928779602,0.5928571224212646,0.1211,0.4085,0.6866,0.4891,0.4322,0.6375
8346,0.0658,0.6975589394569397,0.5196428298950195,0.1222,0.4042,0.6878,0.4899,0.4259,0.6328
8347,0.0759,0.6964606046676636,0.5357142686843872,0.1235,0.4041,0.6879,0.4924,0.4388,0.6311
8348,0.0793,0.7010030746459961,0.5008928775787354,0.1249,0.4054,0.6871,0.492,0.4347,0.6371
8349,0.0856,0.699057400226593,0.5022321343421936,0.1264,0.4072,0.6866,0.4887,0.4272,0.6373
8350,0.0809,0.6951560378074646,0.5406249761581421,0.1278,0.4048,0.6884,0.4881,0.4242,0.6289
8351,0.0778,0.6963585019111633,0.5236607193946838,0.1292,0.3983,0.6899,0.4886,0.4252,0.6112
8352,0.0814,0.7000818848609924,0.5062500238418579,0.1306,0.4096,0.687,0.4879,0.428,0.6366
8353,0.0684,0.6986886262893677,0.5232142806053162,0.1318,0.3917,0.6905,0.4898,0.4111,0.6082
8354,0.0827,0.6937568187713623,0.5665178298950195,0.1332,0.4035,0.6884,0.4886,0.4254,0.6251
8355,0.0818,0.6973293423652649,0.5227678418159485,0.1346,0.4094,0.6872,0.49,0.4369,0.6369
8356,0.0815,0.6950120329856873,0.5602678656578064,0.136,0.4125,0.6866,0.4885,0.4336,0.6419
8357,0.0768,0.6923186779022217,0.5616071224212646,0.1373,0.401,0.689,0.4894,0.4253,0.6211
8358,0.0782,0.6997969746589661,0.5040178298950195,0.1387,0.4018,0.689,0.4883,0.4216,0.6233
8359,0.0771,0.6944604516029358,0.559374988079071,0.14,0.4099,0.6856,0.4907,0.432,0.6487
8360,0.0771,0.6987372636795044,0.5178571343421936,0.1414,0.4018,0.6887,0.4892,0.4239,0.6264
8361,0.0822,0.6908525824546814,0.5901785492897034,0.1428,0.406,0.6869,0.49,0.4285,0.6362
8362,0.0808,0.6924871206283569,0.5571428537368774,0.1442,0.403,0.6878,0.4905,0.4255,0.6322
8363,0.0787,0.6964977383613586,0.515625,0.1456,0.4075,0.6861,0.4886,0.4273,0.6375
8364,0.0835,0.6871634125709534,0.6098214387893677,0.147,0.4084,0.6869,0.4897,0.4339,0.6355
8365,0.0779,0.6946502327919006,0.5455357432365417,0.1484,0.4125,0.6851,0.4909,0.4372,0.6522
8366,0.0782,0.6960982084274292,0.543749988079071,0.1497,0.3997,0.6898,0.4896,0.4286,0.6165
8367,0.0835,0.6962870359420776,0.5357142686843872,0.1512,0.4003,0.6894,0.4879,0.4241,0.6146
8368,0.0768,0.6888322234153748,0.5964285731315613,0.1525,0.4023,0.6886,0.4908,0.4305,0.6275
8369,0.0772,0.6918540596961975,0.5959821343421936,0.1538,0.4178,0.6848,0.4905,0.4445,0.6539
8370,0.0775,0.6946561336517334,0.5562499761581421,0.1552,0.4096,0.6849,0.4919,0.4351,0.6507
8371,0.0773,0.6978442668914795,0.5263392925262451,0.1565,0.4028,0.6884,0.4898,0.4272,0.6263
8372,0.0818,0.6973203420639038,0.5290178656578064,0.1579,0.4098,0.6858,0.4894,0.4251,0.6491
8373,0.0798,0.6957637667655945,0.5303571224212646,0.1593,0.4118,0.6851,0.4902,0.4341,0.6508
8374,0.0792,0.6914438009262085,0.5767857432365417,0.1607,0.414,0.6854,0.489,0.4367,0.6459
8375,0.0768,0.6915439963340759,0.5705357193946838,0.162,0.4038,0.6868,0.4905,0.423,0.6391
8376,0.0811,0.6884798407554626,0.5924107432365417,0.1634,0.4107,0.6859,0.4883,0.4291,0.6432
8377,0.0767,0.6940158009529114,0.5571428537368774,0.1647,0.3994,0.6882,0.4894,0.4171,0.6273
8378,0.077,0.6951090693473816,0.5446428656578064,0.1661,0.4035,0.6885,0.4914,0.4343,0.6284
8379,0.0805,0.6944272518157959,0.5584821701049805,0.1675,0.4002,0.6887,0.4918,0.4356,0.6217
8380,0.0804,0.6911611557006836,0.5799106955528259,0.1689,0.417,0.6833,0.4909,0.4391,0.6654
8381,0.0781,0.6951144933700562,0.5366071462631226,0.1702,0.4086,0.6864,0.49,0.43,0.6434
8382,0.0794,0.6920792460441589,0.5723214149475098,0.1716,0.3984,0.6894,0.4909,0.4249,0.6205
8383,0.0792,0.6940208673477173,0.5566964149475098,0.173,0.4047,0.6877,0.4896,0.4283,0.6317
8384,0.0821,0.707750141620636,0.4410714209079742,0.1744,0.4006,0.689,0.4906,0.4289,0.6219
8385,0.0799,0.6960370540618896,0.5433035492897034,0.1758,0.4027,0.6881,0.4868,0.4188,0.6266
8386,0.0783,0.6971027851104736,0.5254464149475098,0.1771,0.401,0.6884,0.4927,0.4391,0.6246
8387,0.0777,0.6963695883750916,0.5504464507102966,0.1785,0.4106,0.6858,0.49,0.4328,0.6469
8388,0.0809,0.6979084610939026,0.5334821343421936,0.1799,0.4096,0.6854,0.4896,0.4302,0.6458
8389,0.0774,0.6984979510307312,0.5169642567634583,0.1812,0.4112,0.6855,0.49,0.432,0.6494
8390,0.0817,0.6918740272521973,0.5727678537368774,0.1826,0.4114,0.6852,0.4904,0.4333,0.6505
8391,0.0796,0.7018073201179504,0.4825892746448517,0.184,0.4178,0.6843,0.4876,0.4344,0.6569
8392,0.0787,0.6966354846954346,0.5303571224212646,0.1854,0.3988,0.6887,0.4884,0.4151,0.6211
8393,0.0758,0.6946508884429932,0.5535714030265808,0.1867,0.4079,0.6879,0.4878,0.4312,0.6275
8394,0.0776,0.6947446465492249,0.5678571462631226,0.188,0.408,0.6875,0.4906,0.4392,0.6326
8395,0.0791,0.6895018219947815,0.5959821343421936,0.1894,0.4067,0.6865,0.4902,0.4309,0.6388
8396,0.0802,0.695012092590332,0.5392857193946838,0.1908,0.4067,0.6877,0.4881,0.4288,0.63
8397,0.082,0.6963353753089905,0.5339285731315613,0.1922,0.4118,0.6847,0.4912,0.435,0.6536
8398,0.0812,0.6928296089172363,0.5638392567634583,0.1936,0.4019,0.6878,0.4881,0.4174,0.629
8399,0.0809,0.6981869339942932,0.5174106955528259,0.195,0.4126,0.6851,0.49,0.4354,0.6503
8400,0.0793,0.6966498494148254,0.5308035612106323,0.1964,0.4151,0.6833,0.4904,0.4358,0.6602
8401,0.0648,0.6891787648200989,0.6013392806053162,0.1975,0.4071,0.687,0.4893,0.4288,0.6379
8402,0.0746,0.6977005004882812,0.5142857432365417,0.1988,0.408,0.6872,0.491,0.4424,0.6323
8403,0.0787,0.6917564272880554,0.5741071701049805,0.2002,0.4057,0.6878,0.4867,0.4202,0.6317
8404,0.079,0.6940914392471313,0.5410714149475098,0.2016,0.4026,0.6882,0.4897,0.4271,0.6278
8405,0.0791,0.6941507458686829,0.5776785612106323,0.2029,0.4006,0.689,0.4891,0.4261,0.6187
8406,0.0755,0.7013107538223267,0.5075892806053162,0.2043,0.4018,0.6891,0.4876,0.422,0.6207
8407,0.0777,0.6982086300849915,0.5138393044471741,0.2056,0.3936,0.6909,0.4914,0.4288,0.606
8408,0.0779,0.6909836530685425,0.5852678418159485,0.207,0.4051,0.687,0.49,0.4264,0.6363
8409,0.0837,0.700046181678772,0.5093749761581421,0.2084,0.3967,0.6889,0.4901,0.4174,0.6203
8410,0.0817,0.697455644607544,0.5446428656578064,0.2098,0.4025,0.6886,0.489,0.4264,0.6252
8411,0.0836,0.6916739344596863,0.581250011920929,0.2113,0.4053,0.6875,0.4901,0.4275,0.6361
8412,0.0827,0.6942257881164551,0.5691964030265808,0.2127,0.4038,0.6873,0.4898,0.4235,0.6362
8413,0.0794,0.6974776983261108,0.5223214030265808,0.2141,0.4092,0.6862,0.4909,0.4361,0.6434
8414,0.0819,0.6945627927780151,0.5455357432365417,0.2155,0.4046,0.6881,0.4889,0.426,0.6286
8415,0.0811,0.6923357248306274,0.5651785731315613,0.2169,0.4102,0.686,0.4906,0.4346,0.6455
8416,0.0784,0.6964108347892761,0.5272321701049805,0.2182,0.4073,0.6862,0.4899,0.4287,0.6419
8417,0.079,0.6970463395118713,0.5178571343421936,0.2196,0.4055,0.6878,0.4882,0.4243,0.6319
8418,0.0776,0.6969528794288635,0.5459821224212646,0.221,0.3963,0.6899,0.4906,0.4253,0.6149
8419,0.0768,0.6981499791145325,0.5205357074737549,0.2223,0.4007,0.6887,0.4907,0.429,0.6233
8420,0.0793,0.6985539793968201,0.5249999761581421,0.2237,0.4122,0.6852,0.4912,0.4382,0.6509
8421,0.0799,0.6998174786567688,0.5285714268684387,0.2251,0.3998,0.6891,0.4893,0.4215,0.6212
8422,0.0771,0.6970536112785339,0.534375011920929,0.2264,0.4052,0.6878,0.4903,0.4312,0.6312
8423,0.0795,0.6956261992454529,0.5397321581840515,0.2278,0.4027,0.6882,0.4888,0.4264,0.625
8424,0.0787,0.6958932280540466,0.5428571701049805,0.2291,0.4143,0.6844,0.493,0.4468,0.6576
8425,0.074,0.693280816078186,0.5696428418159485,0.2304,0.4044,0.6874,0.4905,0.4302,0.6316
8426,0.0756,0.6985872387886047,0.515625,0.2317,0.4064,0.6876,0.4883,0.4259,0.6329
8427,0.0651,0.6922542452812195,0.578125,0.2329,0.4008,0.6893,0.489,0.4271,0.6182
8428,0.0731,0.6956812143325806,0.5410714149475098,0.2341,0.4045,0.6887,0.4883,0.4272,0.6253
8429,0.0791,0.6922680735588074,0.5754464268684387,0.2355,0.4143,0.6853,0.4891,0.4373,0.6467
8430,0.0782,0.6983476281166077,0.5196428298950195,0.2369,0.4065,0.6858,0.49,0.4241,0.6426
8431,0.0745,0.6873248219490051,0.6129464507102966,0.2382,0.3997,0.6888,0.4892,0.4229,0.6204
8432,0.0748,0.6953467726707458,0.5486606955528259,0.2395,0.4131,0.6848,0.4892,0.4337,0.6494
8433,0.0791,0.6969569325447083,0.53125,0.2408,0.4031,0.6871,0.4892,0.4198,0.6346
8434,0.0776,0.6993578672409058,0.4986607134342193,0.2422,0.4039,0.6872,0.49,0.4244,0.6343
8435,0.0794,0.6961480379104614,0.53125,0.2436,0.402,0.6892,0.4889,0.4254,0.622
8436,0.0784,0.6918059587478638,0.5700892806053162,0.2449,0.4084,0.6877,0.4869,0.4277,0.6308
8437,0.0846,0.693756103515625,0.5566964149475098,0.2464,0.4051,0.6866,0.4899,0.4255,0.6404
8438,0.0796,0.6950029134750366,0.5508928298950195,0.2478,0.4156,0.6847,0.4891,0.4366,0.6513
8439,0.0766,0.7006587386131287,0.4888392984867096,0.2491,0.4228,0.6839,0.4888,0.4446,0.6595
8440,0.0826,0.6970221996307373,0.5138393044471741,0.2505,0.4008,0.6877,0.4905,0.4211,0.6317
8441,0.0766,0.7009025812149048,0.4803571403026581,0.2518,0.4034,0.6876,0.4906,0.4292,0.6317
8442,0.079,0.6923099160194397,0.5705357193946838,0.2532,0.4098,0.6863,0.4894,0.4344,0.6394
8443,0.0805,0.6950346231460571,0.5513392686843872,0.2546,0.4129,0.6854,0.4902,0.4354,0.6514
8444,0.079,0.700052797794342,0.5026785731315613,0.256,0.4122,0.6853,0.4904,0.4355,0.6485
8445,0.0799,0.6934675574302673,0.5553571581840515,0.2574,0.4111,0.6856,0.4888,0.4312,0.6443
8446,0.0827,0.6968904137611389,0.5272321701049805,0.2588,0.4043,0.6881,0.4897,0.4311,0.6269
8447,0.0615,0.7006931900978088,0.5013392567634583,0.2599,0.3988,0.6896,0.4879,0.4172,0.6193
8448,0.0685,0.6903803944587708,0.5616071224212646,0.2611,0.4,0.6885,0.4894,0.421,0.6239
8449,0.0778,0.693484365940094,0.5535714030265808,0.2625,0.4052,0.6865,0.4903,0.4294,0.638
8450,0.0747,0.6948109269142151,0.5513392686843872,0.2638,0.4073,0.6863,0.4873,0.4227,0.6383
8451,0.0774,0.6930756568908691,0.5558035969734192,0.2651,0.4043,0.6867,0.49,0.424,0.6375
8452,0.0793,0.6950356960296631,0.5415178537368774,0.2665,0.4138,0.6858,0.4896,0.4381,0.6447
8453,0.0754,0.6981450319290161,0.5089285969734192,0.2678,0.3975,0.6899,0.4887,0.4209,0.6132
8454,0.0789,0.6916016340255737,0.5683035850524902,0.2692,0.4051,0.6874,0.4922,0.4394,0.6357
8455,0.0757,0.6949212551116943,0.5357142686843872,0.2705,0.4118,0.6865,0.4871,0.4306,0.6383
8456,0.0767,0.6991058588027954,0.5116071701049805,0.2718,0.4051,0.6882,0.4891,0.4301,0.6286
8457,0.0619,0.6947688460350037,0.5464285612106323,0.2729,0.3966,0.6896,0.4908,0.4255,0.6149
8458,0.0757,0.6920035481452942,0.5754464268684387,0.2742,0.4082,0.6865,0.4912,0.4334,0.6439
8459,0.0755,0.6933192610740662,0.5553571581840515,0.2755,0.4038,0.6879,0.4901,0.4275,0.6326
8460,0.0783,0.690535306930542,0.5736607313156128,0.2769,0.4019,0.6893,0.4862,0.4219,0.615
8461,0.0789,0.6939895749092102,0.5633928775787354,0.2782,0.4024,0.6886,0.4885,0.4258,0.6224
8462,0.0783,0.7019100785255432,0.4924107193946838,0.2796,0.4096,0.6868,0.4883,0.4299,0.6367
8463,0.0803,0.6954582333564758,0.5459821224212646,0.281,0.4115,0.6868,0.4869,0.4311,0.6365
8464,0.08,0.6924115419387817,0.5732142925262451,0.2824,0.4116,0.6857,0.4876,0.4282,0.6448
8465,0.078,0.6931266784667969,0.5589285492897034,0.2837,0.3938,0.6902,0.488,0.4094,0.6118
8466,0.0685,0.6934753656387329,0.5482142567634583,0.2849,0.4113,0.6864,0.4883,0.4313,0.6417
8467,0.079,0.6959212422370911,0.5388392806053162,0.2863,0.4143,0.6848,0.4887,0.4329,0.6522
8468,0.0803,0.6937150955200195,0.5562499761581421,0.2877,0.4014,0.6885,0.4869,0.4142,0.6252
8469,0.0794,0.690759003162384,0.59375,0.2891,0.3942,0.6905,0.489,0.4178,0.6087
8470,0.0831,0.6943865418434143,0.5276785492897034,0.2905,0.4149,0.6838,0.4902,0.434,0.6607
8471,0.0831,0.6915101408958435,0.5754464268684387,0.2919,0.41,0.6853,0.4919,0.4367,0.6489
8472,0.0806,0.6946608424186707,0.5303571224212646,0.2933,0.4021,0.6882,0.4898,0.4212,0.6307
8473,0.0844,0.6948729157447815,0.5482142567634583,0.2948,0.4037,0.6873,0.4928,0.441,0.6307
8474,0.0673,0.6934767961502075,0.5513392686843872,0.296,0.3909,0.6907,0.4925,0.4219,0.6085
8475,0.0845,0.6925045251846313,0.5709821581840515,0.2974,0.4145,0.6851,0.4908,0.4397,0.6526
8476,0.0804,0.699166476726532,0.5263392925262451,0.2988,0.4151,0.6853,0.49,0.4422,0.6458
8477,0.0813,0.6972226500511169,0.5388392806053162,0.3002,0.4016,0.6885,0.4892,0.422,0.6257
8478,0.0827,0.6971022486686707,0.5406249761581421,0.3017,0.402,0.6876,0.4898,0.4265,0.6274
8479,0.0832,0.6979386210441589,0.512499988079071,0.3031,0.4136,0.685,0.4905,0.4399,0.6506
8480,0.0805,0.6961418390274048,0.5276785492897034,0.3045,0.4057,0.6878,0.488,0.4283,0.6269
8481,0.0818,0.6979060769081116,0.5263392925262451,0.3059,0.409,0.686,0.4891,0.4279,0.6428
8482,0.08,0.6935554146766663,0.5665178298950195,0.3073,0.4065,0.6867,0.4902,0.4271,0.6417
8483,0.0842,0.6987855434417725,0.5093749761581421,0.3088,0.3985,0.6887,0.489,0.4189,0.6197
8484,0.0798,0.693383514881134,0.5665178298950195,0.3102,0.3973,0.6897,0.4885,0.4202,0.6131
8485,0.0818,0.6886741518974304,0.5910714268684387,0.3116,0.4092,0.6861,0.488,0.4263,0.6423
8486,0.0785,0.6916276812553406,0.5848214030265808,0.313,0.4162,0.6852,0.4879,0.4362,0.6484
8487,0.0787,0.6957240104675293,0.5366071462631226,0.3143,0.4118,0.6848,0.49,0.4291,0.6563
8488,0.0795,0.689204216003418,0.5888392925262451,0.3157,0.4094,0.6862,0.4917,0.4409,0.6404
8489,0.0838,0.6989164352416992,0.5084821581840515,0.3172,0.3938,0.6904,0.4907,0.4264,0.6079
8490,0.0818,0.6950938701629639,0.5325892567634583,0.3186,0.4026,0.6881,0.4906,0.4259,0.6325
8491,0.0803,0.6926017999649048,0.5629464387893677,0.32,0.4139,0.6844,0.4901,0.4337,0.6577
8492,0.0797,0.696200430393219,0.53125,0.3213,0.3957,0.6893,0.4915,0.4251,0.6185
8493,0.0825,0.6926091313362122,0.5691964030265808,0.3228,0.4089,0.686,0.4935,0.4475,0.643
8494,0.0847,0.6941488981246948,0.5589285492897034,0.3242,0.4106,0.6857,0.4893,0.43,0.647
8495,0.0811,0.6982611417770386,0.5196428298950195,0.3256,0.4092,0.6877,0.4871,0.4277,0.6336
8496,0.0821,0.6962454915046692,0.5316964387893677,0.3271,0.4061,0.6879,0.489,0.4315,0.6281
8497,0.0792,0.6938347220420837,0.5709821581840515,0.3284,0.4094,0.6858,0.4916,0.4362,0.6473
8498,0.0781,0.6955312490463257,0.546875,0.3298,0.4079,0.6872,0.4882,0.4279,0.6356
8499,0.0799,0.6934811472892761,0.5674107074737549,0.3312,0.4085,0.6865,0.4911,0.4393,0.6373
8500,0.0796,0.6947998404502869,0.5598214268684387,0.3326,0.4083,0.6858,0.4918,0.436,0.6442
8501,0.081,0.6919689774513245,0.5642856955528259,0.334,0.4081,0.6869,0.4914,0.4378,0.6391
8502,0.0808,0.6928771138191223,0.5647321343421936,0.3354,0.4134,0.6854,0.4918,0.4431,0.65
8503,0.0648,0.698374330997467,0.518750011920929,0.3365,0.4028,0.6882,0.4893,0.4271,0.6275
8504,0.0727,0.694612979888916,0.5321428775787354,0.3378,0.3997,0.6901,0.4874,0.4232,0.6121
8505,0.0646,0.698276698589325,0.5129464268684387,0.3389,0.4055,0.6886,0.4916,0.442,0.625
8506,0.0758,0.6946302652359009,0.5575892925262451,0.3402,0.4108,0.6868,0.4899,0.4381,0.6375
8507,0.0775,0.7009966969490051,0.5040178298950195,0.3416,0.4015,0.6879,0.4895,0.4204,0.6312
8508,0.0777,0.6919567584991455,0.5727678537368774,0.3429,0.4121,0.6859,0.4892,0.4351,0.644
8509,0.0753,0.6937369704246521,0.5459821224212646,0.3442,0.4244,0.6823,0.4904,0.4478,0.6699
8510,0.0807,0.6920532584190369,0.5723214149475098,0.3456,0.4087,0.6861,0.4897,0.4305,0.6431
8511,0.079,0.6963975429534912,0.5361607074737549,0.347,0.4136,0.685,0.489,0.4339,0.6505
8512,0.0779,0.6948449611663818,0.5526785850524902,0.3483,0.411,0.6856,0.4903,0.4337,0.6474
8513,0.0806,0.6941625475883484,0.5504464507102966,0.3497,0.4051,0.6877,0.4888,0.4251,0.6317
8514,0.0664,0.6941927075386047,0.5566964149475098,0.3509,0.4129,0.6858,0.4894,0.4368,0.6445
8515,0.0736,0.6979805827140808,0.5075892806053162,0.3522,0.4024,0.6886,0.4901,0.4305,0.6243
8516,0.0769,0.7004313468933105,0.4977678656578064,0.3535,0.4099,0.6865,0.4891,0.4322,0.6402
8517,0.0779,0.6945810914039612,0.5486606955528259,0.3549,0.4089,0.6869,0.491,0.4351,0.6417
8518,0.0788,0.6964223384857178,0.5147321224212646,0.3562,0.3993,0.6889,0.4876,0.4193,0.6174
8519,0.0823,0.6938560009002686,0.5450893044471741,0.3577,0.4016,0.6887,0.4879,0.4218,0.6232
8520,0.0815,0.7034821510314941,0.4638392925262451,0.3591,0.4103,0.6866,0.4911,0.4384,0.6427
8521,0.0756,0.6883643269538879,0.5982142686843872,0.3604,0.4128,0.6848,0.4932,0.4452,0.6554
8522,0.0768,0.693613588809967,0.5633928775787354,0.3617,0.4206,0.6831,0.49,0.4417,0.6681
8523,0.0779,0.6912624835968018,0.5874999761581421,0.3631,0.4065,0.6875,0.4891,0.431,0.631
8524,0.0801,0.692158579826355,0.565625011920929,0.3645,0.4062,0.6871,0.49,0.4274,0.6378
8525,0.0788,0.6981273889541626,0.5116071701049805,0.3659,0.4,0.6889,0.4888,0.4186,0.6234
8526,0.0764,0.6947144865989685,0.5366071462631226,0.3672,0.4089,0.6861,0.4905,0.4316,0.6456
8527,0.077,0.6848763823509216,0.6272321343421936,0.3685,0.4052,0.6876,0.4893,0.4275,0.6324
8528,0.0791,0.6887176632881165,0.6049107313156128,0.3699,0.4032,0.6886,0.4898,0.4302,0.6255
8529,0.0762,0.6970164775848389,0.5330356955528259,0.3712,0.4058,0.6868,0.4896,0.4251,0.6389
8530,0.0783,0.6914831399917603,0.5763393044471741,0.3726,0.4103,0.6855,0.4891,0.428,0.6466
8531,0.0807,0.6981416344642639,0.5258928537368774,0.374,0.3981,0.6895,0.4906,0.4269,0.6183
8532,0.0816,0.7006785869598389,0.5013392567634583,0.3754,0.4059,0.6876,0.4862,0.4195,0.6324
8533,0.0806,0.6950684189796448,0.5473214387893677,0.3768,0.3989,0.6894,0.4902,0.4252,0.6188
8534,0.0775,0.693027138710022,0.5553571581840515,0.3781,0.4035,0.6877,0.4913,0.4336,0.6305
8535,0.0809,0.6976048350334167,0.5232142806053162,0.3795,0.4039,0.6877,0.4898,0.4265,0.6322
8536,0.0834,0.6988865733146667,0.5232142806053162,0.381,0.395,0.6909,0.4894,0.4229,0.6082
8537,0.0695,0.691653311252594,0.5785714387893677,0.3822,0.4048,0.6866,0.4914,0.4265,0.641
8538,0.0804,0.6971642374992371,0.5205357074737549,0.3836,0.4039,0.6874,0.4901,0.4272,0.6312
8539,0.0844,0.7033289074897766,0.481249988079071,0.385,0.4094,0.6857,0.4904,0.4337,0.6435
8540,0.0824,0.6969326734542847,0.5191964507102966,0.3865,0.4147,0.6851,0.4874,0.4306,0.6496
8541,0.083,0.7016574740409851,0.4767857193946838,0.3879,0.4035,0.6888,0.4901,0.4319,0.6251
8542,0.081,0.6962262392044067,0.5348214507102966,0.3893,0.4093,0.6871,0.4898,0.4362,0.6355
8543,0.0838,0.6992380023002625,0.515625,0.3908,0.4124,0.6861,0.4877,0.4314,0.6424
8544,0.0834,0.690067708492279,0.5919643044471741,0.3922,0.399,0.6892,0.4912,0.4289,0.6197
8545,0.0846,0.697991132736206,0.5232142806053162,0.3937,0.4102,0.6852,0.4903,0.432,0.6491
8546,0.0797,0.6912724375724792,0.5785714387893677,0.395,0.4119,0.6861,0.4887,0.4335,0.641
8547,0.0826,0.6939893960952759,0.5482142567634583,0.3965,0.4122,0.6858,0.4893,0.432,0.6486
8548,0.0822,0.6919073462486267,0.5732142925262451,0.3979,0.4023,0.6884,0.4897,0.4266,0.6262
8549,0.0665,0.6941680908203125,0.5513392686843872,0.3991,0.4141,0.6852,0.488,0.4326,0.6478
8550,0.0767,0.7031391859054565,0.4919642806053161,0.4004,0.4032,0.6878,0.4882,0.4216,0.6279
8551,0.0843,0.6920859217643738,0.5669642686843872,0.4019,0.4144,0.6854,0.4881,0.4317,0.6515
8552,0.0679,0.6969384551048279,0.5334821343421936,0.403,0.4117,0.6865,0.4874,0.4317,0.6382
8553,0.0792,0.6980797052383423,0.5196428298950195,0.4044,0.3985,0.6892,0.4889,0.4192,0.6195
8554,0.0813,0.6934470534324646,0.5683035850524902,0.4058,0.4105,0.6853,0.4903,0.434,0.6461
8555,0.0829,0.6933802366256714,0.5651785731315613,0.4073,0.4075,0.6875,0.4878,0.4263,0.6338
8556,0.0797,0.7016517519950867,0.4946428537368774,0.4086,0.4006,0.6891,0.4882,0.4195,0.6222
8557,0.0801,0.6925090551376343,0.5549107193946838,0.41,0.4079,0.6863,0.4894,0.426,0.6433
8558,0.0796,0.6970927715301514,0.5339285731315613,0.4114,0.4028,0.6881,0.4894,0.4247,0.628
8559,0.0818,0.7021103501319885,0.4803571403026581,0.4128,0.4046,0.6875,0.4906,0.432,0.6321
8560,0.0652,0.6997216939926147,0.5044642686843872,0.414,0.4135,0.6845,0.4901,0.4317,0.6582
8561,0.0796,0.6985338926315308,0.5258928537368774,0.4153,0.4075,0.6858,0.4897,0.4254,0.6453
8562,0.0799,0.6948498487472534,0.550000011920929,0.4167,0.4061,0.6878,0.4866,0.422,0.6299
8563,0.0653,0.6947157979011536,0.5477678775787354,0.4179,0.4026,0.689,0.4884,0.4272,0.6205
8564,0.0784,0.6957578659057617,0.5352678298950195,0.4192,0.4168,0.685,0.4889,0.4392,0.6514
8565,0.0797,0.6952123045921326,0.5571428537368774,0.4206,0.4084,0.687,0.4897,0.4353,0.6351
8566,0.0655,0.6920919418334961,0.574999988079071,0.4218,0.4022,0.6874,0.4904,0.4228,0.6328
8567,0.0845,0.6948885321617126,0.5531250238418579,0.4232,0.416,0.6845,0.4903,0.4407,0.6541
8568,0.083,0.6955868601799011,0.550000011920929,0.4247,0.3902,0.6916,0.4919,0.4266,0.6013
8569,0.0777,0.6925814747810364,0.5571428537368774,0.426,0.4076,0.6868,0.487,0.4232,0.6355
8570,0.0833,0.6929438710212708,0.5674107074737549,0.4275,0.4167,0.6852,0.4887,0.4365,0.6545
8571,0.0814,0.7011048197746277,0.4790178537368774,0.4289,0.4053,0.687,0.4902,0.429,0.6359
8572,0.0795,0.698559045791626,0.5290178656578064,0.4302,0.4099,0.6871,0.4881,0.431,0.6367
8573,0.0847,0.6906557679176331,0.5888392925262451,0.4317,0.409,0.6868,0.4895,0.4341,0.6372
8574,0.0685,0.6944952011108398,0.5419642925262451,0.4329,0.4061,0.6876,0.49,0.4336,0.631
8575,0.0786,0.6904444098472595,0.5776785612106323,0.4343,0.3994,0.6896,0.4889,0.4232,0.6163
8576,0.0816,0.6974216103553772,0.528124988079071,0.4357,0.4013,0.6883,0.4872,0.4177,0.6235
8577,0.0794,0.6958422064781189,0.5433035492897034,0.4371,0.3939,0.6901,0.4907,0.4176,0.6131
8578,0.0808,0.6877155303955078,0.612500011920929,0.4385,0.3975,0.6898,0.4907,0.4239,0.617
8579,0.0801,0.6932778358459473,0.5611607432365417,0.4398,0.3992,0.6892,0.4881,0.4225,0.6152
8580,0.0797,0.6947285532951355,0.5562499761581421,0.4413,0.4049,0.6874,0.4902,0.4292,0.6324
8581,0.0827,0.6924574971199036,0.5674107074737549,0.4427,0.4166,0.6842,0.4901,0.4366,0.6613
8582,0.0799,0.6958015561103821,0.5508928298950195,0.4441,0.4099,0.6862,0.4878,0.4258,0.642
8583,0.0807,0.6914150714874268,0.5763393044471741,0.4455,0.4063,0.6875,0.4864,0.4227,0.6303
8584,0.0815,0.6954997181892395,0.5419642925262451,0.4469,0.4084,0.6856,0.4931,0.4407,0.6466
8585,0.0787,0.696827232837677,0.5419642925262451,0.4483,0.3983,0.6887,0.4905,0.4188,0.6241
8586,0.0827,0.6964928507804871,0.5325892567634583,0.4497,0.4067,0.6875,0.4874,0.4251,0.6314
8587,0.0804,0.6892800331115723,0.590624988079071,0.4511,0.4128,0.6852,0.4923,0.4453,0.6511
8588,0.0811,0.6927124857902527,0.5691964030265808,0.4525,0.4062,0.6865,0.4899,0.4257,0.6412
8589,0.0796,0.6943110227584839,0.5566964149475098,0.4539,0.4054,0.6865,0.4879,0.4169,0.6391
8590,0.0774,0.6963097453117371,0.5397321581840515,0.4552,0.4098,0.686,0.4902,0.4326,0.6458
8591,0.0748,0.6911742091178894,0.5870535969734192,0.4565,0.4061,0.6867,0.4891,0.4253,0.6368
8592,0.08,0.6942287683486938,0.5566964149475098,0.458,0.4093,0.6866,0.4898,0.4335,0.6398
8593,0.068,0.6935985088348389,0.5696428418159485,0.4591,0.4021,0.689,0.4883,0.424,0.6211
8594,0.0758,0.7006048560142517,0.5075892806053162,0.4605,0.4208,0.6828,0.4931,0.4533,0.6684
8595,0.0756,0.695708155632019,0.5308035612106323,0.4618,0.3995,0.6883,0.4896,0.4211,0.6238
8596,0.0767,0.6932252645492554,0.5665178298950195,0.4631,0.4066,0.6866,0.4894,0.4285,0.6363
8597,0.0785,0.6880119442939758,0.6049107313156128,0.4645,0.3992,0.6895,0.4891,0.4228,0.6185
8598,0.0793,0.6946195363998413,0.5455357432365417,0.4658,0.4049,0.6874,0.4855,0.4167,0.6309
8599,0.0814,0.6913450956344604,0.5669642686843872,0.4673,0.4078,0.6866,0.4904,0.4352,0.6367
8600,0.0792,0.6943392753601074,0.5464285612106323,0.4686,0.4119,0.6857,0.4876,0.4288,0.6435
8601,0.0755,0.6972156167030334,0.5191964507102966,0.4699,0.3993,0.6898,0.4896,0.4272,0.6158
8602,0.0798,0.6932534575462341,0.5691964030265808,0.4713,0.4162,0.6849,0.4895,0.4408,0.6493
8603,0.0737,0.7020674347877502,0.4982142746448517,0.4726,0.4016,0.6885,0.4878,0.4167,0.6264
8604,0.0798,0.6941811442375183,0.543749988079071,0.474,0.4011,0.6884,0.491,0.4268,0.628
8605,0.084,0.692760169506073,0.5651785731315613,0.4755,0.4104,0.6854,0.4903,0.4328,0.6469
8606,0.0804,0.6894333362579346,0.5888392925262451,0.4768,0.4059,0.6864,0.4888,0.4216,0.6417
8607,0.0755,0.6946592330932617,0.5308035612106323,0.4782,0.3957,0.6903,0.4881,0.4153,0.6113
8608,0.0843,0.6926386952400208,0.5696428418159485,0.4796,0.4051,0.6881,0.4902,0.4322,0.631
8609,0.0826,0.6952854990959167,0.5526785850524902,0.481,0.4006,0.6897,0.49,0.4285,0.6191
8610,0.0836,0.6953496336936951,0.5450893044471741,0.4825,0.408,0.6869,0.4895,0.4308,0.6397
8611,0.0804,0.6991623044013977,0.5013392567634583,0.4839,0.3893,0.6922,0.4895,0.4185,0.5942
8612,0.0799,0.6895585656166077,0.5991071462631226,0.4853,0.4089,0.6866,0.4898,0.432,0.6414
8613,0.0783,0.6966490745544434,0.5249999761581421,0.4866,0.4004,0.6887,0.4885,0.421,0.6222
8614,0.0784,0.6919276118278503,0.574999988079071,0.488,0.3943,0.6895,0.4892,0.4108,0.6144
8615,0.0795,0.6951442360877991,0.5513392686843872,0.4894,0.4073,0.6872,0.4916,0.4369,0.6397
8616,0.0781,0.6950708627700806,0.5361607074737549,0.4907,0.4016,0.6885,0.4902,0.4272,0.6245
8617,0.0784,0.6913354396820068,0.5696428418159485,0.4921,0.3996,0.6889,0.4896,0.4212,0.6238
8618,0.0818,0.6931997537612915,0.5638392567634583,0.4936,0.4066,0.6877,0.4922,0.4423,0.6334
8619,0.0831,0.6940972208976746,0.5450893044471741,0.495,0.4162,0.6845,0.49,0.4416,0.6532
8620,0.0827,0.6930844187736511,0.5602678656578064,0.4964,0.4148,0.6851,0.4917,0.448,0.6464
8621,0.0641,0.6930757761001587,0.5602678656578064,0.4975,0.4042,0.687,0.4889,0.4199,0.6356
8622,0.0777,0.6917033791542053,0.5767857432365417,0.4989,0.4157,0.6845,0.4911,0.4435,0.6549
8623,0.0678,0.6969497203826904,0.5383928418159485,0.5001,0.3965,0.6898,0.4891,0.4215,0.613
8624,0.0762,0.6968948245048523,0.5258928537368774,0.5014,0.4069,0.6875,0.4883,0.427,0.6325
8625,0.0838,0.6920631527900696,0.5870535969734192,0.5029,0.4027,0.6884,0.4873,0.4186,0.626
8626,0.0821,0.6921519637107849,0.5745535492897034,0.5043,0.4089,0.6854,0.4914,0.4329,0.6494
8627,0.0686,0.6983789205551147,0.5272321701049805,0.5055,0.4046,0.6878,0.4868,0.4197,0.6291
8628,0.0793,0.6953491568565369,0.5558035969734192,0.5069,0.4059,0.6879,0.4887,0.4296,0.6279
8629,0.0861,0.6966143250465393,0.5174106955528259,0.5083,0.4134,0.6856,0.4869,0.4288,0.6448
8630,0.0815,0.6939310431480408,0.5491071343421936,0.5098,0.4045,0.6882,0.4896,0.4299,0.6273
8631,0.0818,0.6959949135780334,0.5459821224212646,0.5112,0.4133,0.6851,0.4906,0.4376,0.6512
8632,0.0795,0.6950464248657227,0.5584821701049805,0.5125,0.4081,0.6852,0.4913,0.4278,0.6517
8633,0.0653,0.6918203830718994,0.5700892806053162,0.5137,0.4014,0.6885,0.4883,0.4238,0.6217
8634,0.0753,0.6961596608161926,0.5397321581840515,0.515,0.4017,0.6891,0.487,0.4206,0.6194
8635,0.0787,0.6970601677894592,0.518750011920929,0.5164,0.4175,0.6824,0.49,0.434,0.6678
8636,0.075,0.69563227891922,0.5294643044471741,0.5177,0.3981,0.6903,0.4877,0.4189,0.6121
8637,0.0637,0.6981002688407898,0.5308035612106323,0.5188,0.4039,0.6895,0.4866,0.4236,0.6202
8638,0.077,0.6915529370307922,0.5705357193946838,0.5201,0.4124,0.6851,0.492,0.441,0.6517
8639,0.0776,0.696999192237854,0.5245535969734192,0.5215,0.4099,0.6856,0.4898,0.4298,0.6474
8640,0.0759,0.6988608241081238,0.5084821581840515,0.5228,0.4022,0.6889,0.4884,0.4251,0.6214
8641,0.0823,0.6893735527992249,0.59375,0.5242,0.4047,0.687,0.4898,0.4205,0.6414
8642,0.079,0.6954057812690735,0.5357142686843872,0.5256,0.41,0.6857,0.4918,0.438,0.6476
8643,0.0776,0.694614827632904,0.5441964268684387,0.5269,0.4047,0.6872,0.4919,0.4364,0.6342
8644,0.0777,0.6963059306144714,0.5142857432365417,0.5283,0.4114,0.6857,0.4864,0.4236,0.6446
8645,0.0813,0.6905562877655029,0.5758928656578064,0.5297,0.4027,0.6884,0.4902,0.4313,0.6247
8646,0.0804,0.6948232054710388,0.5401785969734192,0.5311,0.4109,0.6853,0.4894,0.4287,0.6512
8647,0.0846,0.6896005272865295,0.5973214507102966,0.5326,0.4159,0.6844,0.4871,0.4302,0.6544
8648,0.0807,0.6961508393287659,0.5370535850524902,0.534,0.4129,0.6852,0.4906,0.4387,0.6497
8649,0.079,0.6961666941642761,0.5267857313156128,0.5353,0.4075,0.6869,0.4898,0.4316,0.6374
8650,0.0806,0.7004058361053467,0.4955357015132904,0.5367,0.4055,0.687,0.4904,0.4259,0.6384
8651,0.0804,0.6925140023231506,0.5482142567634583,0.5381,0.408,0.6853,0.4896,0.4226,0.6494
8652,0.0801,0.6977770924568176,0.5263392925262451,0.5395,0.3984,0.6889,0.491,0.4273,0.6202
8653,0.0807,0.69572514295578,0.5531250238418579,0.5409,0.4055,0.6874,0.4878,0.4239,0.6298
8654,0.0761,0.6946367621421814,0.5553571581840515,0.5422,0.3969,0.6898,0.49,0.4187,0.6187
8655,0.0662,0.6961780190467834,0.5392857193946838,0.5434,0.4012,0.6886,0.4899,0.4241,0.6261
8656,0.0719,0.6945577263832092,0.5642856955528259,0.5446,0.4127,0.6852,0.4898,0.4324,0.6529
8657,0.0733,0.6957113742828369,0.5330356955528259,0.5459,0.4027,0.6891,0.4898,0.4321,0.6222
8658,0.0766,0.695551872253418,0.5366071462631226,0.5472,0.4116,0.6859,0.4902,0.4371,0.6452
8659,0.0633,0.6988858580589294,0.5174106955528259,0.5484,0.4065,0.6881,0.4874,0.4283,0.6249
8660,0.0737,0.6993247866630554,0.5062500238418579,0.5496,0.4004,0.6891,0.4875,0.4202,0.6185
8661,0.0758,0.7006838321685791,0.515625,0.551,0.409,0.6859,0.4892,0.4297,0.6413
8662,0.077,0.6999055743217468,0.5209821462631226,0.5523,0.4112,0.686,0.4875,0.4287,0.6399
8663,0.0769,0.6959479451179504,0.5348214507102966,0.5536,0.406,0.6884,0.4898,0.4346,0.6276
8664,0.0799,0.6944563984870911,0.5633928775787354,0.555,0.4076,0.6874,0.4892,0.4301,0.6358
8665,0.0755,0.695770800113678,0.5294643044471741,0.5563,0.3976,0.6895,0.4888,0.4175,0.6176
8666,0.0818,0.6950899958610535,0.5357142686843872,0.5578,0.4065,0.6877,0.4901,0.4315,0.6336
8667,0.08,0.6980737447738647,0.5223214030265808,0.5592,0.3953,0.6896,0.4867,0.4117,0.6114
8668,0.0803,0.700223445892334,0.5040178298950195,0.5606,0.4108,0.6855,0.4903,0.4332,0.6483
8669,0.0808,0.6945821046829224,0.5553571581840515,0.562,0.3982,0.6892,0.4887,0.4184,0.6195
8670,0.0813,0.6921467185020447,0.5549107193946838,0.5634,0.4016,0.689,0.4892,0.4263,0.6213
8671,0.0801,0.689969539642334,0.5861607193946838,0.5648,0.4059,0.6868,0.4912,0.4311,0.639
8672,0.0762,0.6907797455787659,0.5982142686843872,0.5661,0.4016,0.6877,0.4896,0.4171,0.6348
8673,0.0793,0.698955237865448,0.5071428418159485,0.5675,0.4087,0.6871,0.49,0.4361,0.6344
8674,0.0796,0.6930900812149048,0.5758928656578064,0.5689,0.4103,0.6864,0.4903,0.4353,0.6431
8675,0.0792,0.6955499053001404,0.5316964387893677,0.5702,0.4129,0.6866,0.4863,0.431,0.6383
8676,0.0804,0.6985622048377991,0.5017856955528259,0.5716,0.4046,0.6879,0.4928,0.4414,0.6329
8677,0.0814,0.6968576908111572,0.5272321701049805,0.573,0.4185,0.6846,0.4887,0.4396,0.6558
8678,0.0815,0.7051149606704712,0.452232152223587,0.5745,0.4011,0.6877,0.4912,0.4262,0.6294
8679,0.0808,0.6991444230079651,0.5308035612106323,0.5759,0.4104,0.6861,0.488,0.4278,0.6421
8680,0.0804,0.6997483372688293,0.5151785612106323,0.5773,0.4099,0.6866,0.4888,0.4321,0.639
8681,0.0832,0.6930770874023438,0.5598214268684387,0.5787,0.4133,0.6856,0.4868,0.4271,0.649
8682,0.0834,0.690711498260498,0.5803571343421936,0.5802,0.4064,0.6866,0.4896,0.4254,0.6412
8683,0.0776,0.6896455883979797,0.5946428775787354,0.5815,0.4083,0.687,0.4888,0.429,0.638
8684,0.0675,0.694430947303772,0.5611607432365417,0.5827,0.4056,0.6882,0.4884,0.4287,0.6264
8685,0.0748,0.6990923285484314,0.5120535492897034,0.584,0.3963,0.6893,0.4901,0.4193,0.6163
8686,0.0787,0.6900197267532349,0.5763393044471741,0.5854,0.4108,0.6846,0.4907,0.4309,0.653
8687,0.0789,0.6976706981658936,0.5290178656578064,0.5867,0.4054,0.6862,0.4891,0.4227,0.6411
8688,0.0821,0.6951500773429871,0.5330356955528259,0.5882,0.4064,0.6879,0.4883,0.4289,0.6312
8689,0.0824,0.6922332644462585,0.5535714030265808,0.5896,0.3936,0.691,0.4912,0.4287,0.606
8690,0.0789,0.6885114312171936,0.606249988079071,0.591,0.4028,0.6872,0.4907,0.4296,0.6321
8691,0.082,0.6908039450645447,0.5736607313156128,0.5924,0.408,0.6864,0.4897,0.4298,0.6398
8692,0.0806,0.694787859916687,0.5522321462631226,0.5938,0.4022,0.6893,0.4867,0.4193,0.6204
8693,0.0809,0.6973838806152344,0.5249999761581421,0.5952,0.4071,0.687,0.4893,0.4288,0.6379
8694,0.0718,0.6940754055976868,0.5580357313156128,0.5965,0.4133,0.6844,0.4918,0.4395,0.6575
8695,0.0804,0.6917597651481628,0.5723214149475098,0.5979,0.4131,0.6845,0.4917,0.4416,0.6524
8696,0.0814,0.6986114978790283,0.5223214030265808,0.5993,0.4133,0.6846,0.4916,0.4397,0.6557
8697,0.0808,0.6993939280509949,0.5111607313156128,0.6007,0.4091,0.6859,0.49,0.4327,0.6429
8698,0.0836,0.7001854777336121,0.5138393044471741,0.6021,0.4105,0.6852,0.4916,0.4386,0.6483
8699,0.0791,0.6981818675994873,0.5218750238418579,0.6035,0.4103,0.6861,0.4887,0.4293,0.643
8700,0.0815,0.6931280493736267,0.5491071343421936,0.6049,0.4162,0.6841,0.491,0.4411,0.6586
8701,0.0662,0.6910213232040405,0.6102678775787354,0.6061,0.4015,0.6886,0.492,0.4352,0.6255
8702,0.0787,0.6947717070579529,0.5249999761581421,0.6074,0.4093,0.6867,0.4916,0.4398,0.6427
8703,0.0863,0.6977847814559937,0.5308035612106323,0.6089,0.4053,0.6873,0.4911,0.4361,0.6313
8704,0.0789,0.6941573023796082,0.5482142567634583,0.6103,0.4032,0.6883,0.4908,0.4308,0.627
8705,0.0641,0.6976814270019531,0.5169642567634583,0.6114,0.4094,0.6873,0.4875,0.4321,0.6304
8706,0.0785,0.6928656101226807,0.5629464387893677,0.6128,0.4026,0.6881,0.4917,0.4331,0.6287
8707,0.084,0.6991745233535767,0.5151785612106323,0.6142,0.4028,0.6878,0.493,0.4408,0.6305
8708,0.0676,0.6851249933242798,0.6232143044471741,0.6154,0.3922,0.6904,0.4892,0.4097,0.6093
8709,0.0736,0.6920939683914185,0.5674107074737549,0.6167,0.4005,0.6885,0.4909,0.4256,0.6272
8711,0.4231,0.6987295746803284,0.5209821462631226,0.0071,0.4058,0.6874,0.4901,0.4308,0.6359
8712,0.1876,0.7000793814659119,0.4870535731315613,0.0103,0.399,0.6895,0.4909,0.4322,0.6167
8713,0.1256,0.6949368119239807,0.5441964268684387,0.0124,0.406,0.6879,0.4891,0.4309,0.6296
8714,0.1498,0.6980897188186646,0.528124988079071,0.015,0.4096,0.6874,0.4874,0.4321,0.6302
8715,0.0987,0.6943588256835938,0.565625011920929,0.0167,0.4129,0.6855,0.4907,0.4425,0.6437
8716,0.1171,0.6911916136741638,0.5910714268684387,0.0187,0.4075,0.6859,0.4895,0.4252,0.644
8717,0.0988,0.6954703330993652,0.5455357432365417,0.0204,0.3966,0.6895,0.4897,0.4161,0.6184
8718,0.0746,0.696731448173523,0.5486606955528259,0.0217,0.4085,0.6877,0.4888,0.4343,0.6289
8719,0.0902,0.6934773921966553,0.5575892925262451,0.0232,0.4009,0.6888,0.4872,0.4192,0.6213
8720,0.0923,0.6884974837303162,0.6022321581840515,0.0248,0.4113,0.6852,0.4908,0.4337,0.6515
8721,0.1008,0.6903406381607056,0.5995535850524902,0.0266,0.4055,0.6871,0.4884,0.4215,0.6373
8722,0.0791,0.6975772380828857,0.5424107313156128,0.028,0.4084,0.6866,0.4903,0.4359,0.638
8723,0.0833,0.6963813900947571,0.528124988079071,0.0294,0.4128,0.6855,0.4899,0.4382,0.6465
8724,0.0858,0.6957939267158508,0.5504464507102966,0.0309,0.4065,0.6879,0.4869,0.423,0.6298
8725,0.0901,0.6914746165275574,0.5843750238418579,0.0325,0.4075,0.6873,0.4876,0.426,0.6339
8726,0.0847,0.6961248517036438,0.5334821343421936,0.0339,0.4097,0.6866,0.4885,0.4299,0.6396
8727,0.0864,0.6967492699623108,0.5183035731315613,0.0354,0.4035,0.688,0.4881,0.4226,0.6258
8728,0.0825,0.6940072774887085,0.5558035969734192,0.0368,0.4087,0.6875,0.4874,0.4293,0.6319
8729,0.082,0.6902118921279907,0.5794642567634583,0.0383,0.4121,0.6854,0.4892,0.43,0.6507
8730,0.075,0.6996862888336182,0.5053571462631226,0.0396,0.4052,0.6872,0.4914,0.4369,0.6313
8731,0.0817,0.6935969591140747,0.5584821701049805,0.041,0.4151,0.6837,0.49,0.4349,0.6584
8732,0.0826,0.6925280094146729,0.5816964507102966,0.0424,0.4036,0.6881,0.4914,0.4337,0.6293
8733,0.0912,0.6988471746444702,0.5169642567634583,0.044,0.3898,0.6917,0.4885,0.4088,0.601
8734,0.0837,0.7029616832733154,0.4754464328289032,0.0454,0.411,0.686,0.4891,0.4323,0.6437
8735,0.0798,0.69687420129776,0.5241071581840515,0.0468,0.4112,0.6856,0.491,0.437,0.6472
8736,0.09,0.6933752298355103,0.5687500238418579,0.0484,0.4039,0.688,0.4904,0.432,0.6276
8737,0.0799,0.6965568661689758,0.5379464030265808,0.0498,0.4015,0.6881,0.488,0.4193,0.626
8738,0.0847,0.6934588551521301,0.5491071343421936,0.0512,0.4081,0.6876,0.4876,0.43,0.6291
8739,0.0835,0.6934283971786499,0.565625011920929,0.0527,0.4063,0.6869,0.4898,0.4296,0.6368
8740,0.0827,0.6934822797775269,0.5678571462631226,0.0541,0.399,0.6899,0.4894,0.4247,0.6159
8741,0.0807,0.6948844790458679,0.5531250238418579,0.0555,0.4073,0.6871,0.4886,0.4256,0.6372
8742,0.0784,0.6964346170425415,0.5223214030265808,0.0569,0.3964,0.6905,0.4908,0.4285,0.6105
8743,0.078,0.691011905670166,0.5808035731315613,0.0582,0.4101,0.6864,0.4916,0.4408,0.6438
8744,0.0644,0.7008371353149414,0.4897321462631225,0.0593,0.4201,0.6834,0.4912,0.4446,0.6671
8745,0.0816,0.6997286081314087,0.5174106955528259,0.0608,0.3959,0.6897,0.4901,0.4202,0.6155
8746,0.0803,0.6944589614868164,0.5580357313156128,0.0622,0.4041,0.6871,0.4896,0.4239,0.6345
8747,0.0833,0.6925608515739441,0.5732142925262451,0.0636,0.4051,0.687,0.4893,0.4249,0.6359
8748,0.0802,0.694994330406189,0.5415178537368774,0.065,0.405,0.6874,0.4893,0.4266,0.6324
8749,0.0825,0.6982829570770264,0.5142857432365417,0.0664,0.41,0.6855,0.4899,0.4277,0.6496
8750,0.0801,0.6990141868591309,0.5165178775787354,0.0678,0.4079,0.6862,0.4904,0.43,0.6444
8751,0.0776,0.695054292678833,0.5441964268684387,0.0692,0.3991,0.6876,0.4915,0.4235,0.6314
8752,0.0794,0.6987282633781433,0.5196428298950195,0.0705,0.4092,0.687,0.4884,0.4312,0.6351
8753,0.0774,0.6972830891609192,0.5272321701049805,0.0719,0.4216,0.6826,0.49,0.4412,0.6711
8754,0.0818,0.6954531073570251,0.5495535731315613,0.0733,0.4103,0.6867,0.4904,0.4383,0.6406
8755,0.078,0.6932807564735413,0.5633928775787354,0.0747,0.4164,0.6841,0.4904,0.4394,0.6601
8756,0.0786,0.6883482933044434,0.609375,0.076,0.4035,0.6895,0.489,0.4336,0.6155
8757,0.0813,0.6991114616394043,0.5174106955528259,0.0774,0.4072,0.6872,0.4878,0.4252,0.6347
8758,0.069,0.7017244696617126,0.5080357193946838,0.0786,0.4068,0.6873,0.4913,0.4358,0.636
8759,0.0797,0.6980636715888977,0.5089285969734192,0.08,0.4093,0.6861,0.4877,0.426,0.641
8760,0.0837,0.6898279190063477,0.5986607074737549,0.0815,0.3968,0.6896,0.4917,0.4321,0.6139
8761,0.08,0.6952176690101624,0.5544642806053162,0.0828,0.4054,0.6869,0.492,0.4346,0.6392
8762,0.0784,0.691048264503479,0.5767857432365417,0.0842,0.4092,0.6858,0.4895,0.4266,0.6471
8763,0.0781,0.696126401424408,0.543749988079071,0.0856,0.4068,0.6858,0.4915,0.4309,0.6439
8764,0.0812,0.6981614232063293,0.5209821462631226,0.087,0.4073,0.6871,0.4891,0.4311,0.6321
8765,0.0834,0.6977088451385498,0.5196428298950195,0.0884,0.4127,0.6864,0.4868,0.4299,0.6416
8766,0.0836,0.6903924942016602,0.5758928656578064,0.0899,0.4141,0.6854,0.4888,0.4362,0.6466
8767,0.0776,0.6901325583457947,0.5924107432365417,0.0912,0.4018,0.6884,0.4884,0.4231,0.6214
8768,0.0784,0.695712685585022,0.5165178775787354,0.0926,0.406,0.6871,0.4919,0.4353,0.637
8769,0.0834,0.6989340782165527,0.5066964030265808,0.094,0.4125,0.6854,0.4881,0.4295,0.6474
8770,0.0799,0.6924328804016113,0.574999988079071,0.0954,0.4029,0.6894,0.4873,0.4256,0.6177
8771,0.0679,0.6951202154159546,0.5486606955528259,0.0966,0.3962,0.6902,0.4925,0.4313,0.6159
8772,0.0758,0.6967818737030029,0.5339285731315613,0.0979,0.4024,0.6888,0.49,0.431,0.6215
8773,0.082,0.6961939930915833,0.5424107313156128,0.0993,0.4063,0.6872,0.4898,0.4308,0.633
8774,0.076,0.6927029490470886,0.5598214268684387,0.1006,0.4112,0.6861,0.4912,0.44,0.6445
8775,0.0766,0.6934207081794739,0.5700892806053162,0.102,0.4129,0.6858,0.4922,0.4462,0.6472
8776,0.0799,0.6958220601081848,0.5352678298950195,0.1034,0.4049,0.6879,0.4893,0.4278,0.6308
8777,0.0787,0.6938889622688293,0.5526785850524902,0.1047,0.4058,0.6874,0.491,0.4366,0.6309
8778,0.0799,0.6944093704223633,0.5486606955528259,0.1061,0.4085,0.6868,0.488,0.4275,0.6375
8779,0.0799,0.6971515417098999,0.518750011920929,0.1075,0.4128,0.6851,0.4897,0.4333,0.6508
8780,0.0796,0.6966716647148132,0.5330356955528259,0.1089,0.4078,0.6863,0.4893,0.4299,0.6391
8781,0.0839,0.6930100321769714,0.5852678418159485,0.1103,0.4176,0.6846,0.4881,0.4355,0.6552
8782,0.0837,0.6922594904899597,0.5700892806053162,0.1118,0.4119,0.6854,0.4909,0.4357,0.6511
8783,0.0786,0.6949726343154907,0.5495535731315613,0.1131,0.4161,0.6842,0.4905,0.437,0.6613
8784,0.0643,0.6972866654396057,0.5388392806053162,0.1143,0.4053,0.6873,0.4887,0.422,0.6359
8785,0.072,0.6914919018745422,0.6026785969734192,0.1155,0.4018,0.6887,0.4861,0.4147,0.6239
8786,0.0778,0.7030142545700073,0.4741071462631225,0.1169,0.4007,0.6879,0.4908,0.4233,0.6297
8787,0.077,0.7024292945861816,0.4982142746448517,0.1182,0.4046,0.6878,0.4874,0.4221,0.63
8788,0.0765,0.6945255994796753,0.550000011920929,0.1195,0.4011,0.6898,0.4879,0.4261,0.613
8789,0.0769,0.6994791626930237,0.5116071701049805,0.1209,0.4149,0.6844,0.4909,0.4395,0.6576
8790,0.0814,0.6938478350639343,0.550000011920929,0.1223,0.4072,0.6872,0.4902,0.4343,0.6345
8791,0.0766,0.7001746296882629,0.5116071701049805,0.1236,0.4137,0.6852,0.4902,0.438,0.6496
8792,0.0735,0.6949422359466553,0.5486606955528259,0.1249,0.4058,0.6869,0.491,0.4326,0.6358
8793,0.0823,0.6903875470161438,0.5919643044471741,0.1263,0.4102,0.6858,0.4907,0.431,0.6503
8794,0.0743,0.6977511644363403,0.5272321701049805,0.1276,0.397,0.6895,0.4891,0.4196,0.6166
8795,0.0801,0.6947884559631348,0.5464285612106323,0.129,0.4056,0.6881,0.4897,0.4333,0.628
8796,0.0782,0.6941888332366943,0.5508928298950195,0.1304,0.4139,0.6847,0.49,0.4365,0.653
8797,0.0805,0.6954106688499451,0.5558035969734192,0.1318,0.4023,0.688,0.4892,0.4235,0.6285
8798,0.0793,0.7022733092308044,0.4799107015132904,0.1331,0.4141,0.6858,0.4915,0.4458,0.6475
8799,0.0761,0.696864664554596,0.5415178537368774,0.1345,0.4011,0.6886,0.4906,0.4292,0.6234
8800,0.0757,0.688197672367096,0.6044642925262451,0.1358,0.4024,0.6885,0.4892,0.4245,0.6262
8801,0.0804,0.698041558265686,0.5294643044471741,0.1372,0.3978,0.6901,0.4881,0.4212,0.6111
8802,0.078,0.699979841709137,0.518750011920929,0.1385,0.398,0.6891,0.4913,0.4245,0.623
8803,0.0782,0.6958528161048889,0.5513392686843872,0.1399,0.406,0.6863,0.4906,0.4266,0.6429
8804,0.0776,0.6956382989883423,0.5383928418159485,0.1412,0.3994,0.6893,0.4874,0.4136,0.6217
8805,0.0822,0.6981056928634644,0.518750011920929,0.1427,0.4086,0.6867,0.489,0.4313,0.6373
8806,0.0694,0.6979285478591919,0.5142857432365417,0.1439,0.4027,0.6881,0.4908,0.4323,0.626
8807,0.0765,0.6933867931365967,0.5642856955528259,0.1452,0.4081,0.6861,0.4884,0.4238,0.643
8808,0.0748,0.6959538459777832,0.5258928537368774,0.1465,0.4027,0.6881,0.4883,0.4235,0.6249
8809,0.0782,0.6969621777534485,0.5397321581840515,0.1479,0.4096,0.687,0.4869,0.4274,0.635
8810,0.0766,0.6979435086250305,0.5102678537368774,0.1492,0.4071,0.6874,0.487,0.4261,0.6306
8811,0.0819,0.693930983543396,0.5531250238418579,0.1506,0.4047,0.6868,0.4923,0.437,0.6356
8812,0.0786,0.6936416029930115,0.5575892925262451,0.152,0.4052,0.6876,0.492,0.4393,0.6312
8813,0.0798,0.6965746283531189,0.5446428656578064,0.1534,0.401,0.6884,0.4886,0.4199,0.6254
8814,0.0675,0.6952186822891235,0.5571428537368774,0.1546,0.4134,0.6843,0.4908,0.4332,0.6593
8815,0.0722,0.6929625272750854,0.5531250238418579,0.1558,0.4004,0.6889,0.4913,0.4307,0.6236
8816,0.077,0.6912661194801331,0.5732142925262451,0.1572,0.4149,0.6842,0.4908,0.4368,0.6588
8817,0.0805,0.6939235925674438,0.5473214387893677,0.1586,0.4026,0.688,0.4905,0.4257,0.6302
8818,0.0809,0.7021148800849915,0.4973214268684387,0.16,0.4098,0.6873,0.4875,0.4286,0.6356
8819,0.0807,0.6899628639221191,0.6008928418159485,0.1614,0.4143,0.6852,0.4903,0.4405,0.6479
8820,0.0821,0.6969935894012451,0.5388392806053162,0.1628,0.4077,0.6873,0.4869,0.4224,0.6361
8821,0.0791,0.6975369453430176,0.5361607074737549,0.1642,0.399,0.6906,0.4884,0.4234,0.614
8822,0.08,0.6909102201461792,0.5522321462631226,0.1655,0.4125,0.6842,0.4913,0.431,0.6604
8823,0.0791,0.69236820936203,0.5718749761581421,0.1669,0.4067,0.6871,0.4901,0.4317,0.6351
8824,0.0665,0.6951084136962891,0.5410714149475098,0.1681,0.4146,0.6841,0.4922,0.4418,0.6604
8825,0.0778,0.6928923726081848,0.5825892686843872,0.1694,0.4049,0.6872,0.4891,0.4264,0.6336
8826,0.0813,0.6902490258216858,0.5888392925262451,0.1708,0.4094,0.6873,0.4885,0.432,0.635
8827,0.081,0.6964075565338135,0.5357142686843872,0.1722,0.4,0.688,0.4894,0.4195,0.6267
8828,0.0794,0.6905820965766907,0.5799106955528259,0.1736,0.4067,0.687,0.4909,0.4367,0.6338
8829,0.0701,0.6933298110961914,0.5629464387893677,0.1748,0.4201,0.6834,0.4897,0.4416,0.6632
8830,0.0772,0.6984200477600098,0.5254464149475098,0.1762,0.4063,0.6867,0.4889,0.4248,0.6378
8831,0.0806,0.6972892880439758,0.5339285731315613,0.1776,0.4196,0.6835,0.4895,0.4387,0.6647
8832,0.0688,0.6945803761482239,0.5357142686843872,0.1788,0.4028,0.6873,0.4915,0.4335,0.6299
8833,0.0719,0.6926534175872803,0.5638392567634583,0.18,0.4103,0.6855,0.4919,0.4388,0.6478
8834,0.08,0.6949978470802307,0.5544642806053162,0.1814,0.4095,0.6869,0.4887,0.4328,0.6357
8835,0.0759,0.6952447891235352,0.5334821343421936,0.1827,0.414,0.6861,0.4882,0.4347,0.6462
8836,0.0757,0.6961095929145813,0.5321428775787354,0.1841,0.3995,0.689,0.4879,0.4173,0.6209
8837,0.0777,0.6950565576553345,0.5388392806053162,0.1854,0.4119,0.686,0.4879,0.4322,0.6416
8838,0.0769,0.6964220404624939,0.5379464030265808,0.1867,0.4056,0.6887,0.4866,0.4255,0.6229
8839,0.0775,0.6942508220672607,0.5491071343421936,0.1881,0.4059,0.6868,0.4907,0.4313,0.6368
8840,0.0778,0.6927313804626465,0.5790178775787354,0.1894,0.4047,0.6868,0.488,0.4194,0.6347
8841,0.0803,0.6977291107177734,0.5062500238418579,0.1908,0.3837,0.6933,0.4877,0.4071,0.5842
8842,0.0835,0.6975985765457153,0.5352678298950195,0.1923,0.405,0.6883,0.4877,0.425,0.6265
8843,0.0813,0.6920839548110962,0.5714285969734192,0.1937,0.4095,0.6872,0.4882,0.4323,0.6334
8844,0.0822,0.6853803992271423,0.6339285969734192,0.1951,0.3981,0.6888,0.4891,0.4187,0.6211
8845,0.0783,0.6934589743614197,0.5455357432365417,0.1965,0.3976,0.6886,0.4911,0.4221,0.6233
8846,0.0765,0.6934658885002136,0.5544642806053162,0.1978,0.4074,0.686,0.4898,0.4258,0.6428
8847,0.0757,0.6961430311203003,0.5200892686843872,0.1991,0.4017,0.6882,0.4879,0.4182,0.6249
8848,0.0761,0.6918706297874451,0.578125,0.2004,0.411,0.687,0.4878,0.4304,0.6383
8849,0.0763,0.6872504949569702,0.6160714030265808,0.2018,0.4072,0.6868,0.4909,0.4333,0.6379
8850,0.0784,0.6970911026000977,0.5361607074737549,0.2031,0.3978,0.6904,0.4875,0.4179,0.611
8851,0.0758,0.6940678358078003,0.5459821224212646,0.2045,0.4127,0.6848,0.4913,0.4393,0.6523
8852,0.0784,0.6975225806236267,0.534375011920929,0.2058,0.4109,0.6849,0.4917,0.4366,0.651
8853,0.0759,0.6942034959793091,0.5441964268684387,0.2071,0.3985,0.6893,0.4888,0.4177,0.6195
8854,0.0785,0.696822464466095,0.5321428775787354,0.2085,0.4063,0.6869,0.4922,0.4382,0.6384
8855,0.0786,0.693203866481781,0.5526785850524902,0.2099,0.4174,0.6844,0.4888,0.4379,0.6542
8856,0.077,0.6965051293373108,0.5379464030265808,0.2112,0.4156,0.6845,0.487,0.4269,0.6582
8857,0.0769,0.695023775100708,0.5473214387893677,0.2126,0.407,0.6877,0.4909,0.4367,0.6342
8858,0.0785,0.7016452550888062,0.4888392984867096,0.2139,0.4055,0.6868,0.4893,0.4214,0.6386
8859,0.0806,0.6973288059234619,0.5232142806053162,0.2153,0.4104,0.6858,0.4883,0.4247,0.6461
8860,0.0829,0.6958602070808411,0.5482142567634583,0.2168,0.3955,0.6905,0.4897,0.4218,0.6104
8861,0.0778,0.6918838620185852,0.5647321343421936,0.2181,0.4132,0.6859,0.4862,0.4284,0.644
8862,0.0801,0.6921232342720032,0.5736607313156128,0.2195,0.4063,0.6867,0.4892,0.4268,0.6379
8863,0.0828,0.6921485066413879,0.5776785612106323,0.2209,0.424,0.6824,0.4908,0.4479,0.6717
8864,0.0788,0.6936235427856445,0.5629464387893677,0.2223,0.4069,0.6866,0.4895,0.4262,0.641
8865,0.0782,0.6925941705703735,0.5647321343421936,0.2237,0.4112,0.6858,0.4881,0.429,0.6441
8866,0.0792,0.7026465535163879,0.4897321462631225,0.225,0.4087,0.687,0.491,0.436,0.6396
8867,0.0777,0.6937859654426575,0.5584821701049805,0.2264,0.4049,0.6876,0.4922,0.44,0.6313
8868,0.0762,0.6956250071525574,0.5388392806053162,0.2277,0.4132,0.6842,0.4896,0.4301,0.658
8869,0.0758,0.7030714750289917,0.4785714149475097,0.229,0.4108,0.6859,0.4907,0.4377,0.6441
8870,0.0655,0.6940450668334961,0.5611607432365417,0.2302,0.4053,0.6865,0.4898,0.4274,0.6359
8871,0.0786,0.6956409811973572,0.5352678298950195,0.2315,0.3983,0.6883,0.4882,0.4131,0.6236
8872,0.0739,0.6891463398933411,0.5879464149475098,0.2328,0.4141,0.6836,0.4925,0.4388,0.6636
8873,0.0788,0.6919937133789062,0.5687500238418579,0.2342,0.4042,0.6863,0.4892,0.4208,0.638
8874,0.0754,0.6924507021903992,0.5816964507102966,0.2355,0.399,0.6889,0.4913,0.4309,0.6202
8875,0.0779,0.6935355067253113,0.5767857432365417,0.2369,0.3957,0.6914,0.488,0.4227,0.6026
8876,0.0772,0.696973979473114,0.5325892567634583,0.2382,0.4107,0.6871,0.4883,0.4329,0.6365
8877,0.0809,0.6986120343208313,0.512499988079071,0.2396,0.41,0.6853,0.489,0.4287,0.6446
8878,0.0794,0.6938028335571289,0.5691964030265808,0.241,0.4047,0.688,0.4896,0.4314,0.627
8879,0.0841,0.6891307234764099,0.6107142567634583,0.2424,0.4048,0.6876,0.4901,0.4314,0.6298
8880,0.0802,0.6891746520996094,0.5950892567634583,0.2438,0.4015,0.6874,0.4909,0.4281,0.6286
8881,0.0798,0.693863570690155,0.5589285492897034,0.2452,0.3998,0.6881,0.4887,0.4169,0.6255
8882,0.0787,0.6915314793586731,0.5758928656578064,0.2466,0.4058,0.6867,0.4893,0.4259,0.6371
8883,0.0774,0.6945366859436035,0.5419642925262451,0.2479,0.409,0.6861,0.4908,0.4334,0.6446
8884,0.0802,0.6939448714256287,0.5620535612106323,0.2493,0.412,0.6856,0.4887,0.4323,0.6452
8885,0.0798,0.6967619061470032,0.5245535969734192,0.2507,0.4156,0.686,0.4863,0.4325,0.6427
8886,0.0785,0.6906766891479492,0.5727678537368774,0.2521,0.4039,0.6876,0.4883,0.4224,0.6305
8887,0.0654,0.6999301314353943,0.5084821581840515,0.2532,0.4128,0.6861,0.4881,0.4327,0.6453
8888,0.0784,0.6996248364448547,0.5053571462631226,0.2546,0.4103,0.6873,0.4885,0.4355,0.6341
8889,0.0766,0.6930361986160278,0.5718749761581421,0.2559,0.4077,0.6869,0.4917,0.437,0.6397
8890,0.0771,0.7026477456092834,0.4875000119209289,0.2573,0.404,0.6871,0.4908,0.4285,0.6349
8891,0.0839,0.6982479691505432,0.5218750238418579,0.2587,0.4037,0.6888,0.4885,0.427,0.6248
8892,0.0832,0.6965222954750061,0.5388392806053162,0.2602,0.3967,0.6899,0.4877,0.4147,0.613
8893,0.0777,0.6912819743156433,0.5526785850524902,0.2615,0.411,0.6863,0.4912,0.4386,0.6459
8894,0.0794,0.6905107498168945,0.5852678418159485,0.2629,0.4035,0.6873,0.4891,0.4224,0.6326
8895,0.0815,0.6938928961753845,0.559374988079071,0.2643,0.3996,0.6882,0.4916,0.4269,0.6251
8896,0.0683,0.7003418803215027,0.5066964030265808,0.2655,0.4058,0.6874,0.4887,0.4272,0.6323
8897,0.0774,0.6976165771484375,0.5227678418159485,0.2669,0.4038,0.6873,0.4889,0.4237,0.6319
8898,0.0847,0.6924623847007751,0.574999988079071,0.2683,0.395,0.6903,0.4908,0.4202,0.615
8899,0.0821,0.6956729888916016,0.5433035492897034,0.2698,0.4133,0.6858,0.49,0.4395,0.6452
8900,0.0783,0.6957842707633972,0.5299107432365417,0.2711,0.4072,0.6866,0.4897,0.4273,0.6414
8901,0.0824,0.6952927708625793,0.5419642925262451,0.2725,0.4019,0.688,0.4913,0.4308,0.628
8902,0.0811,0.695345938205719,0.5558035969734192,0.274,0.4031,0.689,0.4887,0.4258,0.6252
8903,0.0813,0.6944082975387573,0.5428571701049805,0.2754,0.4033,0.6888,0.4883,0.4263,0.6232
8904,0.0779,0.6969321370124817,0.5272321701049805,0.2767,0.4086,0.6861,0.4895,0.4293,0.6421
8905,0.0678,0.6963769793510437,0.5401785969734192,0.2779,0.4142,0.6847,0.4911,0.438,0.6561
8906,0.0778,0.6919609904289246,0.574999988079071,0.2793,0.4082,0.6875,0.4872,0.4287,0.6307
8907,0.0778,0.6928694844245911,0.5611607432365417,0.2806,0.4095,0.6858,0.4922,0.4439,0.641
8908,0.0795,0.689411461353302,0.5901785492897034,0.282,0.4033,0.6879,0.488,0.4216,0.6281
8909,0.083,0.6941563487052917,0.5410714149475098,0.2834,0.4021,0.6888,0.4896,0.4289,0.6216
8910,0.0799,0.696077287197113,0.5357142686843872,0.2848,0.4111,0.6853,0.4889,0.4248,0.6526
8911,0.0804,0.697756290435791,0.5339285731315613,0.2862,0.4078,0.687,0.4883,0.4289,0.6348
8912,0.0823,0.6942078471183777,0.5526785850524902,0.2876,0.4074,0.686,0.4901,0.4282,0.6422
8913,0.078,0.6938815712928772,0.5620535612106323,0.289,0.4055,0.688,0.4877,0.4246,0.6281
8914,0.0842,0.7014461159706116,0.483482152223587,0.2904,0.4051,0.6883,0.4893,0.4327,0.6254
8915,0.0784,0.6979449391365051,0.5111607313156128,0.2918,0.4058,0.687,0.4918,0.4364,0.6359
8916,0.0792,0.6918982267379761,0.5772321224212646,0.2932,0.4018,0.6886,0.4904,0.4268,0.6273
8917,0.0811,0.6963615417480469,0.5388392806053162,0.2946,0.4103,0.6865,0.4885,0.4316,0.6399
8918,0.0807,0.6853606104850769,0.6142857074737549,0.296,0.4058,0.6873,0.4872,0.422,0.632
8919,0.0818,0.6964179873466492,0.5446428656578064,0.2974,0.4064,0.6875,0.4898,0.4336,0.63
8920,0.08,0.6973361372947693,0.5232142806053162,0.2988,0.4166,0.6846,0.4908,0.443,0.6547
8921,0.0792,0.6981222629547119,0.5223214030265808,0.3002,0.4063,0.6865,0.4885,0.4232,0.6378
8922,0.0777,0.697435736656189,0.5303571224212646,0.3015,0.4114,0.6862,0.4897,0.4382,0.6391
8923,0.0795,0.6990568041801453,0.5227678418159485,0.3029,0.4089,0.6868,0.4876,0.4257,0.6386
8924,0.0795,0.688484251499176,0.6008928418159485,0.3043,0.3945,0.691,0.4874,0.4168,0.6048
8925,0.0654,0.6910708546638489,0.5718749761581421,0.3054,0.4026,0.6883,0.4874,0.4193,0.6255
8926,0.0799,0.6941353678703308,0.5575892925262451,0.3068,0.4001,0.6886,0.4907,0.4254,0.6241
8927,0.0831,0.6966146230697632,0.5334821343421936,0.3083,0.4089,0.6848,0.4926,0.4371,0.6512
8928,0.0819,0.6937623023986816,0.5821428298950195,0.3097,0.3983,0.69,0.4917,0.4337,0.6158
8929,0.0778,0.7034949064254761,0.4852678477764129,0.3111,0.4143,0.6853,0.4894,0.4364,0.6492
8930,0.0791,0.6951519846916199,0.5388392806053162,0.3124,0.413,0.6856,0.4906,0.44,0.6462
8931,0.078,0.692436933517456,0.5491071343421936,0.3138,0.4124,0.6862,0.4885,0.4346,0.6426
8932,0.0812,0.6956461071968079,0.543749988079071,0.3152,0.3972,0.69,0.4866,0.41,0.6168
8933,0.0802,0.6986985206604004,0.5129464268684387,0.3166,0.4141,0.6836,0.4911,0.4353,0.6616
8934,0.0797,0.691886305809021,0.578125,0.318,0.4064,0.6861,0.488,0.4173,0.6423
8935,0.0806,0.6942834854125977,0.5540178418159485,0.3194,0.4157,0.6846,0.4894,0.4341,0.6578
8936,0.0794,0.6933691501617432,0.5611607432365417,0.3208,0.4042,0.6877,0.4906,0.4322,0.6307
8937,0.08,0.6965792775154114,0.5388392806053162,0.3222,0.4064,0.6876,0.4881,0.4275,0.6294
8938,0.083,0.6939760446548462,0.5620535612106323,0.3236,0.4097,0.6877,0.4892,0.4373,0.6308
8939,0.0848,0.6995245814323425,0.5098214149475098,0.3251,0.4052,0.6869,0.4906,0.4344,0.6307
8940,0.0783,0.6956016421318054,0.5370535850524902,0.3264,0.4085,0.6865,0.4909,0.4344,0.6408
8941,0.0777,0.6876651048660278,0.6116071343421936,0.3278,0.4059,0.6871,0.4896,0.4286,0.6349
8942,0.0792,0.7005059123039246,0.5191964507102966,0.3291,0.4038,0.6874,0.4916,0.4331,0.6321
8943,0.0807,0.6914182305335999,0.5691964030265808,0.3305,0.4033,0.6885,0.4871,0.4209,0.6263
8944,0.081,0.6961236000061035,0.5232142806053162,0.3319,0.4061,0.687,0.4908,0.4339,0.6342
8945,0.0809,0.6944958567619324,0.5397321581840515,0.3334,0.4071,0.6866,0.4891,0.4264,0.6387
8946,0.0778,0.6966433525085449,0.5366071462631226,0.3347,0.3915,0.6909,0.49,0.4144,0.6074
8947,0.0813,0.6955510973930359,0.5459821224212646,0.3361,0.403,0.688,0.4898,0.4278,0.6264
8948,0.0832,0.6945762634277344,0.5513392686843872,0.3376,0.4009,0.6883,0.4903,0.4259,0.6245
8949,0.0795,0.6924266219139099,0.5589285492897034,0.3389,0.4134,0.6854,0.4884,0.433,0.6486
8950,0.0815,0.6936306357383728,0.5607143044471741,0.3403,0.4055,0.6867,0.4893,0.4264,0.6349
8951,0.0831,0.6962773203849792,0.5357142686843872,0.3418,0.4105,0.6861,0.4886,0.4298,0.6442
8952,0.0817,0.6967140436172485,0.5334821343421936,0.3432,0.409,0.6872,0.4896,0.4348,0.6364
8953,0.0805,0.6945587396621704,0.565625011920929,0.3446,0.4152,0.6849,0.4907,0.4409,0.6534
8954,0.0837,0.6954385042190552,0.5486606955528259,0.346,0.4039,0.687,0.4893,0.4237,0.6355
8955,0.0808,0.6987714171409607,0.5071428418159485,0.3474,0.4061,0.6866,0.488,0.4225,0.6371
8956,0.0809,0.6971021294593811,0.5352678298950195,0.3489,0.3976,0.6894,0.4899,0.4246,0.6159
8957,0.0834,0.6973732113838196,0.5236607193946838,0.3503,0.4054,0.6876,0.4881,0.4244,0.631
8958,0.085,0.6904656887054443,0.590624988079071,0.3518,0.4087,0.6863,0.4896,0.4335,0.6371
8959,0.0681,0.6936715841293335,0.5758928656578064,0.353,0.4044,0.6881,0.4898,0.4283,0.6311
8960,0.0789,0.6944389343261719,0.5598214268684387,0.3543,0.4021,0.6882,0.4891,0.4253,0.6241
8961,0.0809,0.6980597376823425,0.5366071462631226,0.3557,0.4012,0.688,0.4901,0.4242,0.6272
8962,0.0784,0.6906682848930359,0.5946428775787354,0.3571,0.4084,0.6867,0.4892,0.4308,0.6381
8963,0.0868,0.7007489800453186,0.503125011920929,0.3586,0.4079,0.6867,0.4904,0.4327,0.6396
8964,0.0806,0.693309485912323,0.559374988079071,0.36,0.4102,0.6863,0.4892,0.4321,0.6412
8965,0.0789,0.6975645422935486,0.5214285850524902,0.3614,0.3983,0.6893,0.4902,0.4258,0.6172
8966,0.0816,0.6958310008049011,0.5549107193946838,0.3628,0.3981,0.6881,0.4898,0.4168,0.6259
8967,0.0825,0.6917021870613098,0.5687500238418579,0.3642,0.4202,0.6843,0.4891,0.4453,0.6513
8968,0.0821,0.696071445941925,0.5258928537368774,0.3656,0.4103,0.685,0.4879,0.4212,0.652
8969,0.0817,0.6977542042732239,0.5169642567634583,0.3671,0.4079,0.6868,0.4895,0.4268,0.6432
8970,0.081,0.6947404146194458,0.5544642806053162,0.3685,0.4067,0.688,0.488,0.4282,0.6307
8971,0.0815,0.6910149455070496,0.5683035850524902,0.3699,0.4056,0.6869,0.4892,0.4273,0.6332
8972,0.0786,0.6976692080497742,0.5111607313156128,0.3712,0.4085,0.6869,0.4899,0.4334,0.639
8973,0.0815,0.6966999769210815,0.5352678298950195,0.3727,0.4167,0.6841,0.4903,0.4403,0.6589
8974,0.0771,0.7015011310577393,0.4919642806053161,0.374,0.4036,0.6887,0.4888,0.4295,0.6228
8975,0.0833,0.6960992813110352,0.5428571701049805,0.3754,0.4092,0.6866,0.4904,0.4381,0.6369
8976,0.0802,0.6910401582717896,0.5866071581840515,0.3768,0.408,0.6861,0.4906,0.4325,0.6435
8977,0.0693,0.6962940096855164,0.5508928298950195,0.378,0.4114,0.6858,0.4896,0.4344,0.6462
8978,0.0799,0.6943625211715698,0.5428571701049805,0.3794,0.404,0.6877,0.4873,0.4201,0.6297
8979,0.081,0.694631040096283,0.5553571581840515,0.3808,0.4213,0.6839,0.4884,0.4422,0.6576
8980,0.0799,0.6891527771949768,0.5888392925262451,0.3822,0.4115,0.6863,0.4896,0.4358,0.6445
8981,0.0846,0.6920076608657837,0.5683035850524902,0.3837,0.406,0.6893,0.488,0.4324,0.6201
8982,0.0796,0.6943119168281555,0.5633928775787354,0.3851,0.4051,0.6881,0.4873,0.4252,0.6258
8983,0.0828,0.6970106363296509,0.5321428775787354,0.3865,0.4057,0.6873,0.4894,0.4246,0.637
8984,0.0815,0.6940318942070007,0.5642856955528259,0.3879,0.4068,0.6871,0.4906,0.436,0.6339
8985,0.0794,0.7005367279052734,0.4919642806053161,0.3893,0.3871,0.6926,0.4901,0.4194,0.5906
8986,0.0829,0.693575382232666,0.5566964149475098,0.3907,0.4013,0.6882,0.4908,0.4318,0.6249
8987,0.0833,0.6953043937683105,0.5441964268684387,0.3922,0.4055,0.6882,0.4872,0.4266,0.6248
8988,0.0781,0.695338249206543,0.5491071343421936,0.3935,0.4183,0.6837,0.4898,0.439,0.6621
8989,0.0817,0.6950629353523254,0.5589285492897034,0.395,0.3972,0.6891,0.4899,0.4199,0.6184
8990,0.0819,0.6927422881126404,0.5709821581840515,0.3964,0.4007,0.6891,0.4875,0.4165,0.6223
8991,0.0789,0.6952373385429382,0.5352678298950195,0.3977,0.4065,0.6867,0.4896,0.4254,0.64
8992,0.0784,0.7027400135993958,0.4754464328289032,0.3991,0.4107,0.6867,0.4882,0.4306,0.639
8993,0.0807,0.6924753189086914,0.5687500238418579,0.4005,0.4152,0.685,0.4877,0.4325,0.6511
8994,0.0807,0.6956701278686523,0.5455357432365417,0.4019,0.3931,0.6894,0.4901,0.4112,0.6152
8995,0.0822,0.6982232928276062,0.528124988079071,0.4033,0.4035,0.6878,0.4875,0.4187,0.6303
8996,0.082,0.696869969367981,0.5383928418159485,0.4047,0.3972,0.6891,0.4907,0.4247,0.6175
8997,0.0773,0.6928828954696655,0.5633928775787354,0.4061,0.4015,0.6876,0.4914,0.4281,0.6319
8998,0.0768,0.7001924514770508,0.5062500238418579,0.4074,0.406,0.6876,0.4907,0.4323,0.6355
8999,0.0848,0.6972447037696838,0.5352678298950195,0.4089,0.4092,0.6855,0.4902,0.432,0.6459
9000,0.0801,0.6985686421394348,0.5352678298950195,0.4103,0.4116,0.686,0.4864,0.4261,0.6431
9001,0.0819,0.6927273273468018,0.5625,0.4117,0.4057,0.6885,0.4874,0.4273,0.6245
9002,0.0784,0.6978098750114441,0.5236607193946838,0.4131,0.405,0.6886,0.4903,0.4356,0.627
9003,0.0825,0.6912306547164917,0.5808035731315613,0.4145,0.4072,0.686,0.4911,0.4278,0.6478
9004,0.0815,0.6890808343887329,0.5933035612106323,0.4159,0.4033,0.6873,0.4907,0.4268,0.6342
9005,0.0835,0.6915341019630432,0.5647321343421936,0.4174,0.4103,0.6861,0.491,0.4378,0.6427
9006,0.0829,0.6945629715919495,0.5531250238418579,0.4188,0.4088,0.6869,0.4916,0.4397,0.6397
9007,0.079,0.7014811635017395,0.5191964507102966,0.4202,0.4072,0.6866,0.4896,0.4294,0.6382
9008,0.0776,0.6972960233688354,0.5383928418159485,0.4215,0.3994,0.6897,0.4881,0.4244,0.6131
9009,0.081,0.6961857676506042,0.5272321701049805,0.4229,0.4143,0.6856,0.4899,0.4384,0.6482
9010,0.078,0.6964285969734192,0.5321428775787354,0.4243,0.4068,0.6866,0.4903,0.4278,0.6423
9011,0.0787,0.6984565854072571,0.5116071701049805,0.4256,0.4089,0.6872,0.4889,0.4318,0.6362
9012,0.081,0.6931684613227844,0.5584821701049805,0.4271,0.4077,0.686,0.4884,0.4231,0.6415
9013,0.0791,0.695838212966919,0.534375011920929,0.4285,0.4028,0.6881,0.4889,0.4214,0.6301
9014,0.0787,0.6963840126991272,0.5205357074737549,0.4298,0.4064,0.6872,0.4897,0.4302,0.6354
9015,0.0828,0.6964669227600098,0.5303571224212646,0.4313,0.407,0.6866,0.4891,0.4275,0.6373
9016,0.0818,0.6956755518913269,0.5388392806053162,0.4327,0.4063,0.6866,0.4902,0.4329,0.6348
9017,0.082,0.697513222694397,0.5375000238418579,0.4341,0.4047,0.687,0.4906,0.43,0.6344
9018,0.0801,0.6909247040748596,0.5785714387893677,0.4355,0.4026,0.6894,0.4843,0.4188,0.6166
9019,0.069,0.6994577646255493,0.5080357193946838,0.4367,0.4012,0.6879,0.4889,0.4193,0.6279
9020,0.0792,0.6932163238525391,0.5553571581840515,0.4381,0.4135,0.6851,0.4898,0.4344,0.6515
9021,0.0843,0.6909424066543579,0.5607143044471741,0.4395,0.4106,0.6867,0.4894,0.4359,0.6383
9022,0.0781,0.695208728313446,0.534375011920929,0.4409,0.4163,0.6839,0.4885,0.4326,0.6598
9023,0.0838,0.6992377042770386,0.5116071701049805,0.4424,0.4119,0.6859,0.4878,0.4286,0.6462
9024,0.0857,0.6965287327766418,0.5321428775787354,0.4438,0.4083,0.6866,0.488,0.4271,0.6366
9025,0.0829,0.6967538595199585,0.5321428775787354,0.4453,0.4056,0.6866,0.4907,0.4268,0.64
9026,0.0824,0.699123203754425,0.5116071701049805,0.4467,0.4077,0.6863,0.4888,0.423,0.6432
9027,0.0805,0.6997537612915039,0.5151785612106323,0.4481,0.4062,0.6881,0.4872,0.4232,0.6304
9028,0.0832,0.6933162212371826,0.5553571581840515,0.4495,0.4066,0.6864,0.4908,0.4307,0.6399
9029,0.084,0.6936232447624207,0.5450893044471741,0.451,0.3958,0.6894,0.4912,0.4219,0.6178
9030,0.0818,0.692832887172699,0.5718749761581421,0.4524,0.4048,0.6872,0.4897,0.4215,0.6382
9031,0.084,0.6941348910331726,0.5531250238418579,0.4539,0.4028,0.6869,0.4906,0.4246,0.6346
9032,0.0858,0.691788911819458,0.5732142925262451,0.4554,0.4082,0.6863,0.488,0.4252,0.6411
9033,0.0823,0.6957033276557922,0.5392857193946838,0.4568,0.3983,0.6891,0.4906,0.4222,0.6206
9034,0.0677,0.6957347989082336,0.5464285612106323,0.458,0.4038,0.6876,0.4901,0.4263,0.632
9035,0.0751,0.6949142217636108,0.5553571581840515,0.4593,0.404,0.6881,0.4901,0.4325,0.6267
9036,0.0838,0.6966015696525574,0.5357142686843872,0.4607,0.4129,0.6853,0.4895,0.4327,0.6512
9037,0.0816,0.700542151927948,0.5040178298950195,0.4622,0.396,0.6892,0.491,0.4188,0.6201
9038,0.0843,0.6913729310035706,0.5808035731315613,0.4636,0.4082,0.6869,0.4891,0.431,0.6366
9039,0.0783,0.6933379173278809,0.5678571462631226,0.465,0.4054,0.6877,0.4909,0.4359,0.6309
9040,0.066,0.6953204274177551,0.5580357313156128,0.4661,0.3993,0.6905,0.4895,0.4318,0.6091
9041,0.0805,0.6942583322525024,0.5397321581840515,0.4675,0.402,0.6894,0.4906,0.4339,0.6204
9042,0.0838,0.6940556168556213,0.5491071343421936,0.469,0.4144,0.6854,0.4876,0.4349,0.6436
9043,0.0818,0.6972688436508179,0.528124988079071,0.4704,0.4099,0.6859,0.4892,0.4309,0.6427
9044,0.0769,0.6949923634529114,0.5464285612106323,0.4717,0.4054,0.6867,0.4896,0.4256,0.6374
9045,0.0767,0.6952193975448608,0.546875,0.4731,0.4082,0.6858,0.4926,0.4414,0.6427
9046,0.0642,0.696941614151001,0.5308035612106323,0.4742,0.4059,0.6864,0.4898,0.4247,0.6399
9047,0.0757,0.6895840167999268,0.581250011920929,0.4755,0.4046,0.6882,0.4887,0.429,0.6265
9048,0.0794,0.6939879059791565,0.5580357313156128,0.4769,0.4126,0.6858,0.4912,0.4419,0.6453
9049,0.0709,0.6954694390296936,0.5406249761581421,0.4782,0.4039,0.6884,0.4896,0.4282,0.6278
9050,0.0807,0.6972540616989136,0.5241071581840515,0.4796,0.4105,0.6859,0.49,0.4328,0.6454
9051,0.0821,0.694277286529541,0.5584821701049805,0.481,0.4205,0.6834,0.49,0.4435,0.6637
9052,0.0915,0.6954302787780762,0.5415178537368774,0.4826,0.412,0.6864,0.4869,0.43,0.6412
9053,0.0846,0.6939085125923157,0.5763393044471741,0.4841,0.4108,0.6858,0.4887,0.4297,0.6449
9054,0.0664,0.6948969960212708,0.5473214387893677,0.4852,0.4004,0.689,0.4896,0.4254,0.6203
9055,0.0774,0.6969538331031799,0.5276785492897034,0.4866,0.4153,0.685,0.4888,0.4344,0.6521
9056,0.0692,0.6933701634407043,0.5589285492897034,0.4878,0.4071,0.6871,0.49,0.4295,0.6381
9057,0.0755,0.6894256472587585,0.5977678298950195,0.4891,0.4177,0.684,0.4893,0.4372,0.659
9058,0.065,0.69001305103302,0.581250011920929,0.4902,0.4018,0.6886,0.4894,0.4231,0.6272
9059,0.0776,0.6925615072250366,0.5696428418159485,0.4916,0.4167,0.6843,0.4923,0.4482,0.6584
9060,0.0687,0.6950417757034302,0.5375000238418579,0.4928,0.4133,0.686,0.4892,0.4377,0.6437
9061,0.0832,0.6950095891952515,0.5535714030265808,0.4942,0.4108,0.6865,0.4879,0.4306,0.6399
9062,0.084,0.6964478492736816,0.5316964387893677,0.4957,0.4015,0.6878,0.492,0.4293,0.6311
9063,0.0659,0.7016273736953735,0.4816964268684387,0.4968,0.4098,0.6856,0.4906,0.4334,0.6476
9065,0.5252,0.6952937245368958,0.5366071462631226,0.0088,0.3989,0.6885,0.4901,0.4181,0.6261
9066,0.2164,0.6911993026733398,0.5736607313156128,0.0125,0.406,0.6865,0.4931,0.4429,0.6372
9068,0.4578,0.6961882710456848,0.5459821224212646,0.0076,0.41,0.6864,0.4887,0.4288,0.6439
9069,0.2036,0.6952638030052185,0.5375000238418579,0.0111,0.4061,0.6881,0.4884,0.4317,0.6257
9070,0.1654,0.7021597623825073,0.4785714149475097,0.0139,0.4164,0.6838,0.4911,0.4417,0.6596
9071,0.1165,0.6944474577903748,0.5522321462631226,0.0159,0.3997,0.6892,0.4908,0.4312,0.6194
9072,0.1513,0.6887241005897522,0.6071428656578064,0.0185,0.4081,0.6865,0.491,0.4357,0.6401
9073,0.155,0.6972373127937317,0.5267857313156128,0.0212,0.411,0.6865,0.4897,0.4383,0.6378
9074,0.1221,0.6921871304512024,0.5700892806053162,0.0232,0.3944,0.6908,0.4883,0.4191,0.6061
9076,0.4232,0.6896910071372986,0.5843750238418579,0.0071,0.4078,0.6866,0.4885,0.4291,0.6359
9077,0.2018,0.6961364150047302,0.5410714149475098,0.0105,0.4178,0.6841,0.4921,0.4461,0.6616
9078,0.1541,0.6914985775947571,0.5691964030265808,0.0131,0.4068,0.686,0.4919,0.4327,0.6434
9079,0.1573,0.6901475191116333,0.5892857313156128,0.0158,0.4074,0.6872,0.4911,0.4368,0.6368
9080,0.1091,0.6933184862136841,0.5575892925262451,0.0177,0.4068,0.6874,0.4896,0.4328,0.6312
9081,0.1078,0.6933795809745789,0.5651785731315613,0.0195,0.4005,0.6893,0.4876,0.4207,0.6173
9082,0.0901,0.6928895711898804,0.5531250238418579,0.0211,0.3942,0.6912,0.4905,0.4263,0.6047
9083,0.0884,0.6915892958641052,0.5816964507102966,0.0226,0.4115,0.6867,0.4884,0.4338,0.638
9084,0.0847,0.6933618783950806,0.5767857432365417,0.0241,0.4147,0.685,0.4916,0.4443,0.6527
9085,0.0787,0.6963505148887634,0.5495535731315613,0.0255,0.4031,0.6881,0.4889,0.4252,0.6284
9086,0.0837,0.6952686309814453,0.5616071224212646,0.0269,0.3999,0.6882,0.4907,0.4232,0.628
9087,0.0819,0.7017505168914795,0.4897321462631225,0.0284,0.4133,0.6863,0.4899,0.441,0.6412
9088,0.0822,0.6967014670372009,0.5290178656578064,0.0298,0.4093,0.6861,0.4879,0.4242,0.6427
9089,0.0785,0.6911506652832031,0.5665178298950195,0.0311,0.3984,0.6888,0.4903,0.423,0.6213
9090,0.0873,0.6911389827728271,0.5732142925262451,0.0327,0.405,0.6881,0.4907,0.4322,0.6329
9091,0.0802,0.695024311542511,0.5571428537368774,0.0341,0.4088,0.687,0.4908,0.4386,0.6378
9092,0.0808,0.6930555105209351,0.5540178418159485,0.0355,0.4077,0.6881,0.4875,0.4318,0.6257
9093,0.0801,0.6956662535667419,0.5263392925262451,0.0368,0.3964,0.6908,0.489,0.4222,0.6104
9094,0.0815,0.6997383236885071,0.5174106955528259,0.0383,0.3996,0.6889,0.4902,0.4217,0.624
9095,0.0778,0.6950551867485046,0.5388392806053162,0.0396,0.4054,0.6873,0.491,0.4362,0.631
9096,0.0838,0.6980631947517395,0.5245535969734192,0.0411,0.4091,0.6866,0.4901,0.4342,0.6399
9097,0.0812,0.6979902386665344,0.5272321701049805,0.0425,0.4094,0.6858,0.4897,0.4291,0.6453
9098,0.0876,0.6964400410652161,0.5348214507102966,0.044,0.4073,0.6866,0.4913,0.4353,0.6401
9099,0.083,0.6918967366218567,0.5825892686843872,0.0454,0.4081,0.6871,0.4897,0.4333,0.6347
9100,0.0815,0.6900594234466553,0.578125,0.0468,0.4037,0.6875,0.4907,0.4283,0.6339
9101,0.0809,0.6938242316246033,0.5651785731315613,0.0482,0.4083,0.6868,0.4886,0.4256,0.642
9102,0.0805,0.6976540684700012,0.5214285850524902,0.0496,0.4086,0.6861,0.4918,0.4385,0.6427
9103,0.0815,0.6941648721694946,0.5366071462631226,0.051,0.4057,0.6885,0.4903,0.4353,0.628
9104,0.0799,0.6948471665382385,0.5611607432365417,0.0524,0.3975,0.6896,0.4888,0.4196,0.615
9105,0.082,0.6879655718803406,0.6058035492897034,0.0538,0.4031,0.689,0.4892,0.4303,0.6197
9106,0.0804,0.6979812383651733,0.5357142686843872,0.0552,0.4092,0.6866,0.489,0.4337,0.6361
9107,0.0796,0.6966100931167603,0.5428571701049805,0.0566,0.4016,0.6887,0.4899,0.4277,0.624
9108,0.0783,0.6943762898445129,0.5544642806053162,0.058,0.4015,0.6883,0.489,0.4261,0.6221
9109,0.0809,0.695716142654419,0.5361607074737549,0.0594,0.4183,0.6831,0.4896,0.4389,0.6634
9110,0.0778,0.6898056268692017,0.5834821462631226,0.0608,0.4038,0.6884,0.489,0.4296,0.6251
9111,0.0795,0.6922920346260071,0.574999988079071,0.0622,0.4081,0.6864,0.4912,0.4326,0.6446
9112,0.0791,0.6995574831962585,0.5102678537368774,0.0635,0.3976,0.6894,0.488,0.4138,0.6186
9113,0.0829,0.6944034695625305,0.5464285612106323,0.065,0.4044,0.6878,0.4894,0.4296,0.6286
9114,0.0798,0.6967588067054749,0.5397321581840515,0.0664,0.4081,0.686,0.4923,0.4405,0.6429
9115,0.0783,0.6921829581260681,0.5620535612106323,0.0677,0.4113,0.6863,0.4898,0.4336,0.6463
9116,0.0768,0.6953901648521423,0.53125,0.0691,0.4165,0.684,0.4885,0.4343,0.6565
9117,0.0761,0.6953572034835815,0.5477678775787354,0.0704,0.3969,0.6895,0.4888,0.4194,0.6138
9118,0.0812,0.690539538860321,0.5986607074737549,0.0718,0.4056,0.687,0.4897,0.4275,0.6369
9119,0.08,0.6962884068489075,0.5415178537368774,0.0732,0.4037,0.6875,0.4901,0.4266,0.6332
9120,0.0825,0.69712233543396,0.518750011920929,0.0746,0.4017,0.6878,0.4905,0.4239,0.6325
9121,0.0872,0.6990867853164673,0.5120535492897034,0.0761,0.4107,0.6857,0.4875,0.4262,0.6441
9122,0.0805,0.6939220428466797,0.5544642806053162,0.0775,0.4061,0.6866,0.4906,0.4294,0.6388
9123,0.0846,0.6956239342689514,0.5406249761581421,0.079,0.4057,0.687,0.4901,0.4268,0.639
9124,0.0773,0.6950196623802185,0.5428571701049805,0.0803,0.4159,0.6861,0.4879,0.4385,0.6435
9125,0.0779,0.6964770555496216,0.5526785850524902,0.0817,0.4114,0.6862,0.4897,0.436,0.6428
9126,0.0778,0.6968444585800171,0.5294643044471741,0.083,0.3986,0.6896,0.4893,0.4238,0.6158
9127,0.0786,0.6917218565940857,0.5834821462631226,0.0844,0.4046,0.6878,0.4875,0.4221,0.6284
9128,0.0821,0.6924428939819336,0.5691964030265808,0.0858,0.3959,0.6909,0.487,0.4158,0.6072
9129,0.0769,0.6923581957817078,0.5665178298950195,0.0872,0.4023,0.6865,0.4896,0.4136,0.6388
9130,0.0783,0.6936934590339661,0.5531250238418579,0.0885,0.4028,0.688,0.4879,0.4208,0.6269
9131,0.0799,0.7003175020217896,0.5120535492897034,0.0899,0.4145,0.6854,0.4888,0.4351,0.6485
9132,0.0789,0.7007915377616882,0.4888392984867096,0.0913,0.4056,0.6879,0.4898,0.4339,0.6292
9133,0.0881,0.6970756649971008,0.5294643044471741,0.0928,0.4009,0.6878,0.4888,0.4199,0.6274
9134,0.0812,0.6992732286453247,0.5276785492897034,0.0942,0.3978,0.6901,0.4865,0.4172,0.6103
9135,0.079,0.6974921226501465,0.5249999761581421,0.0956,0.4088,0.6859,0.4927,0.4446,0.642
9136,0.081,0.6910765767097473,0.5718749761581421,0.097,0.4064,0.6862,0.4897,0.4244,0.6425
9137,0.0806,0.6923741102218628,0.5736607313156128,0.0984,0.4101,0.6852,0.4918,0.4345,0.6516
9138,0.0797,0.6950777769088745,0.5361607074737549,0.0998,0.4007,0.6892,0.4886,0.4251,0.6182
9139,0.0807,0.692638635635376,0.5611607432365417,0.1012,0.4049,0.6867,0.4907,0.4308,0.6349
9140,0.0798,0.6906247735023499,0.581250011920929,0.1026,0.4057,0.6873,0.4902,0.431,0.6335
9141,0.0669,0.6917776465415955,0.5660714507102966,0.1037,0.4018,0.6884,0.4879,0.4201,0.6246
9142,0.0769,0.6952974796295166,0.5459821224212646,0.1051,0.3964,0.6894,0.4896,0.4173,0.6182
9143,0.0803,0.6921107769012451,0.574999988079071,0.1065,0.4011,0.6882,0.4898,0.423,0.6256
9144,0.0788,0.6950179934501648,0.5495535731315613,0.1078,0.4154,0.6844,0.49,0.438,0.6555
9145,0.0807,0.7011467218399048,0.5111607313156128,0.1092,0.3964,0.6898,0.4881,0.4168,0.6131
9146,0.0789,0.6923960447311401,0.5517857074737549,0.1106,0.4104,0.687,0.4911,0.4423,0.6379
9147,0.0816,0.6919767260551453,0.5683035850524902,0.112,0.4178,0.6848,0.4909,0.4454,0.6558
9148,0.0775,0.6927543878555298,0.5678571462631226,0.1134,0.4038,0.6882,0.4884,0.4227,0.6294
9149,0.0803,0.692872166633606,0.5607143044471741,0.1148,0.4022,0.688,0.4882,0.418,0.6296
9150,0.0752,0.6921316981315613,0.5830357074737549,0.1161,0.414,0.6852,0.49,0.4375,0.6493
9151,0.0815,0.6869179010391235,0.6258928775787354,0.1175,0.4018,0.6886,0.4914,0.4328,0.6267
9152,0.0801,0.6978689432144165,0.5191964507102966,0.1189,0.4108,0.685,0.489,0.4308,0.6454
9153,0.0818,0.6971510052680969,0.5174106955528259,0.1203,0.4106,0.6869,0.4902,0.4404,0.6343
9154,0.0802,0.6951928734779358,0.5375000238418579,0.1217,0.4105,0.6868,0.4869,0.427,0.6379
9155,0.0775,0.6963943243026733,0.5352678298950195,0.1231,0.4045,0.6882,0.4902,0.4314,0.6286
9156,0.0808,0.7039662599563599,0.465624988079071,0.1245,0.4091,0.6858,0.4905,0.4328,0.6449
9157,0.0826,0.6914885640144348,0.5794642567634583,0.1259,0.4238,0.683,0.4885,0.4404,0.6708
9158,0.0804,0.6999126672744751,0.5075892806053162,0.1273,0.4036,0.6889,0.4897,0.4324,0.6227
9159,0.0795,0.6946730017662048,0.5522321462631226,0.1287,0.4051,0.6864,0.4873,0.4179,0.6363
9160,0.0818,0.6959713697433472,0.5459821224212646,0.1301,0.4056,0.6882,0.4887,0.4287,0.6289
9161,0.0822,0.6942504644393921,0.5464285612106323,0.1315,0.4082,0.6865,0.4889,0.4302,0.6359
9162,0.0772,0.6910439729690552,0.5785714387893677,0.1329,0.4025,0.6871,0.4887,0.4186,0.6331
9163,0.0789,0.6960024833679199,0.5366071462631226,0.1342,0.4044,0.6876,0.4907,0.4304,0.6321
9164,0.0788,0.6927650570869446,0.5602678656578064,0.1356,0.4006,0.6882,0.4903,0.4259,0.6241
9165,0.0812,0.6947085857391357,0.5526785850524902,0.137,0.4043,0.6878,0.4887,0.4213,0.6326
9166,0.0761,0.6900472044944763,0.5852678418159485,0.1383,0.4066,0.6867,0.4906,0.4309,0.6393
9167,0.0764,0.6932445168495178,0.5629464387893677,0.1397,0.4111,0.6855,0.4889,0.4294,0.6469
9168,0.0777,0.6978972554206848,0.5339285731315613,0.141,0.4047,0.6877,0.4901,0.4295,0.631
9169,0.0831,0.694132924079895,0.5611607432365417,0.1424,0.4023,0.687,0.4919,0.4313,0.6344
9170,0.0798,0.693028450012207,0.5700892806053162,0.1438,0.4105,0.6866,0.4919,0.4443,0.639
9171,0.0779,0.6999618411064148,0.5075892806053162,0.1452,0.4112,0.6865,0.4872,0.4279,0.641
9172,0.0796,0.6929482817649841,0.5620535612106323,0.1466,0.41,0.6866,0.4896,0.4321,0.6426
9173,0.0795,0.6940157413482666,0.5433035492897034,0.148,0.4012,0.6887,0.4866,0.4169,0.6223
9174,0.079,0.6905997395515442,0.5982142686843872,0.1493,0.4089,0.6855,0.4897,0.4291,0.6451
9175,0.08,0.6899632811546326,0.5816964507102966,0.1507,0.3941,0.6906,0.488,0.4182,0.6044
9176,0.0823,0.6904462575912476,0.5830357074737549,0.1521,0.4007,0.688,0.4903,0.4239,0.6273
9177,0.0764,0.6959310173988342,0.5174106955528259,0.1535,0.4062,0.6871,0.4898,0.4304,0.6346
9178,0.0788,0.692166805267334,0.5803571343421936,0.1548,0.4022,0.6881,0.4897,0.427,0.6264
9179,0.0787,0.6966482400894165,0.5227678418159485,0.1562,0.4064,0.6871,0.4897,0.4294,0.6373
9180,0.0813,0.6937235593795776,0.5348214507102966,0.1576,0.4041,0.6874,0.492,0.4361,0.6342
9181,0.0836,0.6942949295043945,0.5580357313156128,0.1591,0.4089,0.6865,0.4887,0.4279,0.6397
9182,0.0819,0.6899195313453674,0.5857142806053162,0.1605,0.4059,0.6874,0.4895,0.426,0.6364
9183,0.0793,0.7010468244552612,0.4790178537368774,0.1619,0.4093,0.6868,0.4899,0.4352,0.638
9184,0.0792,0.6921347975730896,0.5607143044471741,0.1632,0.4159,0.6845,0.4896,0.4378,0.6551
9185,0.0799,0.6944813132286072,0.5562499761581421,0.1646,0.4018,0.6887,0.4899,0.4269,0.6265
9186,0.0826,0.6962938904762268,0.5424107313156128,0.1661,0.4083,0.6867,0.4904,0.4337,0.6389
9187,0.0774,0.6923619508743286,0.5772321224212646,0.1674,0.4013,0.6886,0.4858,0.4152,0.6206
9188,0.0774,0.6991192102432251,0.5236607193946838,0.1688,0.3982,0.6903,0.4863,0.42,0.6068
9189,0.0769,0.6946514844894409,0.5406249761581421,0.1701,0.4107,0.6856,0.49,0.4341,0.646
9190,0.078,0.6928682327270508,0.5607143044471741,0.1715,0.4044,0.6879,0.489,0.4229,0.6322
9191,0.0803,0.6949042081832886,0.5464285612106323,0.1728,0.3993,0.6877,0.4911,0.4204,0.6306
9192,0.0807,0.6920013427734375,0.5683035850524902,0.1742,0.4101,0.6873,0.4888,0.4352,0.6342
9193,0.0857,0.691625714302063,0.5816964507102966,0.1757,0.4189,0.6841,0.4883,0.439,0.6556
9194,0.0852,0.6929623484611511,0.5549107193946838,0.1772,0.4092,0.6857,0.4909,0.4337,0.6465
9195,0.0823,0.692707359790802,0.5696428418159485,0.1786,0.4094,0.6867,0.4887,0.4294,0.6395
9196,0.0768,0.696516215801239,0.5316964387893677,0.18,0.4025,0.6882,0.4901,0.4304,0.6266
9197,0.0767,0.6967030167579651,0.5491071343421936,0.1813,0.4152,0.6847,0.4915,0.4407,0.657
9198,0.0846,0.6964483857154846,0.5375000238418579,0.1828,0.3984,0.6898,0.4895,0.4253,0.616
9199,0.076,0.6927112936973572,0.5874999761581421,0.1841,0.4081,0.6863,0.4901,0.4299,0.6414
9200,0.0801,0.694943904876709,0.5491071343421936,0.1855,0.4108,0.6863,0.4902,0.4334,0.6464
9201,0.0822,0.6918162703514099,0.5517857074737549,0.1869,0.4032,0.6876,0.4896,0.4245,0.6296
9202,0.0814,0.6950024962425232,0.5392857193946838,0.1883,0.3997,0.6885,0.4914,0.4291,0.6227
9203,0.0834,0.6942429542541504,0.5629464387893677,0.1898,0.4006,0.6891,0.4903,0.4304,0.6197
9204,0.0782,0.6924153566360474,0.5790178775787354,0.1911,0.4036,0.6873,0.4881,0.4198,0.6332
9205,0.0864,0.6934149861335754,0.5450893044471741,0.1926,0.4019,0.6884,0.4875,0.4151,0.6286
9206,0.0829,0.6961756944656372,0.534375011920929,0.1941,0.4067,0.6862,0.4918,0.4359,0.6392
9207,0.0773,0.6963540315628052,0.5196428298950195,0.1954,0.3989,0.6894,0.4897,0.4208,0.6202
9208,0.0785,0.694176435470581,0.5491071343421936,0.1968,0.4068,0.6868,0.4902,0.4324,0.6355
9209,0.0807,0.6947401762008667,0.5361607074737549,0.1982,0.3941,0.6906,0.4889,0.4167,0.6093
9210,0.083,0.6896863579750061,0.5941964387893677,0.1996,0.4045,0.6867,0.4898,0.4244,0.635
9211,0.0797,0.7049921751022339,0.4727678596973419,0.201,0.4167,0.6848,0.4889,0.4379,0.6538
9212,0.0837,0.6945845484733582,0.5535714030265808,0.2024,0.3995,0.6897,0.4884,0.4216,0.6172
9213,0.0783,0.6957113742828369,0.5366071462631226,0.2038,0.3988,0.6899,0.4892,0.4239,0.6156
9214,0.08,0.6975829601287842,0.5330356955528259,0.2052,0.4074,0.6864,0.4899,0.4316,0.6368
9215,0.0806,0.6975155472755432,0.515625,0.2066,0.403,0.687,0.4908,0.4243,0.6376
9216,0.0771,0.693100094795227,0.5633928775787354,0.2079,0.4108,0.6859,0.4892,0.4296,0.6475
9217,0.0817,0.6976681351661682,0.5245535969734192,0.2093,0.3982,0.6892,0.4889,0.418,0.6193
9218,0.0819,0.6994078755378723,0.5142857432365417,0.2108,0.4031,0.6881,0.4893,0.4246,0.6281
9219,0.0797,0.6915686130523682,0.5767857432365417,0.2122,0.4113,0.6861,0.4909,0.4423,0.6398
9220,0.0779,0.6979061961174011,0.528124988079071,0.2136,0.4085,0.6864,0.4908,0.4355,0.6399
9221,0.0817,0.6992413401603699,0.5089285969734192,0.215,0.4075,0.6862,0.4896,0.4277,0.6403
9222,0.0787,0.6946018934249878,0.5526785850524902,0.2163,0.4064,0.6875,0.4895,0.4315,0.6328
9223,0.0774,0.6999544501304626,0.5026785731315613,0.2177,0.4105,0.6861,0.4885,0.43,0.6418
9224,0.08,0.6958951354026794,0.5285714268684387,0.2191,0.4048,0.6891,0.4871,0.4268,0.6209
9225,0.0784,0.7001867890357971,0.4977678656578064,0.2204,0.4071,0.6867,0.4878,0.422,0.6381
9226,0.0781,0.7043921947479248,0.4754464328289032,0.2218,0.4119,0.6847,0.492,0.4395,0.6526
9227,0.0788,0.6882461905479431,0.6080357432365417,0.2232,0.4094,0.686,0.489,0.4289,0.6434
9228,0.0756,0.6945085525512695,0.5522321462631226,0.2245,0.409,0.6867,0.4885,0.4297,0.6371
9229,0.0822,0.7019568681716919,0.4794642925262451,0.2259,0.4062,0.6875,0.4905,0.4333,0.6339
9230,0.0805,0.7014338970184326,0.4906249940395355,0.2273,0.4088,0.6854,0.4898,0.4265,0.6479
9231,0.079,0.6959530115127563,0.5575892925262451,0.2287,0.4081,0.6864,0.4906,0.4292,0.6446
9232,0.0782,0.6955240368843079,0.5375000238418579,0.23,0.412,0.6851,0.4903,0.4324,0.6531
9233,0.0806,0.6963097453117371,0.5482142567634583,0.2314,0.3944,0.6903,0.488,0.4152,0.6091
9234,0.0785,0.6977651119232178,0.5169642567634583,0.2328,0.4082,0.6857,0.4906,0.4294,0.6467
9235,0.0769,0.6967694759368896,0.5142857432365417,0.2341,0.4063,0.6876,0.4891,0.4312,0.6294
9236,0.0802,0.6953365802764893,0.53125,0.2355,0.4176,0.6843,0.4912,0.4442,0.6588
9237,0.0761,0.6980891823768616,0.5258928537368774,0.2368,0.4046,0.6874,0.4892,0.4246,0.6328
9238,0.077,0.6996897459030151,0.4959821403026581,0.2382,0.4078,0.6874,0.4889,0.4331,0.6308
9239,0.0781,0.6943182945251465,0.5723214149475098,0.2395,0.4103,0.6856,0.4912,0.4368,0.6465
9240,0.0689,0.69003826379776,0.5816964507102966,0.2408,0.3981,0.6887,0.4899,0.4151,0.6246
9241,0.077,0.6869178414344788,0.6209821701049805,0.2421,0.4098,0.6862,0.4897,0.4316,0.6435
9242,0.0827,0.6940405964851379,0.5607143044471741,0.2435,0.3973,0.69,0.4884,0.4208,0.6114
9243,0.0787,0.6934298872947693,0.5651785731315613,0.2449,0.3954,0.6899,0.4889,0.4107,0.6165
9244,0.0803,0.69963139295578,0.4995535612106323,0.2463,0.4013,0.6882,0.4886,0.4195,0.6256
9245,0.0813,0.6968533396720886,0.5236607193946838,0.2477,0.4137,0.6855,0.49,0.4371,0.65
9246,0.0775,0.693783164024353,0.5611607432365417,0.249,0.4039,0.6878,0.4899,0.423,0.6346
9247,0.0778,0.6877569556236267,0.6084821224212646,0.2504,0.4025,0.6886,0.4902,0.4293,0.6247
9248,0.0747,0.6917053461074829,0.5625,0.2517,0.4121,0.6868,0.4857,0.4278,0.6372
9249,0.0796,0.6950039863586426,0.5616071224212646,0.2531,0.4054,0.6878,0.4872,0.4255,0.6264
9250,0.0773,0.6983256340026855,0.5245535969734192,0.2544,0.4078,0.6862,0.4925,0.4375,0.6441
9251,0.0788,0.6952474117279053,0.5562499761581421,0.2558,0.406,0.6877,0.4906,0.4334,0.6329
9252,0.0825,0.6941989660263062,0.5522321462631226,0.2572,0.3983,0.69,0.4883,0.424,0.612
9253,0.079,0.6926498413085938,0.5491071343421936,0.2586,0.4095,0.6872,0.4874,0.4268,0.636
9254,0.0887,0.691952645778656,0.5754464268684387,0.2601,0.4053,0.6873,0.4875,0.4271,0.6272
9255,0.0833,0.6938762068748474,0.543749988079071,0.2616,0.4056,0.6874,0.4877,0.422,0.6326
9256,0.0832,0.6942887902259827,0.5589285492897034,0.263,0.4064,0.6877,0.4924,0.442,0.6327
9257,0.0799,0.691630482673645,0.5915178656578064,0.2644,0.4028,0.6888,0.4887,0.4282,0.6218
9258,0.0786,0.693711519241333,0.5602678656578064,0.2658,0.3977,0.689,0.4913,0.4254,0.6193
9259,0.0729,0.6925560235977173,0.5669642686843872,0.267,0.4044,0.6877,0.4872,0.4213,0.6298
9260,0.0781,0.6978830695152283,0.5383928418159485,0.2684,0.4048,0.6881,0.4925,0.4398,0.6314
9261,0.0822,0.695264995098114,0.5245535969734192,0.2698,0.4154,0.6846,0.4907,0.4397,0.6559
9262,0.0796,0.696895182132721,0.5223214030265808,0.2712,0.404,0.6876,0.4876,0.4212,0.6294
9263,0.081,0.6939358115196228,0.5709821581840515,0.2726,0.4076,0.6877,0.4899,0.4349,0.632
9264,0.0802,0.6940906047821045,0.5633928775787354,0.274,0.4069,0.6869,0.4905,0.434,0.6372
9265,0.0858,0.6942784190177917,0.5428571701049805,0.2755,0.3971,0.6902,0.4883,0.4185,0.6126
9266,0.085,0.6952178478240967,0.5522321462631226,0.277,0.3997,0.6886,0.4882,0.4222,0.6174
9267,0.0819,0.6991786360740662,0.5004464387893677,0.2784,0.4088,0.6868,0.4907,0.4371,0.6383
9268,0.0782,0.6949544548988342,0.5299107432365417,0.2798,0.4076,0.6862,0.4889,0.4265,0.6416
9269,0.0799,0.6890985369682312,0.5959821343421936,0.2812,0.4035,0.6878,0.4888,0.4214,0.6324
9270,0.0795,0.6943013072013855,0.5535714030265808,0.2825,0.4036,0.6877,0.4886,0.424,0.6271
9271,0.0827,0.6970809698104858,0.5254464149475098,0.284,0.3997,0.6899,0.4905,0.4293,0.6179
9272,0.0774,0.6987943649291992,0.518750011920929,0.2853,0.4024,0.6886,0.487,0.42,0.6225
9273,0.0806,0.6951531171798706,0.5549107193946838,0.2867,0.3992,0.6892,0.4913,0.4284,0.6217
9274,0.0787,0.6947556734085083,0.543749988079071,0.2881,0.3928,0.6895,0.4907,0.416,0.613
9275,0.0807,0.7024217844009399,0.4892857074737549,0.2895,0.4095,0.6869,0.4906,0.4362,0.6401
9276,0.08,0.6959836483001709,0.5450893044471741,0.2909,0.4155,0.6856,0.4871,0.4349,0.644
9277,0.0804,0.689221203327179,0.5950892567634583,0.2923,0.3961,0.689,0.4883,0.4105,0.6204
9278,0.0829,0.6926523447036743,0.5566964149475098,0.2937,0.4097,0.6868,0.4906,0.437,0.6409
9279,0.0791,0.6979244351387024,0.534375011920929,0.2951,0.3918,0.6909,0.4911,0.4228,0.6057
9280,0.0812,0.7009560465812683,0.5017856955528259,0.2965,0.4065,0.6863,0.4922,0.4389,0.6404
9281,0.081,0.6929673552513123,0.5723214149475098,0.2979,0.4077,0.6873,0.4909,0.4367,0.6383
9282,0.075,0.6958019733428955,0.5348214507102966,0.2992,0.4099,0.687,0.4873,0.4303,0.6336
9283,0.0774,0.6992362141609192,0.5120535492897034,0.3005,0.4,0.6889,0.4894,0.4245,0.6207
9284,0.0811,0.6874639391899109,0.606249988079071,0.302,0.4051,0.6887,0.4871,0.4248,0.6243
9285,0.0803,0.6978352665901184,0.5133928656578064,0.3034,0.4006,0.6891,0.4901,0.4311,0.6171
9286,0.082,0.6946461796760559,0.5482142567634583,0.3048,0.4066,0.6861,0.49,0.4298,0.6408
9287,0.0783,0.693036675453186,0.5535714030265808,0.3061,0.4119,0.686,0.4872,0.4279,0.6439
9288,0.0771,0.6952860951423645,0.5504464507102966,0.3075,0.4076,0.6862,0.4919,0.4371,0.6412
9289,0.0811,0.6945189237594604,0.5303571224212646,0.3089,0.3925,0.6904,0.4882,0.4073,0.6094
9290,0.0797,0.6931851506233215,0.5736607313156128,0.3103,0.4055,0.6871,0.4892,0.4262,0.6362
9291,0.0812,0.692578911781311,0.5741071701049805,0.3117,0.4145,0.6843,0.4899,0.4334,0.6586
9292,0.079,0.6938189268112183,0.5544642806053162,0.3131,0.404,0.6874,0.4894,0.4273,0.6298
9293,0.0821,0.692086935043335,0.574999988079071,0.3145,0.4051,0.6877,0.4898,0.4307,0.6304
9294,0.0777,0.6993578672409058,0.518750011920929,0.3158,0.4091,0.6871,0.4917,0.4413,0.6399
9295,0.0771,0.6959905624389648,0.5236607193946838,0.3172,0.4012,0.6886,0.4886,0.4218,0.6238
9296,0.076,0.693556010723114,0.5562499761581421,0.3185,0.4009,0.6892,0.4889,0.4283,0.6166
9297,0.0773,0.697656512260437,0.528124988079071,0.3198,0.4048,0.6873,0.4909,0.4291,0.6363
9298,0.0765,0.6985397934913635,0.5191964507102966,0.3212,0.3951,0.6903,0.4905,0.4239,0.6102
9299,0.08,0.6956033706665039,0.5379464030265808,0.3226,0.4141,0.6841,0.4901,0.437,0.6534
9300,0.0831,0.6962655186653137,0.5455357432365417,0.324,0.4022,0.6879,0.4911,0.4276,0.6315
9301,0.0781,0.6902691125869751,0.5861607193946838,0.3254,0.4147,0.6853,0.4884,0.4353,0.6467
9302,0.0843,0.6932886242866516,0.5616071224212646,0.3268,0.4044,0.6869,0.4925,0.4359,0.6371
9303,0.0798,0.6980246901512146,0.5330356955528259,0.3282,0.4111,0.685,0.492,0.4409,0.6513
9304,0.0824,0.6930769681930542,0.5611607432365417,0.3296,0.4037,0.6874,0.4902,0.43,0.6305
9305,0.0797,0.6969819068908691,0.5361607074737549,0.331,0.4181,0.6843,0.489,0.4369,0.659
9306,0.0824,0.6936834454536438,0.5598214268684387,0.3325,0.4089,0.6863,0.4891,0.4306,0.6402
9307,0.079,0.6973969340324402,0.5361607074737549,0.3338,0.4069,0.6879,0.4891,0.4301,0.6332
9308,0.0775,0.691161036491394,0.5678571462631226,0.3352,0.3952,0.6907,0.4896,0.4205,0.6112
9309,0.0807,0.6986463665962219,0.5165178775787354,0.3366,0.4002,0.6882,0.4904,0.4245,0.6263
9310,0.0774,0.6905081868171692,0.596875011920929,0.3379,0.4047,0.6874,0.4894,0.4274,0.6312
9311,0.0804,0.6965505480766296,0.5383928418159485,0.3393,0.414,0.6844,0.4929,0.4473,0.6561
9312,0.079,0.6952375173568726,0.5375000238418579,0.3407,0.4004,0.6894,0.4896,0.4289,0.6177
9313,0.0789,0.6947993636131287,0.550000011920929,0.3421,0.3982,0.6897,0.4893,0.4249,0.6143
9314,0.0819,0.6956865787506104,0.5352678298950195,0.3435,0.4104,0.687,0.4894,0.4335,0.6411
9315,0.0797,0.6987502574920654,0.5022321343421936,0.3449,0.4002,0.6884,0.4889,0.4183,0.6242
9316,0.0788,0.6964334845542908,0.5388392806053162,0.3462,0.4064,0.6877,0.4875,0.4247,0.6314
9317,0.0808,0.693457305431366,0.5553571581840515,0.3476,0.3989,0.6887,0.4907,0.4281,0.6196
9318,0.0797,0.693177342414856,0.5602678656578064,0.349,0.4162,0.6846,0.4903,0.4398,0.6562
9319,0.0793,0.691351592540741,0.5718749761581421,0.3504,0.4049,0.6871,0.4906,0.424,0.6384
9320,0.0757,0.6899340748786926,0.5973214507102966,0.3517,0.4099,0.6875,0.4884,0.4337,0.6338
9321,0.0807,0.6945427060127258,0.5625,0.3531,0.4031,0.6875,0.4903,0.4282,0.6319
9322,0.0781,0.6918938755989075,0.5754464268684387,0.3545,0.4122,0.6848,0.4898,0.432,0.6515
9323,0.0827,0.6956562399864197,0.5491071343421936,0.3559,0.4097,0.6856,0.4898,0.4329,0.6436
9324,0.0827,0.6952998638153076,0.5491071343421936,0.3574,0.4072,0.6855,0.4903,0.426,0.6466
9325,0.0811,0.6952281594276428,0.5477678775787354,0.3588,0.4191,0.6836,0.4891,0.4363,0.6641
9326,0.0858,0.6975661516189575,0.534375011920929,0.3602,0.4087,0.6862,0.4916,0.4391,0.6405
9327,0.0837,0.6990678310394287,0.518750011920929,0.3617,0.4122,0.6863,0.4902,0.4404,0.641
9328,0.0803,0.6886524558067322,0.609375,0.3631,0.4118,0.6851,0.4879,0.428,0.6474
9329,0.0793,0.701187252998352,0.5093749761581421,0.3645,0.4117,0.6857,0.4888,0.434,0.6427
9330,0.077,0.6959521174430847,0.5433035492897034,0.3658,0.4087,0.6869,0.4882,0.4303,0.6347
9331,0.0802,0.7000018954277039,0.5116071701049805,0.3672,0.3996,0.6884,0.4894,0.4196,0.6237
9332,0.0812,0.6957540512084961,0.5482142567634583,0.3686,0.4114,0.6857,0.4891,0.4305,0.6481
9333,0.0802,0.6946855187416077,0.5531250238418579,0.37,0.4123,0.6858,0.4898,0.4344,0.6491
9334,0.0809,0.6935787796974182,0.5665178298950195,0.3714,0.4095,0.6862,0.4905,0.4366,0.6401
9335,0.0793,0.6938232183456421,0.5566964149475098,0.3728,0.4002,0.6891,0.4887,0.4194,0.6228
9336,0.0811,0.697051465511322,0.5491071343421936,0.3742,0.406,0.6873,0.4891,0.4282,0.6341
9337,0.076,0.6947610378265381,0.5473214387893677,0.3755,0.4194,0.6834,0.4888,0.4359,0.6668
9338,0.083,0.6922853589057922,0.5727678537368774,0.377,0.4073,0.6869,0.4882,0.4244,0.6373
9339,0.0822,0.6973110437393188,0.5147321224212646,0.3784,0.4167,0.6839,0.49,0.4386,0.6586
9340,0.0763,0.6968294978141785,0.5200892686843872,0.3797,0.397,0.6899,0.4901,0.4242,0.6156
9341,0.0781,0.6943146586418152,0.5553571581840515,0.3811,0.4142,0.6859,0.4897,0.44,0.6451
9342,0.0821,0.6959167122840881,0.550000011920929,0.3825,0.3968,0.6899,0.4917,0.4313,0.613
9343,0.0825,0.6993721127510071,0.5200892686843872,0.3839,0.3941,0.6905,0.4911,0.4215,0.6103
9344,0.077,0.6938498616218567,0.5651785731315613,0.3853,0.4137,0.685,0.4893,0.4345,0.6508
9345,0.0781,0.6881837844848633,0.5986607074737549,0.3866,0.41,0.6859,0.4897,0.4342,0.6402
9346,0.0781,0.6947400569915771,0.5482142567634583,0.388,0.3983,0.6892,0.4886,0.4174,0.6181
9347,0.0821,0.6986281871795654,0.5290178656578064,0.3894,0.4186,0.6829,0.4898,0.4372,0.6681
9348,0.0778,0.6957526206970215,0.5299107432365417,0.3908,0.4132,0.6852,0.4893,0.4328,0.651
9349,0.081,0.694850504398346,0.5397321581840515,0.3922,0.4087,0.6859,0.4907,0.4347,0.6428
9350,0.0855,0.6996467709541321,0.5214285850524902,0.3937,0.4045,0.6867,0.4885,0.4148,0.6421
9351,0.0792,0.6965382695198059,0.5388392806053162,0.395,0.3944,0.6907,0.4905,0.4253,0.6076
9352,0.081,0.6941483020782471,0.5566964149475098,0.3964,0.4014,0.6884,0.4909,0.4296,0.6268
9353,0.0814,0.6973028779029846,0.5294643044471741,0.3979,0.4227,0.6831,0.4896,0.4437,0.6671
9354,0.079,0.6902399659156799,0.5883928537368774,0.3992,0.4084,0.6866,0.4898,0.4321,0.6387
9355,0.0796,0.6980840563774109,0.5200892686843872,0.4006,0.4,0.6879,0.4911,0.4239,0.6303
9356,0.0788,0.6960546374320984,0.5491071343421936,0.402,0.4058,0.6866,0.4893,0.4211,0.6427
9357,0.0815,0.7008318901062012,0.4950892925262451,0.4034,0.4031,0.6887,0.4867,0.4213,0.6225
9359,0.4285,0.6994647979736328,0.5102678537368774,0.0072,0.4072,0.6869,0.4889,0.4262,0.6384
9360,0.1657,0.6974897384643555,0.5165178775787354,0.01,0.4174,0.6855,0.4888,0.4428,0.6457
9361,0.127,0.6925714015960693,0.5745535492897034,0.0122,0.4149,0.6835,0.4924,0.439,0.667
9362,0.1277,0.6879407167434692,0.5982142686843872,0.0144,0.4042,0.6878,0.492,0.438,0.6305
9363,0.0986,0.693892240524292,0.5589285492897034,0.0161,0.4074,0.687,0.4886,0.4257,0.636
9364,0.1031,0.6950368881225586,0.5464285612106323,0.0178,0.4091,0.6862,0.4899,0.4316,0.6439
9365,0.112,0.6942641139030457,0.5540178418159485,0.0197,0.4009,0.6888,0.4889,0.4212,0.6249
9366,0.0838,0.6915712356567383,0.5803571343421936,0.0212,0.4124,0.6853,0.492,0.4419,0.6505
9367,0.0746,0.6925249099731445,0.5736607313156128,0.0225,0.41,0.6861,0.4897,0.4347,0.6403
9368,0.0894,0.6937416195869446,0.5709821581840515,0.024,0.4064,0.6859,0.4915,0.4294,0.6444
9369,0.0869,0.6900432109832764,0.5843750238418579,0.0255,0.4062,0.687,0.4905,0.4308,0.6391
9370,0.0861,0.697864830493927,0.5062500238418579,0.027,0.415,0.6854,0.4902,0.4395,0.6516
9371,0.0746,0.6968900561332703,0.5214285850524902,0.0283,0.4118,0.6865,0.4884,0.4326,0.6424
9372,0.081,0.6940875053405762,0.5464285612106323,0.0297,0.4028,0.6887,0.4875,0.4215,0.6239
9373,0.0772,0.6947662830352783,0.5589285492897034,0.0311,0.4062,0.6877,0.49,0.4319,0.631
9374,0.0792,0.6927144527435303,0.5616071224212646,0.0325,0.4079,0.6871,0.4883,0.4298,0.6349
9375,0.069,0.6942897439002991,0.5504464507102966,0.0337,0.4025,0.6884,0.4878,0.4259,0.6202
9376,0.0832,0.6909151673316956,0.5946428775787354,0.0351,0.4116,0.6848,0.4923,0.439,0.655
9377,0.0796,0.6966645121574402,0.5441964268684387,0.0365,0.4084,0.6865,0.4905,0.4304,0.6444
9378,0.0795,0.6960433125495911,0.5450893044471741,0.0379,0.4086,0.6862,0.4913,0.4356,0.6429
9379,0.0789,0.6900821924209595,0.5955356955528259,0.0392,0.3986,0.6887,0.4913,0.4245,0.6251
9380,0.0668,0.6949438452720642,0.5459821224212646,0.0404,0.408,0.686,0.4889,0.4243,0.6453
9381,0.077,0.6992659568786621,0.5058035850524902,0.0417,0.3988,0.6887,0.4887,0.4157,0.6234
9382,0.0823,0.6964157819747925,0.528124988079071,0.0432,0.413,0.684,0.4889,0.4266,0.6575
9383,0.0774,0.6967284083366394,0.5272321701049805,0.0445,0.4013,0.6878,0.489,0.4155,0.6312
9384,0.0793,0.6930150389671326,0.5683035850524902,0.0459,0.4035,0.6876,0.4906,0.4318,0.6291
9385,0.0805,0.7000976800918579,0.5017856955528259,0.0473,0.4055,0.6873,0.4916,0.436,0.6356
9386,0.0798,0.6971208453178406,0.5366071462631226,0.0487,0.4066,0.6865,0.4901,0.4254,0.642
9387,0.0802,0.6965001821517944,0.5272321701049805,0.0501,0.4154,0.6847,0.4904,0.4426,0.6511
9388,0.0793,0.6972472071647644,0.5263392925262451,0.0515,0.4109,0.6854,0.4909,0.4332,0.6503
9389,0.0791,0.6942788362503052,0.5531250238418579,0.0528,0.4129,0.6857,0.4914,0.4419,0.6494
9390,0.0774,0.6936200857162476,0.5553571581840515,0.0542,0.3982,0.6893,0.4891,0.4201,0.6172
9391,0.08,0.6951649785041809,0.5540178418159485,0.0556,0.3965,0.6892,0.4902,0.4196,0.6187
9392,0.0801,0.6964836716651917,0.5267857313156128,0.057,0.4029,0.6874,0.489,0.4224,0.6321
9393,0.0776,0.6897223591804504,0.5745535492897034,0.0584,0.408,0.6875,0.4895,0.4321,0.6342
9394,0.0787,0.6926521062850952,0.5888392925262451,0.0597,0.3985,0.6888,0.4898,0.4197,0.6237
9395,0.0776,0.6967396140098572,0.5486606955528259,0.0611,0.4004,0.6883,0.4903,0.4253,0.6245
9396,0.0774,0.6965624094009399,0.5401785969734192,0.0624,0.4047,0.687,0.489,0.4275,0.6297
9397,0.0831,0.6941670775413513,0.5433035492897034,0.0639,0.4123,0.6852,0.491,0.4383,0.6507
9398,0.0779,0.6965407729148865,0.5379464030265808,0.0652,0.4091,0.6869,0.4883,0.4294,0.6371
9399,0.0782,0.693841814994812,0.5602678656578064,0.0666,0.4087,0.6855,0.4915,0.4339,0.6483
9400,0.076,0.6926553845405579,0.5741071701049805,0.0679,0.4051,0.6876,0.4893,0.4299,0.6304
9401,0.0777,0.6943504214286804,0.5531250238418579,0.0692,0.4032,0.6876,0.4906,0.426,0.6346
9402,0.0646,0.6952848434448242,0.534375011920929,0.0704,0.4108,0.6861,0.4907,0.4363,0.6448
9403,0.0712,0.6952956318855286,0.5455357432365417,0.0716,0.418,0.6835,0.4924,0.4477,0.6644
9404,0.0811,0.6946805715560913,0.5522321462631226,0.073,0.4077,0.6863,0.4901,0.4317,0.64
9405,0.0779,0.6904389262199402,0.5892857313156128,0.0744,0.4078,0.6861,0.4902,0.4317,0.6389
9406,0.0793,0.7001556754112244,0.4924107193946838,0.0758,0.4001,0.6893,0.4895,0.4239,0.6207
9407,0.0776,0.6947687864303589,0.5357142686843872,0.0771,0.4078,0.6867,0.49,0.4337,0.6365
9408,0.0806,0.698065459728241,0.5080357193946838,0.0785,0.4162,0.685,0.4914,0.4449,0.6541
9409,0.0795,0.6956071853637695,0.5504464507102966,0.0799,0.4169,0.6843,0.4896,0.4384,0.6578
9410,0.0795,0.6920982003211975,0.5767857432365417,0.0813,0.3981,0.6896,0.4901,0.4243,0.6176
9411,0.0813,0.6964461207389832,0.5245535969734192,0.0827,0.4001,0.6893,0.4885,0.4249,0.6165
9412,0.0763,0.6946365237236023,0.5450893044471741,0.084,0.4026,0.6888,0.4914,0.4355,0.6242
9413,0.0775,0.696500301361084,0.5383928418159485,0.0854,0.4191,0.6836,0.4914,0.4443,0.6666
9414,0.0789,0.7001367807388306,0.5053571462631226,0.0867,0.3959,0.6894,0.4908,0.4238,0.6151
9415,0.0786,0.693372368812561,0.5526785850524902,0.0881,0.4185,0.6844,0.4916,0.4494,0.6559
9416,0.0801,0.6955692172050476,0.5660714507102966,0.0895,0.4079,0.6859,0.4885,0.4243,0.6422
9417,0.0791,0.6934073567390442,0.5575892925262451,0.0909,0.4039,0.6871,0.4908,0.4304,0.6329
9418,0.0829,0.693659782409668,0.5477678775787354,0.0923,0.4099,0.6865,0.4889,0.431,0.6404
9419,0.083,0.696871817111969,0.5214285850524902,0.0937,0.4065,0.6863,0.4902,0.4243,0.6454
9420,0.0842,0.692318856716156,0.5674107074737549,0.0952,0.4029,0.6883,0.4908,0.4315,0.6272
9421,0.0832,0.6904168128967285,0.5848214030265808,0.0966,0.4053,0.6873,0.4893,0.4256,0.6344
9422,0.0804,0.6929495930671692,0.5486606955528259,0.098,0.4108,0.6866,0.4889,0.4333,0.6408
9423,0.0795,0.6962611079216003,0.5325892567634583,0.0994,0.4003,0.6887,0.491,0.4295,0.6241
9424,0.0829,0.6910853981971741,0.5933035612106323,0.1009,0.4002,0.6888,0.4887,0.4231,0.6199
9425,0.0821,0.7002236843109131,0.5053571462631226,0.1023,0.4108,0.6859,0.4905,0.4354,0.6474
9426,0.0758,0.6978400945663452,0.528124988079071,0.1036,0.4105,0.6863,0.4905,0.4392,0.6405
9427,0.0819,0.6925323605537415,0.5625,0.105,0.4018,0.6886,0.4864,0.42,0.6185
9428,0.082,0.6923922300338745,0.5723214149475098,0.1064,0.398,0.689,0.4886,0.4194,0.6174
9429,0.078,0.7014626264572144,0.4950892925262451,0.1078,0.3989,0.6899,0.4886,0.4234,0.6149
9430,0.0806,0.6961644291877747,0.5325892567634583,0.1092,0.4067,0.687,0.4891,0.4281,0.6357
9431,0.0793,0.6979822516441345,0.5102678537368774,0.1106,0.4081,0.6866,0.4903,0.4318,0.6431
9432,0.0793,0.6950797438621521,0.5428571701049805,0.112,0.4118,0.6852,0.4902,0.4368,0.6471
9433,0.0818,0.7000065445899963,0.5098214149475098,0.1134,0.4037,0.688,0.4861,0.4196,0.6258
9434,0.0829,0.6962804794311523,0.5473214387893677,0.1148,0.4013,0.689,0.491,0.4321,0.6228
9435,0.0671,0.6961424946784973,0.5316964387893677,0.116,0.4074,0.6866,0.4905,0.4336,0.6376
9436,0.078,0.6940298676490784,0.5580357313156128,0.1173,0.4085,0.6867,0.4882,0.4292,0.6356
9437,0.0845,0.6949585676193237,0.5598214268684387,0.1188,0.4038,0.6876,0.4899,0.4269,0.6309
9438,0.081,0.6988856792449951,0.5098214149475098,0.1202,0.4116,0.686,0.4908,0.4384,0.6454
9439,0.0671,0.6921902298927307,0.5700892806053162,0.1214,0.4002,0.6894,0.4923,0.4363,0.6213
9440,0.0822,0.6926901936531067,0.5709821581840515,0.1228,0.4095,0.6874,0.4901,0.4368,0.6361
9441,0.0653,0.696919322013855,0.5370535850524902,0.124,0.4047,0.6874,0.4916,0.4363,0.6323
9442,0.0786,0.6978863477706909,0.5276785492897034,0.1253,0.4045,0.6862,0.489,0.4194,0.6396
9443,0.08,0.6928566694259644,0.5629464387893677,0.1267,0.4146,0.6862,0.4879,0.435,0.6442
9444,0.0834,0.6923582553863525,0.5674107074737549,0.1282,0.4168,0.6845,0.4886,0.4354,0.6537
9445,0.0666,0.6966196298599243,0.5433035492897034,0.1293,0.4109,0.6862,0.4903,0.4359,0.6433
9446,0.0751,0.6993080973625183,0.5138393044471741,0.1306,0.4098,0.6851,0.4916,0.4326,0.6525
9447,0.0819,0.6965430378913879,0.5383928418159485,0.1321,0.4062,0.6873,0.4894,0.4296,0.632
9448,0.0827,0.6942703723907471,0.5638392567634583,0.1335,0.4113,0.6847,0.489,0.426,0.655
9449,0.0791,0.6929340958595276,0.5602678656578064,0.1349,0.4046,0.6869,0.489,0.4223,0.6371
9450,0.08,0.6940577626228333,0.5674107074737549,0.1363,0.399,0.6891,0.4901,0.4252,0.6192
9451,0.0653,0.6932860016822815,0.5566964149475098,0.1374,0.4087,0.6857,0.4886,0.4261,0.6428
9452,0.0818,0.6912396550178528,0.5776785612106323,0.1388,0.4116,0.6858,0.4899,0.4347,0.646
9453,0.0806,0.6950013637542725,0.5504464507102966,0.1402,0.4072,0.6871,0.4881,0.4272,0.6334
9454,0.0748,0.696881115436554,0.5415178537368774,0.1415,0.4137,0.6857,0.4907,0.4424,0.6444
9455,0.0766,0.6863850355148315,0.6232143044471741,0.1429,0.4051,0.6882,0.4891,0.4307,0.6259
9456,0.0743,0.6964879035949707,0.5375000238418579,0.1442,0.4039,0.6881,0.4883,0.4271,0.6236
9457,0.0738,0.6968278288841248,0.53125,0.1454,0.4125,0.6851,0.49,0.434,0.6508
9458,0.0753,0.6985743045806885,0.4955357015132904,0.1467,0.4054,0.6879,0.486,0.4212,0.6276
9459,0.0761,0.6971316933631897,0.5397321581840515,0.1481,0.3977,0.6894,0.4907,0.4256,0.6195
9460,0.0736,0.6953534483909607,0.5491071343421936,0.1494,0.4078,0.6877,0.49,0.4359,0.633
9461,0.076,0.6961204409599304,0.5348214507102966,0.1507,0.409,0.6864,0.4886,0.4274,0.6412
9462,0.0753,0.6913977861404419,0.5839285850524902,0.152,0.4089,0.6866,0.4892,0.4321,0.638
9463,0.0795,0.6976098418235779,0.5080357193946838,0.1534,0.4069,0.6866,0.4904,0.433,0.6361
9464,0.0665,0.6922509074211121,0.5736607313156128,0.1545,0.4007,0.6902,0.4875,0.4246,0.6118
9465,0.0769,0.6966201663017273,0.5339285731315613,0.1559,0.407,0.687,0.4882,0.4254,0.6348
9466,0.0781,0.6989752054214478,0.5142857432365417,0.1572,0.4028,0.688,0.4904,0.4288,0.6298
9467,0.0779,0.6950631737709045,0.5397321581840515,0.1586,0.4046,0.687,0.4914,0.4317,0.6377
9468,0.0789,0.701937198638916,0.4763392806053161,0.16,0.4078,0.6871,0.4874,0.4257,0.635
9469,0.0793,0.6945499181747437,0.5441964268684387,0.1613,0.4127,0.6852,0.4886,0.4309,0.6497
9470,0.0832,0.6974512338638306,0.5227678418159485,0.1628,0.4113,0.6854,0.4897,0.4351,0.645
9471,0.0782,0.6957381963729858,0.5138393044471741,0.1641,0.3937,0.6903,0.4897,0.4173,0.6097
9472,0.0775,0.6931321024894714,0.5602678656578064,0.1655,0.4114,0.6853,0.4894,0.4317,0.6467
9473,0.0791,0.6922632455825806,0.5785714387893677,0.1669,0.4034,0.6883,0.4901,0.4307,0.6256
9474,0.082,0.6957966685295105,0.5660714507102966,0.1683,0.4014,0.6875,0.4913,0.4254,0.6315
9475,0.0767,0.6939656734466553,0.5562499761581421,0.1696,0.4056,0.6865,0.489,0.4205,0.6393
9476,0.0805,0.690847635269165,0.5830357074737549,0.171,0.4025,0.6879,0.4892,0.4269,0.6258
9477,0.0778,0.6965137124061584,0.5433035492897034,0.1724,0.4004,0.6892,0.4894,0.4206,0.6246
9478,0.0766,0.692557156085968,0.5651785731315613,0.1737,0.4158,0.6853,0.4889,0.4351,0.6526
9479,0.0769,0.6909154653549194,0.5901785492897034,0.175,0.4134,0.686,0.4919,0.4462,0.6464
9480,0.0792,0.6951586604118347,0.5406249761581421,0.1764,0.406,0.6865,0.4903,0.4278,0.6398
9481,0.0761,0.6971487998962402,0.5276785492897034,0.1777,0.4028,0.6886,0.489,0.425,0.6249
9482,0.0835,0.6959320306777954,0.534375011920929,0.1792,0.4063,0.6867,0.4913,0.4334,0.6381
9483,0.0824,0.6955181956291199,0.5366071462631226,0.1806,0.3968,0.6905,0.4886,0.4185,0.6132
9484,0.0802,0.6981640458106995,0.4950892925262451,0.182,0.4061,0.6878,0.4893,0.4321,0.6292
9485,0.0791,0.6975083947181702,0.5316964387893677,0.1834,0.4015,0.6879,0.4891,0.4231,0.6266
9486,0.0801,0.6925749778747559,0.5638392567634583,0.1847,0.4093,0.6854,0.4914,0.4331,0.6481
9487,0.0797,0.7002645134925842,0.5026785731315613,0.1861,0.4144,0.6849,0.4925,0.4454,0.6553
9488,0.0819,0.7013713121414185,0.4964285790920257,0.1875,0.4055,0.688,0.4879,0.4262,0.6286
9489,0.0815,0.6959677338600159,0.5410714149475098,0.189,0.4084,0.6851,0.4903,0.4279,0.6491
9490,0.0816,0.6967452168464661,0.5223214030265808,0.1904,0.4099,0.6856,0.4896,0.4299,0.645
9491,0.0781,0.6938442587852478,0.5616071224212646,0.1917,0.4181,0.6834,0.4902,0.4354,0.6684
9492,0.0785,0.6964437365531921,0.543749988079071,0.1931,0.4083,0.6863,0.4907,0.4335,0.6413
9493,0.0798,0.6978827714920044,0.5133928656578064,0.1945,0.4121,0.6855,0.4906,0.4363,0.6495
9494,0.0773,0.6951116919517517,0.5419642925262451,0.1958,0.4086,0.6865,0.4904,0.4357,0.639
9495,0.0658,0.6916142702102661,0.5705357193946838,0.197,0.4108,0.6863,0.4907,0.4375,0.6444
9496,0.0782,0.6915261745452881,0.5700892806053162,0.1983,0.4035,0.6883,0.4919,0.438,0.6261
9497,0.0782,0.6932788491249084,0.5629464387893677,0.1997,0.4122,0.6857,0.4893,0.4334,0.6459
9498,0.0807,0.6910476684570312,0.5745535492897034,0.2011,0.4068,0.6874,0.4883,0.4261,0.6343
9499,0.0796,0.6904296875,0.5857142806053162,0.2025,0.4147,0.6858,0.4919,0.4451,0.6522
9500,0.0766,0.6946421265602112,0.5638392567634583,0.2038,0.4057,0.6862,0.4924,0.4338,0.6438
9501,0.0793,0.6963239908218384,0.5401785969734192,0.2052,0.4046,0.6871,0.4914,0.4348,0.6333
9502,0.0808,0.6938257217407227,0.5575892925262451,0.2066,0.4065,0.688,0.4879,0.4281,0.6286
9503,0.0653,0.6939945816993713,0.5477678775787354,0.2078,0.4109,0.6865,0.488,0.4294,0.6413
9504,0.0769,0.6975501775741577,0.534375011920929,0.2091,0.4105,0.6863,0.489,0.4319,0.642
9505,0.0781,0.7001298069953918,0.4919642806053161,0.2105,0.4147,0.6844,0.4909,0.438,0.6571
9506,0.078,0.700386643409729,0.5044642686843872,0.2118,0.4098,0.6861,0.4914,0.4376,0.6447
9507,0.0804,0.6958445906639099,0.5276785492897034,0.2132,0.4053,0.6875,0.4895,0.4285,0.633
9508,0.0797,0.694622814655304,0.5540178418159485,0.2146,0.4111,0.6859,0.4912,0.4405,0.6455
9509,0.0813,0.6955932378768921,0.53125,0.216,0.4028,0.6876,0.4888,0.4219,0.6294
9510,0.0775,0.6936795115470886,0.5566964149475098,0.2173,0.395,0.6903,0.4901,0.4248,0.6099
9511,0.0801,0.6965398788452148,0.5236607193946838,0.2187,0.4033,0.6889,0.4895,0.4359,0.6157
9512,0.0773,0.6994301676750183,0.5138393044471741,0.2201,0.4149,0.686,0.4897,0.4397,0.6469
9513,0.0802,0.6939449906349182,0.5598214268684387,0.2215,0.4114,0.6849,0.4894,0.4304,0.6518
9514,0.0767,0.696911096572876,0.53125,0.2228,0.4108,0.6858,0.4894,0.4319,0.645
9515,0.079,0.6901259422302246,0.5790178775787354,0.2242,0.3973,0.6897,0.4913,0.429,0.6165
9516,0.077,0.6928842663764954,0.5544642806053162,0.2255,0.4092,0.6868,0.4903,0.4353,0.64
9517,0.0781,0.6955258250236511,0.550000011920929,0.2269,0.3999,0.6887,0.4903,0.428,0.6204
9518,0.068,0.6960092186927795,0.5361607074737549,0.2281,0.4091,0.6864,0.4895,0.4318,0.6409
9519,0.0748,0.7043843865394592,0.481249988079071,0.2294,0.4095,0.6866,0.4905,0.4349,0.6411
9520,0.0775,0.7002559900283813,0.5004464387893677,0.2307,0.4163,0.6839,0.4888,0.432,0.6608
9521,0.0661,0.692750871181488,0.5687500238418579,0.2319,0.4136,0.6848,0.4887,0.4323,0.651
9522,0.0761,0.6967324614524841,0.5267857313156128,0.2332,0.4089,0.6862,0.49,0.4304,0.6431
9523,0.084,0.6936720609664917,0.5696428418159485,0.2347,0.3994,0.688,0.491,0.4261,0.6259
9524,0.0777,0.6994953155517578,0.5093749761581421,0.236,0.416,0.6845,0.4882,0.4337,0.6545
9525,0.0819,0.6951370239257812,0.5401785969734192,0.2374,0.4116,0.6859,0.4884,0.429,0.6469
9526,0.0761,0.6890191435813904,0.5870535969734192,0.2388,0.3977,0.689,0.4902,0.4201,0.6221
9527,0.0757,0.6938679218292236,0.5620535612106323,0.2401,0.4151,0.6841,0.4904,0.4377,0.6573
9528,0.0765,0.6902043223381042,0.5977678298950195,0.2414,0.4034,0.6875,0.4889,0.4225,0.6317
9529,0.0765,0.6907280683517456,0.5607143044471741,0.2427,0.4045,0.689,0.4896,0.4334,0.623
9530,0.0751,0.696498453617096,0.5254464149475098,0.244,0.4096,0.6869,0.4872,0.4299,0.6339
9531,0.076,0.6896917819976807,0.5870535969734192,0.2454,0.4032,0.6885,0.4902,0.4276,0.6284
9532,0.0794,0.6971610188484192,0.5299107432365417,0.2468,0.4077,0.6872,0.4923,0.4432,0.6364
9533,0.0777,0.6971625089645386,0.5196428298950195,0.2481,0.4146,0.6848,0.4911,0.4398,0.6548
9534,0.0776,0.6955687403678894,0.5406249761581421,0.2494,0.4007,0.6892,0.4876,0.4218,0.617
9535,0.0789,0.6909079551696777,0.5758928656578064,0.2508,0.406,0.6877,0.4891,0.4281,0.6331
9536,0.0745,0.6939677596092224,0.5486606955528259,0.2521,0.4087,0.686,0.4886,0.4264,0.6423
9537,0.0749,0.6975486278533936,0.5392857193946838,0.2534,0.4122,0.6851,0.4896,0.4327,0.6502
9538,0.0827,0.6985567212104797,0.5325892567634583,0.2548,0.4011,0.6893,0.4875,0.4205,0.6198
9539,0.0748,0.6992864012718201,0.5058035850524902,0.2562,0.402,0.6882,0.4903,0.4282,0.6274
9540,0.0795,0.6979824900627136,0.5223214030265808,0.2575,0.4155,0.6851,0.4899,0.4378,0.654
9541,0.0792,0.6984809041023254,0.5111607313156128,0.2589,0.4048,0.6879,0.4882,0.4239,0.6314
9542,0.0792,0.6990454792976379,0.5017856955528259,0.2603,0.4074,0.6867,0.4898,0.4295,0.6389
9543,0.08,0.6887368559837341,0.5973214507102966,0.2617,0.4067,0.6865,0.4905,0.4299,0.6399
9544,0.0794,0.6950613856315613,0.5629464387893677,0.2631,0.4056,0.6877,0.4868,0.4217,0.6306
9545,0.0769,0.6956700086593628,0.5415178537368774,0.2644,0.4009,0.6885,0.4868,0.4122,0.6256
9546,0.0806,0.6935160756111145,0.5513392686843872,0.2658,0.4104,0.6855,0.489,0.4298,0.6451
9547,0.0775,0.698497474193573,0.5129464268684387,0.2671,0.4171,0.6843,0.4881,0.434,0.6568
9548,0.0648,0.6980034708976746,0.5183035731315613,0.2683,0.4036,0.6877,0.4866,0.4197,0.6266
9549,0.0782,0.69359290599823,0.5571428537368774,0.2696,0.4074,0.6868,0.4894,0.4273,0.642
9550,0.077,0.6965034604072571,0.534375011920929,0.271,0.4028,0.6865,0.4903,0.4209,0.6372
9551,0.0736,0.6986563801765442,0.5196428298950195,0.2722,0.4021,0.6885,0.4898,0.4296,0.6243
9552,0.0781,0.6911409497261047,0.5821428298950195,0.2736,0.4074,0.6871,0.49,0.434,0.636
9553,0.0777,0.6936602592468262,0.5638392567634583,0.275,0.4105,0.6857,0.4892,0.429,0.6463
9554,0.0764,0.6948300004005432,0.5571428537368774,0.2763,0.3993,0.689,0.492,0.4299,0.6247
9555,0.0768,0.6969507932662964,0.5178571343421936,0.2776,0.4018,0.6891,0.4895,0.4276,0.6218
9556,0.0795,0.6937189102172852,0.5562499761581421,0.279,0.4056,0.6875,0.4891,0.4303,0.6293
9557,0.0783,0.6947023868560791,0.5584821701049805,0.2804,0.3952,0.6909,0.4892,0.4233,0.6068
9558,0.0784,0.6950470805168152,0.5526785850524902,0.2817,0.4031,0.6875,0.4918,0.4333,0.6312
9559,0.077,0.6931813359260559,0.5620535612106323,0.2831,0.4059,0.6872,0.4904,0.4319,0.635
9560,0.0772,0.7009468078613281,0.5017856955528259,0.2844,0.4144,0.6853,0.4909,0.4421,0.6502
9561,0.0796,0.691242516040802,0.5941964387893677,0.2858,0.4112,0.6853,0.4891,0.4303,0.6472
9562,0.0717,0.6999713778495789,0.5178571343421936,0.287,0.4068,0.6867,0.4905,0.4322,0.6391
9563,0.0804,0.6929272413253784,0.565625011920929,0.2884,0.4097,0.6855,0.4892,0.43,0.6444
9564,0.0769,0.695224940776825,0.5517857074737549,0.2898,0.4026,0.689,0.4863,0.424,0.6158
9565,0.0828,0.6915985941886902,0.574999988079071,0.2912,0.3962,0.6893,0.491,0.4214,0.6194
9566,0.0817,0.6930074691772461,0.5709821581840515,0.2926,0.4104,0.6862,0.49,0.4323,0.6454
9567,0.0779,0.6926077604293823,0.5714285969734192,0.294,0.4148,0.686,0.4908,0.444,0.6451
9568,0.0807,0.6925561428070068,0.5674107074737549,0.2954,0.4015,0.6876,0.4897,0.4214,0.6293
9569,0.0786,0.6958574652671814,0.546875,0.2967,0.4031,0.6891,0.4902,0.4356,0.6192
9570,0.0803,0.6969893574714661,0.5357142686843872,0.2981,0.4117,0.6858,0.4901,0.4367,0.6445
9571,0.0808,0.698890209197998,0.5066964030265808,0.2995,0.4105,0.6858,0.4903,0.4354,0.6443
9572,0.0784,0.695159375667572,0.5406249761581421,0.3009,0.4007,0.689,0.4893,0.4264,0.6204
9573,0.0733,0.697371244430542,0.5116071701049805,0.3022,0.404,0.6882,0.4874,0.4253,0.6235
9574,0.081,0.698164165019989,0.53125,0.3036,0.4018,0.6886,0.4909,0.4359,0.6206
9575,0.0799,0.6916286945343018,0.5767857432365417,0.305,0.4032,0.6881,0.489,0.4261,0.6261
9576,0.0623,0.691053569316864,0.5870535969734192,0.3061,0.4083,0.6864,0.4902,0.4314,0.6419
9577,0.0757,0.6945459842681885,0.5450893044471741,0.3074,0.4088,0.6866,0.4902,0.4288,0.6447
9578,0.0772,0.6984115839004517,0.5107142925262451,0.3087,0.4051,0.6875,0.4882,0.4211,0.6351
9579,0.0769,0.696403980255127,0.5303571224212646,0.3101,0.4079,0.6868,0.4875,0.4252,0.6348
9580,0.0787,0.6931965947151184,0.5705357193946838,0.3114,0.396,0.6896,0.4906,0.4185,0.6181
9581,0.0788,0.6937190294265747,0.5549107193946838,0.3128,0.4059,0.688,0.4895,0.4342,0.6268
9582,0.0789,0.6909989714622498,0.578125,0.3142,0.4043,0.6875,0.4894,0.4272,0.6313
9583,0.0744,0.6949582695960999,0.5575892925262451,0.3155,0.4103,0.6863,0.49,0.4345,0.6422
9584,0.0791,0.6982083916664124,0.5111607313156128,0.3168,0.4097,0.6855,0.4905,0.4293,0.6497
9585,0.077,0.6910108327865601,0.5933035612106323,0.3182,0.4056,0.6868,0.4889,0.427,0.6343
9586,0.0835,0.6958574056625366,0.5339285731315613,0.3196,0.3989,0.6888,0.4911,0.4256,0.6228
9587,0.0801,0.6998571753501892,0.5133928656578064,0.321,0.4024,0.6887,0.4896,0.4294,0.6218
9588,0.0772,0.6936553120613098,0.5540178418159485,0.3224,0.4071,0.6859,0.4914,0.4261,0.6477
9589,0.0775,0.6972941160202026,0.5183035731315613,0.3237,0.4015,0.6882,0.4907,0.4296,0.6266
9590,0.0788,0.6996594667434692,0.4924107193946838,0.3251,0.4,0.6897,0.4891,0.426,0.6161
9591,0.0813,0.693780243396759,0.5562499761581421,0.3265,0.4101,0.6855,0.4916,0.4368,0.6494
9592,0.0827,0.6977803111076355,0.5178571343421936,0.3279,0.4111,0.6861,0.4907,0.4371,0.644
9593,0.0765,0.6919391751289368,0.565625011920929,0.3292,0.4041,0.6871,0.4897,0.4242,0.6349
9594,0.0819,0.6977376937866211,0.512499988079071,0.3307,0.4016,0.6882,0.4916,0.4349,0.6239
9595,0.0826,0.6909793615341187,0.5794642567634583,0.3321,0.4099,0.6865,0.4884,0.4331,0.6353
9596,0.079,0.6970012784004211,0.5446428656578064,0.3335,0.4157,0.6843,0.4905,0.4387,0.6579
9597,0.0789,0.688825249671936,0.5910714268684387,0.3348,0.405,0.687,0.4896,0.4278,0.633
9598,0.0664,0.6941943168640137,0.5683035850524902,0.336,0.4053,0.6874,0.4922,0.441,0.6326
9599,0.0797,0.6954177021980286,0.5450893044471741,0.3374,0.4015,0.6882,0.4899,0.4251,0.6269
9600,0.081,0.697557806968689,0.5446428656578064,0.3388,0.4,0.6882,0.4898,0.4238,0.6235
9601,0.077,0.6963621973991394,0.5223214030265808,0.3402,0.4026,0.6877,0.4908,0.4279,0.6307
9602,0.0789,0.7009986042976379,0.4941964149475097,0.3415,0.4209,0.6837,0.4879,0.4392,0.6602
9603,0.0646,0.6949236989021301,0.5477678775787354,0.3427,0.4047,0.6879,0.4901,0.4284,0.6321
9604,0.0745,0.6957607269287109,0.5308035612106323,0.344,0.41,0.687,0.4877,0.4292,0.6365
9605,0.0806,0.6911056041717529,0.5741071701049805,0.3454,0.4084,0.6871,0.4899,0.4355,0.6336
9606,0.0766,0.691981852054596,0.5611607432365417,0.3467,0.4024,0.6878,0.4906,0.427,0.63
9607,0.0787,0.6955267190933228,0.5486606955528259,0.3481,0.405,0.6876,0.4919,0.4384,0.6317
9608,0.0784,0.6947441101074219,0.5330356955528259,0.3494,0.4103,0.687,0.4887,0.435,0.6358
9609,0.0771,0.6913092732429504,0.5861607193946838,0.3508,0.4075,0.6861,0.4902,0.4287,0.6429
9610,0.0786,0.6977241039276123,0.5200892686843872,0.3521,0.414,0.6848,0.4906,0.4395,0.6499
9611,0.0811,0.6938903331756592,0.5504464507102966,0.3536,0.4105,0.686,0.4893,0.4298,0.6453
9612,0.0819,0.6913101077079773,0.5736607313156128,0.355,0.4082,0.6861,0.4886,0.4274,0.6393
9613,0.0784,0.6959670186042786,0.5357142686843872,0.3564,0.4059,0.6877,0.4918,0.439,0.6323
9614,0.077,0.6945979595184326,0.5491071343421936,0.3577,0.4009,0.6888,0.4885,0.4246,0.6195
9615,0.0801,0.6951744556427002,0.546875,0.3591,0.4088,0.6864,0.4927,0.4411,0.6428
9616,0.0791,0.6915305852890015,0.574999988079071,0.3605,0.4073,0.6869,0.4891,0.4298,0.6364
9617,0.0768,0.6949182748794556,0.5558035969734192,0.3618,0.4139,0.6864,0.4875,0.4334,0.6418
9618,0.0786,0.6925027966499329,0.5535714030265808,0.3632,0.4174,0.6834,0.4904,0.4411,0.6609
9619,0.0777,0.6938939690589905,0.5513392686843872,0.3645,0.4103,0.6867,0.4901,0.4373,0.6384
9620,0.0764,0.698198139667511,0.5383928418159485,0.3659,0.4045,0.6882,0.4888,0.4266,0.6299
9621,0.077,0.6967617869377136,0.5348214507102966,0.3672,0.4002,0.689,0.4886,0.4193,0.6222
9622,0.08,0.6891846656799316,0.5825892686843872,0.3686,0.4065,0.6868,0.4876,0.4215,0.6373
9623,0.0851,0.6864759922027588,0.6263392567634583,0.3701,0.4063,0.6875,0.4911,0.4337,0.6363
9624,0.0827,0.6928592920303345,0.5669642686843872,0.3715,0.4042,0.6872,0.4894,0.4238,0.6358
9625,0.0825,0.696391761302948,0.5348214507102966,0.3729,0.4031,0.6877,0.4921,0.4316,0.6348
9626,0.0782,0.6916449666023254,0.5767857432365417,0.3743,0.4059,0.6872,0.4894,0.4249,0.6375
9627,0.0801,0.6957694292068481,0.5508928298950195,0.3757,0.4152,0.6859,0.4878,0.4352,0.6451
9628,0.0807,0.6995294690132141,0.5133928656578064,0.3771,0.3983,0.6895,0.4885,0.4212,0.6154
9629,0.0809,0.6988773941993713,0.5049107074737549,0.3785,0.4028,0.6883,0.4891,0.4257,0.6235
9630,0.0651,0.6883071064949036,0.6053571701049805,0.3796,0.4083,0.6866,0.4883,0.4298,0.6361
9631,0.0806,0.6903616786003113,0.590624988079071,0.381,0.4036,0.6877,0.4881,0.4163,0.6347
9632,0.0822,0.6917620897293091,0.5857142806053162,0.3825,0.406,0.6872,0.4874,0.4233,0.6328
9633,0.0819,0.7003183364868164,0.5111607313156128,0.3839,0.3976,0.6887,0.4892,0.4158,0.6214
9634,0.0817,0.692625105381012,0.5825892686843872,0.3853,0.4101,0.6854,0.491,0.4358,0.6479
9635,0.0799,0.7029038071632385,0.4861607253551483,0.3867,0.4083,0.6871,0.4905,0.4359,0.6362
9636,0.0837,0.6920883655548096,0.5709821581840515,0.3881,0.4032,0.6883,0.4908,0.4323,0.6278
9637,0.0812,0.6914262175559998,0.5839285850524902,0.3895,0.4023,0.6884,0.4884,0.4228,0.625
9638,0.0808,0.6891495585441589,0.5870535969734192,0.3909,0.4015,0.689,0.4902,0.4329,0.6186
9639,0.0829,0.6949455738067627,0.5464285612106323,0.3924,0.3954,0.6903,0.4882,0.4194,0.6081
9640,0.0779,0.6926248669624329,0.5544642806053162,0.3937,0.4073,0.6863,0.4908,0.4293,0.6423
9641,0.0785,0.6906622052192688,0.5866071581840515,0.3951,0.3953,0.6898,0.4906,0.4202,0.6156
9642,0.0812,0.694629430770874,0.5397321581840515,0.3965,0.4103,0.6849,0.4894,0.4275,0.6502
9643,0.0839,0.6970615386962891,0.53125,0.398,0.3977,0.6894,0.4904,0.426,0.6165
9644,0.0816,0.6972678303718567,0.5303571224212646,0.3994,0.4006,0.6882,0.4901,0.4224,0.6276
9645,0.0817,0.6993589997291565,0.5071428418159485,0.4008,0.4074,0.6867,0.489,0.4283,0.6379
9646,0.0786,0.6909926533699036,0.5928571224212646,0.4022,0.4069,0.6869,0.4896,0.4289,0.639
9647,0.0879,0.6976286768913269,0.5209821462631226,0.4037,0.4081,0.6864,0.4915,0.4348,0.6431
9648,0.0794,0.6975589394569397,0.5441964268684387,0.4051,0.4088,0.6865,0.4907,0.437,0.6395
9649,0.0822,0.6991372108459473,0.5066964030265808,0.4065,0.4029,0.6869,0.4908,0.425,0.6352
9650,0.0804,0.6991264224052429,0.5129464268684387,0.4079,0.4012,0.6891,0.4884,0.4224,0.6219
9651,0.0803,0.6943552494049072,0.559374988079071,0.4093,0.3949,0.6901,0.4894,0.4163,0.6121
9652,0.0832,0.6928167939186096,0.5665178298950195,0.4107,0.4095,0.6851,0.4896,0.4273,0.6485
9653,0.0811,0.6988885998725891,0.5236607193946838,0.4121,0.4023,0.6876,0.491,0.4322,0.6284
9654,0.0756,0.700751781463623,0.4928571283817291,0.4134,0.405,0.6868,0.4902,0.4257,0.637
9655,0.0787,0.6979982852935791,0.518750011920929,0.4148,0.4079,0.6869,0.4905,0.4389,0.6333
9656,0.0823,0.6937798857688904,0.5424107313156128,0.4162,0.4156,0.6844,0.4881,0.4333,0.654
9657,0.0793,0.7007734775543213,0.5075892806053162,0.4176,0.4082,0.6855,0.4923,0.4372,0.6478
9658,0.0679,0.6970013976097107,0.5267857313156128,0.4188,0.4137,0.6858,0.4889,0.4346,0.6469
9659,0.0743,0.6943358182907104,0.5544642806053162,0.4201,0.4077,0.6866,0.4902,0.4322,0.6394
9660,0.0868,0.6953068375587463,0.5401785969734192,0.4216,0.4111,0.686,0.4901,0.4371,0.6427
9661,0.0803,0.6957404017448425,0.5299107432365417,0.423,0.3946,0.6896,0.4902,0.4212,0.6109
9662,0.081,0.6928484439849854,0.5665178298950195,0.4244,0.4083,0.6872,0.4882,0.428,0.6361
9663,0.08,0.7005146145820618,0.4848214387893677,0.4258,0.4076,0.6869,0.4884,0.4254,0.6369
9664,0.078,0.6894263625144958,0.5834821462631226,0.4271,0.3993,0.6886,0.4885,0.4163,0.6232
9665,0.0812,0.6945559978485107,0.5558035969734192,0.4285,0.4083,0.6869,0.4896,0.4305,0.6398
9666,0.0784,0.6890101432800293,0.6022321581840515,0.4299,0.3986,0.6892,0.4893,0.4215,0.62
9667,0.081,0.6967231631278992,0.5325892567634583,0.4313,0.4129,0.6852,0.4887,0.4313,0.6492
9668,0.0793,0.6900507211685181,0.5651785731315613,0.4327,0.407,0.687,0.4903,0.4318,0.6369
9669,0.0798,0.7009314894676208,0.4941964149475097,0.4341,0.4011,0.6883,0.4878,0.4203,0.6234
9670,0.0784,0.6956638097763062,0.5308035612106323,0.4354,0.4096,0.6856,0.4897,0.4282,0.6471
9671,0.0841,0.7030178904533386,0.4946428537368774,0.4369,0.3948,0.6899,0.4881,0.4122,0.6121
9672,0.0789,0.6962067484855652,0.5419642925262451,0.4383,0.4004,0.689,0.4882,0.4242,0.6177
9673,0.0789,0.6992104649543762,0.5129464268684387,0.4396,0.4029,0.6884,0.4893,0.4279,0.6244
9674,0.0778,0.6906912922859192,0.5772321224212646,0.441,0.4128,0.6869,0.4874,0.4343,0.6366
9675,0.0788,0.6932942271232605,0.5491071343421936,0.4424,0.4045,0.6874,0.4901,0.4253,0.6352
9676,0.0822,0.6950235366821289,0.5383928418159485,0.4438,0.4038,0.6881,0.4904,0.4323,0.6272
9677,0.0761,0.7023153901100159,0.496874988079071,0.4451,0.4111,0.6858,0.4903,0.4357,0.6457
9678,0.0649,0.693696916103363,0.5531250238418579,0.4462,0.4026,0.689,0.4882,0.4274,0.6179
9679,0.0788,0.6953409314155579,0.5745535492897034,0.4476,0.4083,0.6865,0.4915,0.4384,0.64
9680,0.0787,0.693202018737793,0.5575892925262451,0.449,0.4162,0.6845,0.4902,0.4395,0.655
9681,0.0812,0.6963427662849426,0.5531250238418579,0.4504,0.398,0.6895,0.488,0.4148,0.6186
9682,0.0779,0.6926891207695007,0.5754464268684387,0.4517,0.4162,0.6851,0.4905,0.4431,0.6505
9683,0.0804,0.6876295804977417,0.6160714030265808,0.4531,0.4002,0.6892,0.489,0.4248,0.6197
9684,0.0808,0.6915425062179565,0.5861607193946838,0.4545,0.4066,0.6878,0.4903,0.4327,0.6342
9685,0.0785,0.6941430568695068,0.5486606955528259,0.4559,0.4127,0.6857,0.4885,0.4328,0.6449
9686,0.0733,0.6954642534255981,0.5410714149475098,0.4572,0.4003,0.6891,0.4884,0.4238,0.6182
9687,0.0696,0.6887833476066589,0.5955356955528259,0.4584,0.3969,0.6893,0.4875,0.4151,0.6143
9688,0.0806,0.6944265365600586,0.5549107193946838,0.4598,0.4064,0.6871,0.4911,0.4344,0.6365
9689,0.0785,0.6916443705558777,0.5825892686843872,0.4612,0.4074,0.687,0.4872,0.4218,0.6368
9690,0.0765,0.6960868239402771,0.5339285731315613,0.4625,0.4051,0.6879,0.4894,0.4301,0.6288
9691,0.0751,0.6926981210708618,0.5821428298950195,0.4638,0.4129,0.6853,0.4872,0.4277,0.6493
9692,0.0724,0.6980975270271301,0.5290178656578064,0.4651,0.4198,0.6847,0.4899,0.4458,0.6544
9693,0.0744,0.6923279166221619,0.5732142925262451,0.4664,0.4059,0.6866,0.4913,0.433,0.6397
9694,0.0734,0.6974490284919739,0.5406249761581421,0.4677,0.391,0.6913,0.4894,0.4192,0.599
9695,0.0839,0.6952707171440125,0.5580357313156128,0.4691,0.413,0.6841,0.4898,0.43,0.6586
9696,0.0775,0.6956223249435425,0.5477678775787354,0.4705,0.3951,0.6897,0.4889,0.416,0.6116
9697,0.0819,0.6998564004898071,0.4933035671710968,0.4719,0.4019,0.6886,0.4915,0.4359,0.6223
9698,0.0741,0.6949430108070374,0.5392857193946838,0.4732,0.4031,0.688,0.4904,0.4265,0.6314
9699,0.0775,0.7060511112213135,0.453125,0.4745,0.4106,0.6867,0.4895,0.4361,0.6398
9700,0.0699,0.6940057873725891,0.5616071224212646,0.4758,0.3977,0.6886,0.4897,0.4188,0.6201
9701,0.0663,0.6946483254432678,0.5410714149475098,0.4769,0.4021,0.6891,0.4879,0.4254,0.6176
9702,0.0716,0.6962706446647644,0.53125,0.4782,0.4116,0.6861,0.4891,0.4318,0.6449
9703,0.0825,0.6928961873054504,0.5571428537368774,0.4796,0.4089,0.6869,0.4902,0.4363,0.6372
9704,0.0866,0.6991491317749023,0.4986607134342193,0.4811,0.4136,0.6866,0.4893,0.4406,0.6393
9705,0.0824,0.6981510519981384,0.5133928656578064,0.4825,0.4096,0.687,0.491,0.4424,0.6352
9706,0.0818,0.6954100728034973,0.5522321462631226,0.484,0.4027,0.6873,0.4894,0.4206,0.6333
9707,0.08,0.694129228591919,0.5473214387893677,0.4854,0.4075,0.6868,0.4898,0.4286,0.6413
9708,0.0855,0.6966522932052612,0.5464285612106323,0.4868,0.4002,0.6888,0.489,0.4199,0.623
9709,0.0827,0.6961855888366699,0.5415178537368774,0.4883,0.4055,0.6885,0.4907,0.4371,0.628
9710,0.0803,0.7005011439323425,0.4870535731315613,0.4897,0.4091,0.6856,0.4894,0.4286,0.644
9711,0.0823,0.6929818391799927,0.5709821581840515,0.4911,0.4176,0.6841,0.4879,0.434,0.658
9712,0.0779,0.6885660290718079,0.6013392806053162,0.4925,0.4062,0.6874,0.4908,0.4327,0.6364
9713,0.0807,0.6965656280517578,0.5491071343421936,0.4939,0.3947,0.6905,0.4906,0.4245,0.6093
9714,0.0808,0.6915314197540283,0.5794642567634583,0.4953,0.4126,0.685,0.4871,0.4274,0.6476
9715,0.0832,0.6933780908584595,0.5464285612106323,0.4967,0.4035,0.6875,0.4897,0.4261,0.6317
9716,0.0779,0.6943222880363464,0.5473214387893677,0.4981,0.4073,0.6872,0.4892,0.4288,0.6355
9717,0.0802,0.6957743763923645,0.5513392686843872,0.4994,0.4158,0.6836,0.4898,0.4332,0.6637
9718,0.0795,0.6965965628623962,0.5348214507102966,0.5008,0.4123,0.6852,0.4908,0.4373,0.6493
9719,0.0741,0.6920260190963745,0.5763393044471741,0.5021,0.4024,0.6898,0.4869,0.426,0.6132
9720,0.0821,0.6896911263465881,0.5959821343421936,0.5035,0.3979,0.6897,0.4895,0.4188,0.6184
9721,0.0827,0.6956763863563538,0.5330356955528259,0.505,0.4127,0.6846,0.4919,0.4445,0.6487
9722,0.0804,0.6955531239509583,0.5361607074737549,0.5064,0.4094,0.6864,0.4884,0.4295,0.639
9723,0.0831,0.6896517872810364,0.5959821343421936,0.5078,0.3992,0.689,0.4899,0.4277,0.6166
9724,0.0719,0.6953881978988647,0.546875,0.5091,0.4022,0.6884,0.4903,0.427,0.6273
9725,0.0764,0.6930902004241943,0.559374988079071,0.5104,0.4072,0.6876,0.489,0.4308,0.6322
9726,0.0769,0.6901934742927551,0.5933035612106323,0.5117,0.4213,0.683,0.4896,0.4402,0.6701
9727,0.0699,0.6960933208465576,0.543749988079071,0.513,0.4099,0.6855,0.4891,0.4282,0.646
9728,0.0787,0.6954940557479858,0.5375000238418579,0.5143,0.4149,0.6843,0.4914,0.4402,0.6573
9729,0.0788,0.6909669637680054,0.5941964387893677,0.5157,0.4095,0.686,0.4898,0.4312,0.6445
9730,0.0798,0.6967784762382507,0.5308035612106323,0.5171,0.4116,0.6858,0.4895,0.4326,0.6473
9731,0.0789,0.7044920325279236,0.4575892984867096,0.5185,0.4084,0.6874,0.4895,0.4338,0.6343
9732,0.083,0.6925452351570129,0.5616071224212646,0.5199,0.4075,0.6864,0.4904,0.4308,0.6421
9733,0.081,0.6933879256248474,0.565625011920929,0.5213,0.4041,0.6882,0.4874,0.4225,0.6272
9734,0.0825,0.693193793296814,0.5535714030265808,0.5227,0.4061,0.6865,0.4887,0.4205,0.6406
9735,0.0657,0.6970868706703186,0.5232142806053162,0.5239,0.3985,0.6895,0.4893,0.4211,0.6179
9736,0.08,0.6934272646903992,0.5549107193946838,0.5253,0.4169,0.6841,0.4888,0.4362,0.6555
9737,0.0808,0.6975527405738831,0.5160714387893677,0.5267,0.4126,0.6859,0.4868,0.4287,0.643
9738,0.0694,0.6957225203514099,0.5491071343421936,0.5279,0.4102,0.6864,0.4896,0.4329,0.6421
9739,0.079,0.6994023323059082,0.5165178775787354,0.5293,0.4039,0.6869,0.4886,0.4204,0.6357
9740,0.0783,0.6923600435256958,0.5647321343421936,0.5306,0.41,0.6865,0.4855,0.4245,0.6351
9741,0.0792,0.6970491409301758,0.5272321701049805,0.532,0.4017,0.6884,0.4887,0.4232,0.6235
9742,0.0742,0.6910070180892944,0.5803571343421936,0.5333,0.4079,0.6865,0.4903,0.4323,0.6403
9743,0.0823,0.692551851272583,0.5535714030265808,0.5347,0.4046,0.6879,0.4891,0.4288,0.6282
9744,0.0694,0.6946603059768677,0.5526785850524902,0.5359,0.4026,0.688,0.4903,0.4281,0.6293
9745,0.0761,0.6923945546150208,0.5620535612106323,0.5373,0.4046,0.6888,0.4895,0.4313,0.6253
9746,0.0826,0.6894758939743042,0.5986607074737549,0.5387,0.404,0.687,0.4921,0.4341,0.6348
9747,0.081,0.6961508393287659,0.5223214030265808,0.5401,0.4145,0.6856,0.4902,0.4378,0.6511
9748,0.0803,0.6971935033798218,0.5383928418159485,0.5415,0.4147,0.6857,0.4909,0.4433,0.6473
9749,0.0807,0.6925764083862305,0.5669642686843872,0.5429,0.405,0.6875,0.4919,0.4364,0.6337
9750,0.08,0.6908006072044373,0.5785714387893677,0.5443,0.411,0.686,0.4898,0.4312,0.6477
9751,0.0787,0.6977914571762085,0.5254464149475098,0.5457,0.4035,0.6876,0.4884,0.4184,0.6335
9752,0.0836,0.6941889524459839,0.5540178418159485,0.5471,0.4069,0.6868,0.49,0.4281,0.6402
9753,0.0783,0.6930065751075745,0.5629464387893677,0.5485,0.4083,0.6872,0.4883,0.4294,0.6338
9754,0.0761,0.7003268599510193,0.5035714507102966,0.5498,0.4062,0.6884,0.4867,0.4286,0.6207
9755,0.0791,0.6940966844558716,0.5366071462631226,0.5512,0.4095,0.6862,0.4882,0.4277,0.6402
9756,0.0801,0.6891950368881226,0.6013392806053162,0.5526,0.4135,0.6849,0.4904,0.4383,0.6507
9757,0.0812,0.6932633519172668,0.5674107074737549,0.554,0.398,0.6894,0.4898,0.4197,0.6203
9758,0.0789,0.691929280757904,0.5745535492897034,0.5553,0.4078,0.6869,0.4884,0.4287,0.6352
9759,0.077,0.691110372543335,0.5736607313156128,0.5567,0.3993,0.6893,0.4912,0.4298,0.6218
9760,0.0676,0.6992915272712708,0.5035714507102966,0.5579,0.4061,0.6872,0.4898,0.4296,0.636
9761,0.0753,0.6922208666801453,0.5598214268684387,0.5592,0.4027,0.6888,0.4905,0.4292,0.6275
9762,0.0751,0.6959733366966248,0.5258928537368774,0.5605,0.4063,0.6871,0.4887,0.4256,0.6355
9763,0.0799,0.6974101066589355,0.5174106955528259,0.5619,0.4153,0.685,0.4901,0.4395,0.6516
9764,0.0814,0.696806788444519,0.5388392806053162,0.5633,0.4017,0.6881,0.4899,0.4244,0.6271
9765,0.0857,0.6948893070220947,0.5589285492897034,0.5648,0.3993,0.6888,0.4912,0.429,0.622
9766,0.0793,0.6964986324310303,0.5392857193946838,0.5661,0.3986,0.6892,0.4905,0.4226,0.6202
9767,0.0793,0.6955175995826721,0.5549107193946838,0.5675,0.4152,0.6845,0.4895,0.4367,0.654
9768,0.0812,0.6956292986869812,0.5379464030265808,0.5689,0.3996,0.6886,0.4912,0.4268,0.6251
9769,0.0807,0.6987249255180359,0.5129464268684387,0.5703,0.4066,0.6868,0.4888,0.4237,0.6399
9770,0.0815,0.6944678425788879,0.5696428418159485,0.5718,0.4028,0.6882,0.4894,0.4255,0.6273
9771,0.083,0.6871606707572937,0.6174107193946838,0.5732,0.4041,0.6875,0.4884,0.4237,0.629
9772,0.0776,0.6982495188713074,0.5147321224212646,0.5745,0.4008,0.6883,0.4872,0.4179,0.6221
9773,0.0802,0.693608283996582,0.5598214268684387,0.5759,0.4195,0.6835,0.492,0.4475,0.6658
9774,0.0684,0.6976878643035889,0.5267857313156128,0.5771,0.4117,0.6852,0.4907,0.4364,0.6492
9775,0.0762,0.6962341070175171,0.543749988079071,0.5785,0.401,0.6885,0.4907,0.4258,0.6262
9776,0.0772,0.6929947137832642,0.5642856955528259,0.5798,0.4126,0.686,0.4883,0.4329,0.6441
9777,0.0822,0.6980088353157043,0.5093749761581421,0.5812,0.4203,0.6831,0.4918,0.4469,0.6684
9778,0.0814,0.6914973855018616,0.5772321224212646,0.5826,0.3954,0.6894,0.4909,0.4228,0.6151
9779,0.0792,0.6976690292358398,0.5299107432365417,0.584,0.4115,0.6855,0.4914,0.4397,0.648
9780,0.0683,0.6885649561882019,0.5892857313156128,0.5852,0.4005,0.6872,0.4908,0.4211,0.6321
9781,0.0799,0.6964762806892395,0.5290178656578064,0.5866,0.3998,0.6886,0.4895,0.4228,0.621
9782,0.0819,0.6973599195480347,0.5290178656578064,0.588,0.4184,0.6845,0.4898,0.4423,0.656
9783,0.0788,0.6914337873458862,0.5549107193946838,0.5894,0.4041,0.6882,0.4902,0.4335,0.6283
9784,0.0766,0.6947656273841858,0.5665178298950195,0.5907,0.4119,0.6854,0.489,0.4316,0.6471
9785,0.0774,0.6959125399589539,0.5254464149475098,0.5921,0.4089,0.6852,0.4897,0.4281,0.6471
9786,0.0761,0.6924066543579102,0.5790178775787354,0.5934,0.4018,0.6886,0.4878,0.4218,0.6214
9787,0.0819,0.6942136287689209,0.5571428537368774,0.5948,0.4105,0.6849,0.491,0.4303,0.654
9788,0.0801,0.7011258006095886,0.5093749761581421,0.5962,0.4146,0.6841,0.4905,0.4369,0.6569
9789,0.0772,0.6879923939704895,0.6000000238418579,0.5975,0.4141,0.6855,0.4893,0.4377,0.6478
9790,0.0822,0.6960427761077881,0.5589285492897034,0.599,0.4081,0.6865,0.4897,0.4306,0.6394
9791,0.0811,0.6966253519058228,0.5267857313156128,0.6004,0.405,0.6875,0.4882,0.4221,0.632
9792,0.0794,0.6946198344230652,0.5415178537368774,0.6018,0.4081,0.6871,0.4875,0.4272,0.6334
9793,0.0825,0.6940737962722778,0.543749988079071,0.6032,0.4051,0.6882,0.491,0.436,0.6286
9794,0.0808,0.6943642497062683,0.5526785850524902,0.6046,0.4105,0.6855,0.4887,0.4258,0.6479
9795,0.0795,0.6924073100090027,0.5723214149475098,0.606,0.4115,0.6857,0.4907,0.4369,0.6475
9796,0.0791,0.6986590027809143,0.5191964507102966,0.6074,0.4085,0.6861,0.4878,0.4223,0.6411
9797,0.0781,0.6948052644729614,0.5517857074737549,0.6087,0.4005,0.6888,0.4884,0.4226,0.6205
9798,0.0804,0.6999552845954895,0.5080357193946838,0.6101,0.4118,0.6849,0.4889,0.4269,0.652
9799,0.082,0.6931943297386169,0.5629464387893677,0.6115,0.4053,0.6865,0.4887,0.4241,0.6351
9800,0.0825,0.6981880068778992,0.5263392925262451,0.613,0.411,0.6856,0.4892,0.4305,0.6476
9801,0.0817,0.6979351043701172,0.5276785492897034,0.6144,0.4086,0.6862,0.4917,0.438,0.6415
9802,0.0819,0.6964253783226013,0.5348214507102966,0.6158,0.4107,0.6867,0.4913,0.442,0.6397
9803,0.0785,0.6920223832130432,0.5678571462631226,0.6172,0.4064,0.6877,0.4887,0.4293,0.632
9804,0.0854,0.6911727786064148,0.5665178298950195,0.6187,0.3959,0.6904,0.4904,0.4238,0.6112
9805,0.0815,0.6980299949645996,0.5098214149475098,0.6201,0.4163,0.6836,0.4895,0.4341,0.6607
9806,0.078,0.6947301626205444,0.5504464507102966,0.6214,0.4032,0.687,0.491,0.423,0.6383
9807,0.0791,0.6994832754135132,0.5107142925262451,0.6228,0.4021,0.6896,0.487,0.4254,0.6159
9808,0.0787,0.6982986927032471,0.5258928537368774,0.6242,0.4094,0.6861,0.4902,0.4303,0.648
9809,0.0632,0.6998258829116821,0.4995535612106323,0.6253,0.4083,0.6863,0.4902,0.4294,0.6442
9810,0.074,0.689731240272522,0.6026785969734192,0.6266,0.4094,0.6856,0.4887,0.4259,0.6454
9811,0.0769,0.6903812289237976,0.5901785492897034,0.6279,0.412,0.6845,0.4895,0.4287,0.6548
9812,0.0778,0.6911738514900208,0.5763393044471741,0.6293,0.4119,0.6847,0.4917,0.4358,0.6555
9813,0.0767,0.6950764656066895,0.5441964268684387,0.6306,0.4163,0.6844,0.4914,0.4437,0.6579
9814,0.0754,0.6909838318824768,0.5790178775787354,0.6319,0.4037,0.6881,0.4897,0.4268,0.6292
9815,0.0842,0.6976416110992432,0.5227678418159485,0.6334,0.4021,0.6884,0.4883,0.4225,0.6256
9816,0.0778,0.7008922696113586,0.5071428418159485,0.6347,0.4199,0.6842,0.4895,0.4442,0.6564
9817,0.0823,0.6920087933540344,0.5580357313156128,0.6361,0.4062,0.687,0.4907,0.433,0.6354
9818,0.0802,0.6942248344421387,0.5482142567634583,0.6375,0.3954,0.6907,0.4907,0.4279,0.6079
9819,0.078,0.6960054636001587,0.5517857074737549,0.6389,0.4149,0.6857,0.4885,0.435,0.6467
9820,0.0798,0.6928689479827881,0.565625011920929,0.6403,0.4073,0.6867,0.4905,0.433,0.6385
9821,0.0808,0.6965856552124023,0.5383928418159485,0.6417,0.399,0.6894,0.4903,0.4235,0.6202
9822,0.0644,0.6959940195083618,0.5517857074737549,0.6428,0.4057,0.6868,0.4895,0.4252,0.6385
9823,0.0798,0.6928308010101318,0.5776785612106323,0.6442,0.4093,0.6873,0.4895,0.4359,0.634
9824,0.0815,0.6956962943077087,0.5575892925262451,0.6456,0.4027,0.6879,0.489,0.4233,0.6291
9825,0.0784,0.6940225958824158,0.5700892806053162,0.647,0.3971,0.69,0.4884,0.419,0.6131
9826,0.082,0.6958552598953247,0.5388392806053162,0.6484,0.4125,0.6845,0.4915,0.4359,0.656
9827,0.0772,0.6953169703483582,0.5388392806053162,0.6497,0.4017,0.6889,0.4904,0.4307,0.6221
9828,0.0838,0.6924813389778137,0.5772321224212646,0.6512,0.41,0.6868,0.4905,0.4381,0.6381
9829,0.0859,0.7036673426628113,0.4785714149475097,0.6527,0.4106,0.6862,0.488,0.4288,0.6438
9830,0.0666,0.691371500492096,0.5767857432365417,0.6539,0.3988,0.6895,0.4893,0.423,0.6173
9831,0.0839,0.6938719749450684,0.5482142567634583,0.6553,0.4057,0.685,0.4913,0.4238,0.6489
9832,0.0813,0.6927558183670044,0.5674107074737549,0.6567,0.4126,0.6857,0.4919,0.4438,0.649
9833,0.0803,0.6939113140106201,0.5522321462631226,0.6581,0.4144,0.6835,0.4909,0.4336,0.6637
9834,0.0773,0.6898214221000671,0.590624988079071,0.6595,0.4091,0.6864,0.4906,0.4328,0.644
9835,0.0806,0.6903665661811829,0.5928571224212646,0.6609,0.3986,0.689,0.4895,0.4192,0.6217
9836,0.0796,0.6997901201248169,0.515625,0.6623,0.401,0.6881,0.4912,0.4286,0.6277
9837,0.0794,0.6882660388946533,0.6120535731315613,0.6636,0.3991,0.6904,0.4873,0.4227,0.6098
9838,0.0759,0.6974101662635803,0.5419642925262451,0.665,0.4204,0.6828,0.4908,0.4439,0.6679
9839,0.0817,0.698609471321106,0.5285714268684387,0.6664,0.4098,0.6858,0.491,0.4365,0.646
9840,0.0825,0.6973682641983032,0.5183035731315613,0.6678,0.4036,0.6884,0.4884,0.4261,0.6256
9841,0.0789,0.6865296959877014,0.6223214268684387,0.6692,0.4012,0.6871,0.4906,0.4241,0.6296
9842,0.08,0.6897497177124023,0.5991071462631226,0.6706,0.4041,0.6875,0.4893,0.4211,0.6358
9843,0.0812,0.6973236799240112,0.5218750238418579,0.672,0.4117,0.6854,0.4916,0.4405,0.6492
9844,0.0865,0.6942903399467468,0.5540178418159485,0.6735,0.4109,0.6872,0.489,0.4365,0.6358
9845,0.0669,0.6923799514770508,0.5607143044471741,0.6746,0.4071,0.6866,0.4889,0.4267,0.6381
9846,0.0821,0.6953205466270447,0.5334821343421936,0.6761,0.4026,0.6885,0.4894,0.4292,0.6236
9847,0.0796,0.6961833238601685,0.5504464507102966,0.6775,0.4033,0.6881,0.4894,0.4261,0.6283
9848,0.0823,0.6963175535202026,0.5513392686843872,0.6789,0.4042,0.6869,0.4917,0.4344,0.6349
9849,0.0815,0.7005849480628967,0.5044642686843872,0.6803,0.4174,0.6833,0.4901,0.4345,0.6669
9850,0.0791,0.6981954574584961,0.5142857432365417,0.6817,0.4115,0.6858,0.4893,0.4321,0.6457
9851,0.0846,0.6967464089393616,0.5183035731315613,0.6831,0.4168,0.6846,0.4884,0.4362,0.6549
9852,0.0844,0.694104015827179,0.5406249761581421,0.6846,0.4028,0.6882,0.4899,0.4296,0.6271
9853,0.083,0.6945675015449524,0.5598214268684387,0.686,0.4039,0.6881,0.488,0.4213,0.6293
9854,0.08,0.6961930990219116,0.5285714268684387,0.6874,0.4061,0.6872,0.489,0.4276,0.635
9855,0.0779,0.6972823739051819,0.5285714268684387,0.6888,0.4107,0.6854,0.4933,0.445,0.6501
9856,0.0812,0.6926364302635193,0.5741071701049805,0.6902,0.3982,0.6896,0.4875,0.4179,0.6135
9857,0.0809,0.696661114692688,0.5392857193946838,0.6916,0.4103,0.6862,0.4894,0.432,0.6427
9858,0.0794,0.6906861066818237,0.5870535969734192,0.693,0.4113,0.6855,0.4913,0.441,0.6458
9859,0.0659,0.6962484121322632,0.5249999761581421,0.6941,0.396,0.6907,0.4878,0.4216,0.6051
9860,0.0804,0.6912192106246948,0.5772321224212646,0.6955,0.4125,0.6845,0.4911,0.4352,0.6563
9861,0.068,0.6924550533294678,0.5580357313156128,0.6967,0.4054,0.688,0.4896,0.4316,0.6284
9862,0.0765,0.6959788799285889,0.550000011920929,0.6981,0.4026,0.6883,0.49,0.4302,0.6226
9863,0.0781,0.696688711643219,0.5308035612106323,0.6994,0.4034,0.688,0.4891,0.4277,0.6263
9864,0.0824,0.6975417733192444,0.5272321701049805,0.7009,0.407,0.6871,0.49,0.4321,0.6352
9865,0.082,0.6868136525154114,0.6071428656578064,0.7023,0.4004,0.6881,0.4888,0.4188,0.6249
9866,0.0816,0.6967414021492004,0.5406249761581421,0.7037,0.4029,0.6888,0.4874,0.4253,0.6197
9867,0.0813,0.6896685361862183,0.5803571343421936,0.7051,0.404,0.6865,0.4913,0.4278,0.6387
9868,0.0805,0.6942542791366577,0.5535714030265808,0.7065,0.4114,0.6866,0.4878,0.4297,0.6407
9869,0.0755,0.6939321756362915,0.5535714030265808,0.7078,0.3916,0.6915,0.4881,0.4176,0.598
9870,0.082,0.6935717463493347,0.5629464387893677,0.7092,0.3986,0.6883,0.488,0.4158,0.622
9871,0.0763,0.6911134123802185,0.5825892686843872,0.7106,0.4103,0.6863,0.491,0.4393,0.6412
9872,0.0774,0.6888887882232666,0.5941964387893677,0.7119,0.4096,0.6867,0.4912,0.4388,0.6397
9873,0.0787,0.6966540813446045,0.5258928537368774,0.7133,0.4114,0.686,0.4873,0.4264,0.6447
9874,0.0776,0.6934854984283447,0.5508928298950195,0.7146,0.4079,0.6859,0.492,0.4379,0.6425
9875,0.0821,0.6978282928466797,0.5232142806053162,0.7161,0.4082,0.6866,0.4901,0.4342,0.6372
9876,0.0858,0.6986945867538452,0.5285714268684387,0.7176,0.4165,0.6841,0.4915,0.443,0.6587
9877,0.0839,0.6938939690589905,0.5575892925262451,0.719,0.4053,0.687,0.4914,0.4321,0.6374
9878,0.071,0.6966418027877808,0.5388392806053162,0.7202,0.4136,0.6851,0.4917,0.4446,0.6496
9879,0.0784,0.7001192569732666,0.5008928775787354,0.7216,0.4081,0.6863,0.4908,0.431,0.6437
9880,0.079,0.6920799016952515,0.5687500238418579,0.723,0.4116,0.6849,0.492,0.4391,0.6526
9881,0.0776,0.7005873322486877,0.5017856955528259,0.7243,0.4036,0.6877,0.4907,0.4308,0.6304
9882,0.0807,0.696623682975769,0.5544642806053162,0.7257,0.407,0.6869,0.4892,0.4285,0.6375
9883,0.0787,0.6978268027305603,0.5223214030265808,0.7271,0.4072,0.6873,0.4895,0.4326,0.633
9884,0.0812,0.6951426863670349,0.5517857074737549,0.7285,0.4053,0.6881,0.4882,0.4298,0.6249
9885,0.0667,0.6959138512611389,0.5383928418159485,0.7297,0.4032,0.6882,0.4875,0.4213,0.6258
9886,0.0726,0.69706791639328,0.5254464149475098,0.7309,0.4075,0.6862,0.4885,0.4224,0.6408
9887,0.0808,0.6919769048690796,0.5767857432365417,0.7324,0.4032,0.6878,0.4893,0.4263,0.6269
9888,0.0782,0.689545750617981,0.581250011920929,0.7337,0.4055,0.6873,0.49,0.4326,0.6314
9889,0.0809,0.6944130659103394,0.5540178418159485,0.7351,0.4018,0.6879,0.4885,0.4221,0.6263
9890,0.0822,0.6996325254440308,0.5089285969734192,0.7366,0.4,0.6885,0.4914,0.4309,0.6239
9891,0.0793,0.6930540800094604,0.5723214149475098,0.7379,0.4071,0.6882,0.4884,0.4328,0.6259
9892,0.0812,0.6919910311698914,0.5803571343421936,0.7393,0.4171,0.6847,0.4868,0.4324,0.6543
9893,0.0784,0.6999777555465698,0.4964285790920257,0.7407,0.4151,0.6834,0.4917,0.439,0.6625
9894,0.0793,0.6945103406906128,0.5616071224212646,0.7421,0.4005,0.6883,0.4894,0.4211,0.6237
9895,0.0798,0.689854621887207,0.578125,0.7435,0.4173,0.6842,0.4898,0.4395,0.6568
9896,0.0811,0.6961166262626648,0.5366071462631226,0.7449,0.4066,0.6868,0.491,0.436,0.6345
9897,0.0803,0.6954560279846191,0.5352678298950195,0.7463,0.3991,0.6888,0.4904,0.4239,0.6231
9898,0.0777,0.6987504959106445,0.5080357193946838,0.7476,0.4148,0.6855,0.4898,0.439,0.6493
9899,0.0784,0.6915585398674011,0.5772321224212646,0.749,0.4026,0.6894,0.4879,0.4255,0.6185
9900,0.0843,0.6947908401489258,0.5477678775787354,0.7504,0.4061,0.6874,0.4914,0.4338,0.6364
9901,0.0809,0.6963208317756653,0.5330356955528259,0.7519,0.4001,0.6889,0.4922,0.4392,0.6195
9902,0.0822,0.6869369745254517,0.6205357313156128,0.7533,0.413,0.6855,0.4884,0.4323,0.647
9903,0.0796,0.6956011652946472,0.5602678656578064,0.7547,0.4006,0.689,0.4877,0.4203,0.6191
9904,0.0793,0.6970588564872742,0.5290178656578064,0.756,0.4016,0.6882,0.4899,0.4252,0.627
9905,0.0766,0.6956738829612732,0.5433035492897034,0.7574,0.4142,0.6848,0.4918,0.4435,0.6534
9906,0.0749,0.6921616792678833,0.5625,0.7587,0.4015,0.6877,0.4901,0.4214,0.6326
9907,0.0763,0.6939754486083984,0.5620535612106323,0.76,0.4012,0.6892,0.4923,0.4397,0.6197
9908,0.077,0.7002785205841064,0.5191964507102966,0.7613,0.4025,0.6877,0.4889,0.4219,0.6282
9909,0.0727,0.6904774308204651,0.5897321701049805,0.7626,0.4044,0.6877,0.4888,0.426,0.6296
9910,0.0748,0.7003597617149353,0.5098214149475098,0.7639,0.4127,0.6854,0.4882,0.4315,0.6474
9911,0.0807,0.6933704018592834,0.5522321462631226,0.7653,0.4174,0.684,0.4896,0.4396,0.657
9912,0.0853,0.6998026371002197,0.5089285969734192,0.7668,0.4098,0.6862,0.4893,0.4311,0.6424
9913,0.079,0.6962851285934448,0.5446428656578064,0.7682,0.399,0.689,0.4889,0.42,0.6188
9914,0.0763,0.6950390338897705,0.5334821343421936,0.7695,0.4114,0.6863,0.4871,0.4277,0.6413
9915,0.0821,0.6987061500549316,0.5290178656578064,0.7709,0.4014,0.6889,0.4877,0.4196,0.6236
9916,0.0814,0.6958178281784058,0.5424107313156128,0.7723,0.4134,0.6854,0.4881,0.4308,0.6501
9917,0.0798,0.6919029355049133,0.5660714507102966,0.7737,0.4113,0.6868,0.4865,0.4291,0.6368
9918,0.0814,0.6912872791290283,0.5816964507102966,0.7751,0.4136,0.6848,0.4904,0.4353,0.6557
9919,0.0808,0.6992351412773132,0.5062500238418579,0.7765,0.4018,0.6874,0.4891,0.419,0.632
9920,0.0809,0.6861398816108704,0.6165178418159485,0.7779,0.407,0.6862,0.4893,0.4257,0.6424
9921,0.0803,0.6944174766540527,0.5553571581840515,0.7793,0.4004,0.6885,0.4891,0.419,0.627
9922,0.0797,0.6977033019065857,0.5227678418159485,0.7807,0.4131,0.6854,0.49,0.4379,0.6466
9923,0.0822,0.6960861086845398,0.5285714268684387,0.7822,0.4071,0.6877,0.4898,0.4316,0.634
9924,0.0873,0.693754255771637,0.5571428537368774,0.7837,0.3986,0.6898,0.4915,0.4329,0.6169
9925,0.0828,0.6965547204017639,0.534375011920929,0.7851,0.4087,0.6877,0.4881,0.4332,0.6305
9926,0.0815,0.697435200214386,0.528124988079071,0.7865,0.4003,0.6884,0.4899,0.4249,0.6244
9928,0.4444,0.6925798058509827,0.5660714507102966,0.0074,0.4006,0.6885,0.489,0.4227,0.6229
9929,0.1648,0.699209451675415,0.5089285969734192,0.0102,0.4076,0.6867,0.49,0.4329,0.6369
9930,0.1418,0.694194495677948,0.5598214268684387,0.0127,0.4001,0.6893,0.4907,0.4323,0.6188
9931,0.0969,0.6914522647857666,0.5941964387893677,0.0144,0.4039,0.6884,0.4883,0.4283,0.6241
9932,0.1152,0.6954503655433655,0.5406249761581421,0.0163,0.4064,0.6866,0.4915,0.4309,0.644
9933,0.0978,0.6931936144828796,0.5638392567634583,0.018,0.4135,0.6848,0.4912,0.4385,0.6538
9934,0.0829,0.6959461569786072,0.5415178537368774,0.0195,0.4066,0.686,0.4908,0.4266,0.6443
9935,0.0664,0.6956877708435059,0.5383928418159485,0.0206,0.4138,0.6853,0.4883,0.4325,0.6484
9936,0.0914,0.6907503008842468,0.5866071581840515,0.0222,0.4036,0.6881,0.4896,0.43,0.6261
9937,0.0783,0.6931143403053284,0.5647321343421936,0.0236,0.4094,0.6858,0.492,0.4373,0.6482
9938,0.0813,0.6918693780899048,0.5691964030265808,0.025,0.4065,0.6878,0.4908,0.4395,0.6284
9939,0.0723,0.6955129504203796,0.5392857193946838,0.0263,0.4071,0.6867,0.4893,0.4279,0.6364
9940,0.0777,0.6986415386199951,0.5017856955528259,0.0276,0.3998,0.6891,0.4907,0.4249,0.6245
9941,0.063,0.6947034597396851,0.5303571224212646,0.0287,0.4131,0.6845,0.4909,0.4356,0.6545
9942,0.0741,0.6907521486282349,0.5852678418159485,0.03,0.4112,0.6851,0.4914,0.4396,0.6479
9943,0.0862,0.6945200562477112,0.5446428656578064,0.0315,0.402,0.6877,0.4906,0.4271,0.629
9944,0.0701,0.6939205527305603,0.5584821701049805,0.0327,0.4057,0.6865,0.4878,0.4186,0.6383
9945,0.0672,0.6940628886222839,0.5482142567634583,0.0339,0.4061,0.6881,0.49,0.4343,0.6301
9946,0.078,0.6903035044670105,0.5772321224212646,0.0353,0.4039,0.688,0.4908,0.4352,0.6262
9947,0.0831,0.6938336491584778,0.550000011920929,0.0367,0.4175,0.684,0.492,0.4457,0.6612
9948,0.0629,0.6927337646484375,0.5558035969734192,0.0378,0.3964,0.6902,0.4875,0.412,0.6155
9949,0.0786,0.6973737478256226,0.515625,0.0392,0.4154,0.684,0.4894,0.4332,0.6593
9950,0.079,0.692872166633606,0.5633928775787354,0.0406,0.3962,0.6889,0.4894,0.414,0.6201
9951,0.064,0.6888340711593628,0.6116071343421936,0.0417,0.4046,0.6881,0.4911,0.4343,0.6303
9952,0.0773,0.6864254474639893,0.6183035969734192,0.043,0.4121,0.6853,0.4922,0.4434,0.6493
9953,0.0657,0.6896427273750305,0.5843750238418579,0.0442,0.4105,0.6855,0.4892,0.4304,0.645
9954,0.0761,0.6939173340797424,0.5513392686843872,0.0455,0.409,0.6874,0.4881,0.4342,0.6287
9955,0.0652,0.6888796091079712,0.6004464030265808,0.0466,0.3917,0.6919,0.4917,0.4278,0.6008
9956,0.0737,0.697202205657959,0.5263392925262451,0.0479,0.406,0.6878,0.4877,0.4255,0.6299
9957,0.0639,0.6960777640342712,0.5388392806053162,0.0491,0.4023,0.6888,0.4887,0.4262,0.6207
9958,0.0758,0.6900594234466553,0.59375,0.0504,0.4023,0.6885,0.4892,0.4246,0.6267
9959,0.0764,0.6918454170227051,0.5794642567634583,0.0517,0.41,0.6858,0.4911,0.4351,0.6488
9960,0.0808,0.697920024394989,0.5200892686843872,0.0531,0.406,0.6869,0.4882,0.4199,0.6396
9961,0.0669,0.6939282417297363,0.5629464387893677,0.0543,0.4091,0.6862,0.4895,0.4322,0.6398
9962,0.0774,0.6993668079376221,0.5209821462631226,0.0557,0.4043,0.6872,0.4896,0.4283,0.6316
9963,0.0669,0.6985809206962585,0.5183035731315613,0.0568,0.4149,0.6842,0.4901,0.4341,0.6596
9964,0.0802,0.6891042590141296,0.6066964268684387,0.0582,0.4128,0.6854,0.4908,0.438,0.6502
9965,0.065,0.6971136927604675,0.5254464149475098,0.0594,0.4149,0.6846,0.492,0.4416,0.6596
9966,0.077,0.6942011713981628,0.5441964268684387,0.0607,0.4037,0.6883,0.4865,0.421,0.625
9967,0.0798,0.6963478922843933,0.5303571224212646,0.0621,0.4159,0.6845,0.4913,0.4451,0.6544
9968,0.0806,0.7004565596580505,0.5116071701049805,0.0635,0.406,0.6869,0.4912,0.4352,0.6362
9969,0.0638,0.6897264719009399,0.5941964387893677,0.0646,0.4112,0.6867,0.49,0.4364,0.6422
9970,0.0743,0.6863758563995361,0.6290178298950195,0.0659,0.4025,0.6886,0.4878,0.4224,0.6239
9971,0.0827,0.6900594234466553,0.5933035612106323,0.0674,0.4089,0.687,0.4876,0.4259,0.6388
9972,0.0646,0.7019694447517395,0.48348215222358704,0.0685,0.4174,0.6838,0.4878,0.4298,0.6641
9973,0.0792,0.6878659129142761,0.6080357432365417,0.0699,0.4204,0.684,0.4917,0.4505,0.66
9974,0.0826,0.6943384408950806,0.5633928775787354,0.0713,0.4047,0.6883,0.4902,0.4316,0.6295
9975,0.0645,0.6975774765014648,0.5589285492897034,0.0725,0.3984,0.69,0.4881,0.4176,0.6166
9976,0.0792,0.6996676325798035,0.5151785612106323,0.0739,0.4142,0.6849,0.4893,0.4338,0.6525
9977,0.0675,0.6970014572143555,0.5316964387893677,0.0751,0.4029,0.6883,0.4897,0.4287,0.6267
9978,0.0751,0.6927740573883057,0.5709821581840515,0.0764,0.4132,0.6854,0.4938,0.4524,0.6511
9979,0.0805,0.6880536675453186,0.6080357432365417,0.0778,0.4118,0.6853,0.4908,0.4384,0.647
9980,0.0678,0.6911134719848633,0.5808035731315613,0.0789,0.4,0.6884,0.4903,0.4261,0.6236
9981,0.081,0.6929413676261902,0.5571428537368774,0.0804,0.4107,0.686,0.4888,0.4311,0.6421
9982,0.0652,0.7020124197006226,0.4937500059604645,0.0815,0.4025,0.6893,0.4918,0.439,0.6216
9983,0.074,0.6948695182800293,0.5388392806053162,0.0828,0.4034,0.6884,0.4896,0.4313,0.6247
9984,0.0815,0.6935675740242004,0.5482142567634583,0.0842,0.4095,0.6857,0.4906,0.4328,0.6463
9985,0.0648,0.6936075687408447,0.543749988079071,0.0853,0.4048,0.6872,0.4896,0.4247,0.6365
9986,0.0744,0.6987292170524597,0.5236607193946838,0.0866,0.4091,0.6868,0.4872,0.4266,0.6358
9987,0.0838,0.6925757527351379,0.5575892925262451,0.0881,0.4147,0.6845,0.4886,0.4326,0.6544
9988,0.0793,0.6868671178817749,0.6263392567634583,0.0895,0.3994,0.6891,0.4902,0.4261,0.621
9989,0.081,0.695162296295166,0.5491071343421936,0.0909,0.4058,0.6875,0.4907,0.4354,0.6311
9990,0.0778,0.6959558129310608,0.5370535850524902,0.0922,0.4075,0.6861,0.4882,0.4258,0.6399
9991,0.0674,0.692601203918457,0.5651785731315613,0.0934,0.4127,0.6854,0.4898,0.4353,0.6466
9992,0.0789,0.6895126700401306,0.6000000238418579,0.0948,0.4064,0.686,0.4894,0.4239,0.6422
9993,0.0671,0.6909245848655701,0.5745535492897034,0.096,0.4047,0.6876,0.4889,0.4273,0.6307
9994,0.0773,0.6945834159851074,0.5464285612106323,0.0973,0.4127,0.6856,0.4894,0.4357,0.6456
9995,0.0663,0.6894026398658752,0.5870535969734192,0.0985,0.4134,0.6856,0.4917,0.4418,0.6516
9996,0.0804,0.6991250514984131,0.5183035731315613,0.0999,0.4131,0.6861,0.4905,0.4367,0.649
9997,0.0695,0.6944373250007629,0.5575892925262451,0.1011,0.4164,0.6849,0.4888,0.4368,0.6537
9998,0.0814,0.6960134506225586,0.5232142806053162,0.1025,0.4031,0.6878,0.4901,0.4299,0.627
9999,0.0708,0.6947247982025146,0.5558035969734192,0.1037,0.406,0.6878,0.4919,0.4399,0.6311
10000,0.0792,0.6980816125869751,0.5357142686843872,0.1051,0.4052,0.6881,0.4898,0.432,0.6292
10001,0.0811,0.6946713328361511,0.5375000238418579,0.1065,0.4077,0.6855,0.4906,0.431,0.6435
10002,0.0667,0.695101797580719,0.546875,0.1077,0.4034,0.6876,0.4897,0.4246,0.6312
10003,0.0784,0.6971871256828308,0.5227678418159485,0.1091,0.4097,0.685,0.4899,0.427,0.65
10004,0.0801,0.6948683857917786,0.5263392925262451,0.1105,0.4047,0.6878,0.4863,0.4219,0.625
10005,0.0786,0.7026308178901672,0.48303571343421936,0.1118,0.402,0.6887,0.4877,0.4228,0.6219
10006,0.0647,0.6974062323570251,0.5272321701049805,0.113,0.404,0.6882,0.4894,0.4272,0.6295
10007,0.0748,0.6986818313598633,0.5138393044471741,0.1143,0.4027,0.6881,0.49,0.4245,0.6305
10008,0.0703,0.6940670609474182,0.5419642925262451,0.1155,0.4129,0.6862,0.4894,0.4377,0.6424
10009,0.0811,0.6947330236434937,0.5450893044471741,0.1169,0.4051,0.6876,0.49,0.4308,0.6318
10010,0.0728,0.6941114664077759,0.5428571701049805,0.1182,0.3964,0.6894,0.4905,0.425,0.6148
10011,0.0824,0.6940450668334961,0.5549107193946838,0.1196,0.4078,0.6866,0.4905,0.4337,0.6391
10012,0.0674,0.6987722516059875,0.5200892686843872,0.1208,0.4142,0.6844,0.4894,0.43,0.6589
10013,0.0754,0.6964648365974426,0.534375011920929,0.1221,0.4067,0.6879,0.4887,0.4271,0.6343
10014,0.0656,0.6939648985862732,0.559374988079071,0.1233,0.409,0.6859,0.4905,0.4325,0.6434
10015,0.0793,0.6904878616333008,0.5964285731315613,0.1246,0.4035,0.6877,0.489,0.4239,0.6308
10016,0.0667,0.7019208669662476,0.4821428656578064,0.1258,0.4028,0.6873,0.4898,0.4227,0.6334
10017,0.0766,0.6924789547920227,0.5620535612106323,0.1271,0.4003,0.6893,0.4905,0.429,0.62
10018,0.0646,0.6976658701896667,0.5325892567634583,0.1283,0.4122,0.6863,0.4887,0.4339,0.6425
10019,0.0762,0.6959918141365051,0.5535714030265808,0.1296,0.4064,0.687,0.4897,0.4265,0.639
10020,0.0666,0.6956758499145508,0.5562499761581421,0.1308,0.4081,0.6864,0.4899,0.4318,0.6401
10021,0.0724,0.694050133228302,0.5580357313156128,0.132,0.4095,0.6858,0.4881,0.4245,0.6446
10022,0.0718,0.698225200176239,0.5299107432365417,0.1333,0.4046,0.6869,0.4893,0.4199,0.6386
10023,0.0796,0.6978189945220947,0.5272321701049805,0.1347,0.4132,0.685,0.4892,0.4318,0.6527
10024,0.0675,0.6905187964439392,0.5825892686843872,0.1359,0.4162,0.6848,0.4893,0.4377,0.653
10025,0.075,0.7018303871154785,0.4937500059604645,0.1372,0.4094,0.6871,0.4874,0.4285,0.6362
10026,0.0792,0.6988959908485413,0.5004464387893677,0.1385,0.409,0.686,0.4892,0.4274,0.6444
10027,0.0777,0.6937937140464783,0.5616071224212646,0.1399,0.3987,0.6885,0.4902,0.4235,0.6203
10028,0.0816,0.698100745677948,0.5334821343421936,0.1413,0.4024,0.687,0.4893,0.4184,0.6336
10029,0.0665,0.6916522979736328,0.5598214268684387,0.1425,0.4105,0.687,0.4895,0.4369,0.6379
10030,0.0814,0.6935261487960815,0.5808035731315613,0.1439,0.4174,0.6841,0.4929,0.4513,0.6591
10031,0.0687,0.6963417530059814,0.5325892567634583,0.1451,0.4025,0.6877,0.4905,0.4253,0.6316
10032,0.0761,0.6930049061775208,0.5495535731315613,0.1464,0.4025,0.6881,0.4894,0.4274,0.6255
10033,0.0819,0.6908144354820251,0.5705357193946838,0.1478,0.4135,0.685,0.4903,0.4355,0.6534
10034,0.0662,0.6906611323356628,0.5843750238418579,0.149,0.4102,0.6855,0.4918,0.4386,0.6494
10035,0.0737,0.6930443644523621,0.5758928656578064,0.1503,0.4101,0.6863,0.4902,0.4343,0.6425
10036,0.0676,0.6940252184867859,0.5508928298950195,0.1515,0.4071,0.6869,0.4916,0.4359,0.6406
10037,0.0766,0.6982170939445496,0.5147321224212646,0.1528,0.3996,0.6897,0.4867,0.4144,0.6193
10038,0.0656,0.6949211955070496,0.5526785850524902,0.154,0.4017,0.6889,0.487,0.421,0.6187
10039,0.0762,0.7013859152793884,0.48526784777641296,0.1553,0.4107,0.6859,0.4898,0.4347,0.6434
10040,0.0639,0.6974753737449646,0.5232142806053162,0.1564,0.4063,0.6867,0.4917,0.435,0.6386
10041,0.0739,0.7024000883102417,0.4883928596973419,0.1577,0.4022,0.6877,0.4912,0.4309,0.6299
10042,0.0651,0.6961007714271545,0.5446428656578064,0.1589,0.4081,0.6872,0.4905,0.4367,0.6351
10043,0.0732,0.6978657841682434,0.5339285731315613,0.1601,0.4169,0.6841,0.4886,0.4364,0.6547
10044,0.0668,0.6950240731239319,0.5513392686843872,0.1613,0.4169,0.6844,0.4901,0.4394,0.6584
10045,0.0774,0.6949219107627869,0.5477678775787354,0.1627,0.4046,0.6879,0.4892,0.4291,0.6278
10046,0.067,0.6917787194252014,0.5723214149475098,0.1638,0.4091,0.685,0.4899,0.4219,0.6529
10047,0.0774,0.6943126916885376,0.5535714030265808,0.1652,0.412,0.6856,0.4899,0.4352,0.6472
10048,0.0656,0.686981737613678,0.6116071343421936,0.1663,0.3981,0.6888,0.4915,0.4238,0.6235
10049,0.074,0.7000582814216614,0.5026785731315613,0.1676,0.4051,0.688,0.4897,0.4311,0.63
10050,0.0833,0.6987889409065247,0.503125011920929,0.1691,0.4118,0.6848,0.4908,0.436,0.652
10051,0.0656,0.6915126442909241,0.5897321701049805,0.1702,0.403,0.6879,0.4907,0.4272,0.6318
10052,0.0763,0.6927709579467773,0.5544642806053162,0.1715,0.4059,0.6864,0.4908,0.4249,0.6434
10053,0.0669,0.6953306198120117,0.5366071462631226,0.1727,0.4074,0.6847,0.4912,0.4245,0.6531
10054,0.0765,0.6945151090621948,0.5450893044471741,0.1741,0.404,0.6879,0.4874,0.4214,0.6283
10055,0.0764,0.6960750818252563,0.5232142806053162,0.1754,0.4051,0.6874,0.4897,0.4269,0.6338
10056,0.087,0.6967704892158508,0.5294643044471741,0.1769,0.4035,0.6878,0.4883,0.4223,0.6288
10057,0.0677,0.6905343532562256,0.5861607193946838,0.1781,0.4015,0.6882,0.4901,0.4263,0.626
10058,0.0771,0.6909173130989075,0.5883928537368774,0.1794,0.4014,0.6894,0.4857,0.4193,0.6164
10059,0.0811,0.6937801241874695,0.5602678656578064,0.1808,0.3993,0.6901,0.4901,0.4285,0.6168
10060,0.0679,0.69328373670578,0.5607143044471741,0.182,0.4129,0.6848,0.4913,0.4371,0.6538
10061,0.0791,0.6910691261291504,0.5714285969734192,0.1834,0.3935,0.69,0.4927,0.425,0.6149
10062,0.0778,0.6955282688140869,0.5424107313156128,0.1848,0.4146,0.6839,0.4895,0.4331,0.6567
10063,0.0701,0.6938779354095459,0.5517857074737549,0.186,0.4119,0.6865,0.4884,0.4344,0.6401
10064,0.077,0.694782555103302,0.5508928298950195,0.1873,0.4009,0.6884,0.4892,0.4237,0.6241
10065,0.078,0.6906378865242004,0.5821428298950195,0.1887,0.403,0.6884,0.4883,0.4246,0.6235
10066,0.0659,0.6949324011802673,0.5486606955528259,0.1898,0.4062,0.6863,0.4898,0.4255,0.6411
10067,0.0786,0.6969040036201477,0.5245535969734192,0.1912,0.4003,0.6883,0.4907,0.4267,0.6256
10068,0.0817,0.6965142488479614,0.5330356955528259,0.1926,0.4085,0.6864,0.4909,0.4373,0.6388
10069,0.0816,0.6968966722488403,0.5223214030265808,0.1941,0.4019,0.6875,0.4919,0.4291,0.6324
10070,0.0828,0.6905460357666016,0.5754464268684387,0.1955,0.4094,0.6862,0.489,0.4307,0.6414
10071,0.0651,0.6881298422813416,0.6089285612106323,0.1967,0.4115,0.6851,0.4926,0.4401,0.654
10072,0.0745,0.7012514472007751,0.49464285373687744,0.198,0.4057,0.6879,0.49,0.4354,0.6283
10073,0.0692,0.6904390454292297,0.5861607193946838,0.1992,0.4162,0.6845,0.489,0.4377,0.6522
10074,0.0775,0.7010077834129333,0.5084821581840515,0.2006,0.4068,0.6863,0.4903,0.4282,0.6414
10075,0.0668,0.6974425315856934,0.5178571343421936,0.2017,0.4035,0.6867,0.4904,0.4236,0.637
10076,0.0797,0.6960325241088867,0.5477678775787354,0.2031,0.3999,0.6896,0.4892,0.4284,0.6141
10077,0.0664,0.6964670419692993,0.5160714387893677,0.2043,0.4066,0.6867,0.4904,0.4319,0.638
10078,0.0822,0.6973068118095398,0.5299107432365417,0.2057,0.4105,0.6862,0.489,0.4313,0.6419
10079,0.0815,0.7008188962936401,0.5084821581840515,0.2071,0.4076,0.6864,0.4916,0.4369,0.6402
10080,0.0677,0.6915040016174316,0.5745535492897034,0.2084,0.4091,0.6859,0.4922,0.4384,0.6462
10081,0.0791,0.6939505934715271,0.5580357313156128,0.2097,0.4159,0.6836,0.4909,0.4357,0.6642
10082,0.0704,0.6917454600334167,0.5696428418159485,0.211,0.3997,0.6902,0.4886,0.4272,0.6115
10083,0.0802,0.6984995007514954,0.5227678418159485,0.2124,0.4165,0.6853,0.49,0.4427,0.6498
10084,0.0626,0.6952716112136841,0.5419642925262451,0.2135,0.4027,0.6873,0.4907,0.4297,0.6308
10085,0.0745,0.6947222948074341,0.5508928298950195,0.2148,0.4035,0.6891,0.4902,0.4313,0.6255
10086,0.0652,0.6927118301391602,0.5598214268684387,0.2159,0.4016,0.6879,0.4881,0.417,0.628
10087,0.0766,0.695421576499939,0.5549107193946838,0.2172,0.4061,0.6866,0.4883,0.4232,0.6369
10088,0.0766,0.6916657090187073,0.5723214149475098,0.2186,0.3988,0.689,0.4904,0.4262,0.6195
10089,0.0653,0.6966519951820374,0.5366071462631226,0.2197,0.4044,0.6871,0.4892,0.4251,0.6319
10090,0.0742,0.6974258422851562,0.5236607193946838,0.221,0.4142,0.6852,0.4883,0.4342,0.6456
10091,0.0658,0.6910148859024048,0.5741071701049805,0.2222,0.4062,0.6864,0.4905,0.4268,0.6439
10092,0.0784,0.690147340297699,0.5950892567634583,0.2236,0.4072,0.6873,0.4871,0.4226,0.6344
10093,0.066,0.6986356377601624,0.5254464149475098,0.2248,0.4069,0.6869,0.49,0.4297,0.6399
10094,0.079,0.6960594058036804,0.5357142686843872,0.2261,0.4146,0.6846,0.4906,0.4394,0.6546
10095,0.0818,0.6934936046600342,0.5477678775787354,0.2276,0.402,0.6884,0.49,0.4285,0.6237
10096,0.0804,0.69892418384552,0.5111607313156128,0.2289,0.4105,0.686,0.4916,0.4414,0.6432
10097,0.0659,0.6953529715538025,0.543749988079071,0.2301,0.4073,0.6873,0.4891,0.4305,0.6329
10098,0.0771,0.6959361433982849,0.5383928418159485,0.2315,0.4101,0.6862,0.4889,0.4314,0.6413
10099,0.0669,0.6984976530075073,0.5102678537368774,0.2326,0.4052,0.6879,0.4889,0.4267,0.6298
10100,0.0806,0.6916254162788391,0.574999988079071,0.234,0.4112,0.6847,0.4904,0.4328,0.651
10101,0.066,0.6948727965354919,0.5531250238418579,0.2352,0.4114,0.6862,0.4883,0.432,0.6409
10102,0.0776,0.6868849396705627,0.6120535731315613,0.2365,0.408,0.6858,0.4903,0.4313,0.6434
10103,0.0849,0.6926199793815613,0.5727678537368774,0.238,0.4129,0.686,0.4886,0.4335,0.6442
10104,0.0829,0.6925625801086426,0.5799106955528259,0.2394,0.3967,0.6895,0.4895,0.4193,0.6154
10105,0.0684,0.6923695802688599,0.5803571343421936,0.2406,0.4005,0.688,0.4913,0.4289,0.6271
10106,0.0782,0.6948422193527222,0.5482142567634583,0.242,0.4096,0.6869,0.4915,0.4427,0.6382
10107,0.0671,0.6957998275756836,0.5316964387893677,0.2432,0.4139,0.6853,0.4884,0.4322,0.65
10108,0.0811,0.6927010416984558,0.5700892806053162,0.2446,0.3907,0.6907,0.4887,0.4078,0.6062
10109,0.0801,0.6940906047821045,0.5616071224212646,0.246,0.3956,0.6894,0.489,0.4154,0.615
10110,0.0784,0.6935944557189941,0.5616071224212646,0.2474,0.419,0.6831,0.4893,0.4345,0.6686
10111,0.0704,0.6890436410903931,0.6000000238418579,0.2486,0.4034,0.6877,0.4898,0.4268,0.6298
10112,0.077,0.6920289397239685,0.5794642567634583,0.2499,0.4052,0.6871,0.4897,0.4276,0.634
10113,0.066,0.6974269151687622,0.5276785492897034,0.2511,0.4075,0.6875,0.4889,0.431,0.6321
10114,0.0821,0.6988270878791809,0.5120535492897034,0.2525,0.4084,0.6871,0.4896,0.4336,0.6352
10115,0.0702,0.6939085721969604,0.5580357313156128,0.2537,0.4093,0.6867,0.4881,0.4319,0.6336
10116,0.0808,0.6958388686180115,0.5361607074737549,0.2552,0.3983,0.6884,0.4916,0.426,0.6235
10117,0.0788,0.6989449858665466,0.5232142806053162,0.2565,0.4067,0.6865,0.4916,0.4344,0.641
10118,0.0678,0.6958640217781067,0.5433035492897034,0.2577,0.4056,0.6866,0.491,0.4306,0.6387
10119,0.082,0.6944467425346375,0.5419642925262451,0.2591,0.4083,0.6865,0.4901,0.4304,0.6417
10120,0.0715,0.6961226463317871,0.534375011920929,0.2604,0.3941,0.6899,0.4908,0.4188,0.6146
10121,0.0754,0.6965657472610474,0.5459821224212646,0.2617,0.4135,0.6856,0.4917,0.4456,0.647
10122,0.0658,0.6934916973114014,0.5482142567634583,0.2629,0.4112,0.6844,0.4901,0.4304,0.6529
10123,0.0755,0.695450484752655,0.5540178418159485,0.2642,0.4073,0.6868,0.4895,0.4261,0.6395
10124,0.0642,0.6990250945091248,0.5209821462631226,0.2653,0.4023,0.6884,0.4903,0.4308,0.626
10125,0.0749,0.6902322769165039,0.5950892567634583,0.2666,0.4028,0.6876,0.4872,0.4175,0.6302
10126,0.0791,0.6937074661254883,0.5495535731315613,0.268,0.4098,0.6862,0.4899,0.4353,0.641
10127,0.0692,0.6941708326339722,0.5553571581840515,0.2692,0.409,0.6864,0.4905,0.432,0.6448
10128,0.0783,0.6930029392242432,0.5665178298950195,0.2706,0.4066,0.6877,0.489,0.4288,0.6331
10129,0.0817,0.69903564453125,0.5205357074737549,0.272,0.4169,0.6842,0.4923,0.4477,0.6597
10130,0.0668,0.701429009437561,0.5138393044471741,0.2732,0.4008,0.6891,0.49,0.4304,0.619
10131,0.0771,0.6974179148674011,0.5241071581840515,0.2745,0.4062,0.6861,0.4898,0.4252,0.6424
10132,0.0648,0.6972920298576355,0.53125,0.2756,0.4183,0.6837,0.489,0.4365,0.6632
10133,0.0776,0.6896131634712219,0.5870535969734192,0.277,0.4086,0.6855,0.4895,0.4259,0.6465
10134,0.0797,0.692291259765625,0.5665178298950195,0.2784,0.4018,0.6889,0.4905,0.4318,0.6222
10135,0.075,0.6950734853744507,0.5544642806053162,0.2797,0.4077,0.6875,0.4867,0.4248,0.6319
10136,0.0628,0.6954004764556885,0.5477678775787354,0.2808,0.4149,0.6835,0.4932,0.4453,0.6629
10137,0.0722,0.6987662315368652,0.5120535492897034,0.2821,0.4022,0.688,0.4884,0.4198,0.627
10138,0.066,0.6926488280296326,0.5495535731315613,0.2832,0.4143,0.6859,0.4884,0.4344,0.6469
10139,0.0755,0.6928391456604004,0.5741071701049805,0.2845,0.4104,0.6864,0.4897,0.4339,0.6429
10140,0.0687,0.696437656879425,0.5388392806053162,0.2857,0.4069,0.6869,0.4902,0.4295,0.6391
10141,0.0785,0.692469596862793,0.5625,0.2871,0.3956,0.6902,0.4892,0.4158,0.6134
10142,0.0681,0.6957694888114929,0.5388392806053162,0.2883,0.4085,0.686,0.4895,0.4302,0.6425
10143,0.0769,0.697021484375,0.5249999761581421,0.2896,0.4052,0.687,0.4919,0.4348,0.6377
10144,0.0835,0.6913678050041199,0.5763393044471741,0.2911,0.4057,0.6865,0.4909,0.4302,0.64
10145,0.0681,0.695198118686676,0.5491071343421936,0.2923,0.4074,0.6855,0.4911,0.4293,0.6462
10146,0.0789,0.6947976350784302,0.5562499761581421,0.2937,0.4053,0.6871,0.4901,0.427,0.6374
10147,0.0797,0.6957597732543945,0.546875,0.295,0.4091,0.6879,0.4901,0.4407,0.6295
10148,0.0665,0.6961058378219604,0.5419642925262451,0.2962,0.4163,0.6848,0.4876,0.4331,0.6539
10149,0.0753,0.6916077136993408,0.5687500238418579,0.2975,0.3983,0.69,0.4894,0.4237,0.6148
10150,0.0816,0.6860882639884949,0.6040178537368774,0.2989,0.4103,0.6865,0.4883,0.4312,0.6384
10151,0.075,0.7014033198356628,0.49866071343421936,0.3002,0.408,0.6857,0.4906,0.4269,0.6489
10152,0.0822,0.694233775138855,0.5508928298950195,0.3017,0.4084,0.6868,0.4901,0.4376,0.6339
10153,0.0848,0.7012248039245605,0.4781250059604645,0.3032,0.3982,0.6877,0.4892,0.4108,0.6286
10154,0.0842,0.6955289840698242,0.5566964149475098,0.3046,0.4096,0.6872,0.4873,0.4271,0.6359
10155,0.0695,0.6963157057762146,0.5383928418159485,0.3058,0.4097,0.6858,0.49,0.4328,0.6438
10156,0.0811,0.6904076337814331,0.5776785612106323,0.3072,0.4082,0.6851,0.4909,0.427,0.6516
10157,0.0686,0.6939592361450195,0.565625011920929,0.3084,0.3971,0.69,0.489,0.4189,0.6141
10158,0.0775,0.6908362507820129,0.5857142806053162,0.3098,0.4053,0.6875,0.4883,0.4244,0.6321
10159,0.0655,0.6905384659767151,0.5830357074737549,0.311,0.4059,0.6872,0.4871,0.4212,0.6338
10160,0.0754,0.7043982148170471,0.45625001192092896,0.3123,0.4115,0.6862,0.4872,0.4289,0.6407
10161,0.0808,0.6937015652656555,0.5696428418159485,0.3137,0.4041,0.6874,0.4907,0.4285,0.6348
10162,0.0691,0.6938278079032898,0.5544642806053162,0.3149,0.4036,0.6871,0.4908,0.429,0.6333
10163,0.0796,0.6916954517364502,0.5825892686843872,0.3163,0.4019,0.6887,0.4894,0.426,0.6228
10164,0.0694,0.689207136631012,0.6008928418159485,0.3175,0.406,0.6878,0.4862,0.4208,0.6288
10165,0.0783,0.6913549304008484,0.581250011920929,0.3188,0.4109,0.6857,0.4901,0.4347,0.6463
10166,0.0662,0.7026686668395996,0.48124998807907104,0.32,0.4005,0.6885,0.4914,0.4302,0.6241
10167,0.0822,0.7010729908943176,0.5,0.3214,0.4051,0.6874,0.4899,0.4309,0.6315
10168,0.0782,0.6971706748008728,0.5316964387893677,0.3228,0.4071,0.6871,0.4916,0.4375,0.637
10169,0.0689,0.6913436651229858,0.578125,0.324,0.4068,0.6871,0.489,0.4318,0.63
10170,0.077,0.692507266998291,0.5794642567634583,0.3254,0.4221,0.6835,0.4902,0.4478,0.661
10171,0.0808,0.695019006729126,0.5428571701049805,0.3268,0.4119,0.6851,0.4897,0.4334,0.6479
10172,0.0666,0.6912106871604919,0.5767857432365417,0.3279,0.4194,0.683,0.4917,0.4458,0.6674
10173,0.0801,0.6974552869796753,0.5325892567634583,0.3293,0.4007,0.6881,0.488,0.4175,0.6247
10174,0.066,0.6897205710411072,0.596875011920929,0.3305,0.4112,0.6855,0.4921,0.4393,0.6509
10175,0.0848,0.6978581547737122,0.5299107432365417,0.332,0.411,0.6865,0.4893,0.4363,0.6394
10176,0.0668,0.6904143691062927,0.5843750238418579,0.3331,0.4078,0.6872,0.4893,0.4301,0.6365
10177,0.0779,0.6961113810539246,0.5459821224212646,0.3345,0.3993,0.689,0.4894,0.4196,0.6237
10178,0.0823,0.6952633857727051,0.5459821224212646,0.3359,0.4054,0.687,0.4888,0.4234,0.6363
10179,0.0818,0.691769540309906,0.5678571462631226,0.3373,0.4178,0.6849,0.4903,0.4423,0.6554
10180,0.078,0.6907058954238892,0.5736607313156128,0.3387,0.4081,0.688,0.4886,0.4302,0.6335
10181,0.0772,0.6958115696907043,0.5330356955528259,0.34,0.404,0.6872,0.4873,0.4189,0.6324
10182,0.0778,0.6977637410163879,0.5379464030265808,0.3414,0.4079,0.687,0.4909,0.4348,0.6391
10183,0.0756,0.6931148767471313,0.5616071224212646,0.3427,0.4075,0.6867,0.4886,0.4272,0.6365
10184,0.0636,0.6910115480422974,0.574999988079071,0.3438,0.4038,0.6883,0.4879,0.4208,0.6295
10185,0.0715,0.6949151754379272,0.5397321581840515,0.3451,0.3945,0.6892,0.4904,0.414,0.6194
10186,0.0689,0.6924095749855042,0.5776785612106323,0.3463,0.411,0.6854,0.4915,0.4372,0.6504
10187,0.0771,0.699026346206665,0.515625,0.3476,0.4006,0.6896,0.4892,0.4263,0.6178
10188,0.0821,0.6991662383079529,0.5111607313156128,0.3491,0.4072,0.6865,0.4918,0.4362,0.6417
10189,0.0653,0.6949153542518616,0.5464285612106323,0.3502,0.4072,0.6872,0.4891,0.4319,0.6322
10190,0.0754,0.6913386583328247,0.578125,0.3515,0.4062,0.6872,0.4874,0.4227,0.6348
10191,0.0789,0.6903191804885864,0.5816964507102966,0.3529,0.408,0.6862,0.4912,0.4342,0.643
10192,0.0644,0.6957009434700012,0.546875,0.354,0.4122,0.6866,0.4894,0.4386,0.638
10193,0.0758,0.6990368962287903,0.5151785612106323,0.3554,0.4059,0.6883,0.4894,0.4337,0.6265
10194,0.067,0.6919846534729004,0.5879464149475098,0.3565,0.4144,0.6862,0.4872,0.4329,0.6434
10195,0.078,0.6944189071655273,0.5397321581840515,0.3579,0.4062,0.6865,0.491,0.4314,0.6401
10196,0.0677,0.6927209496498108,0.5544642806053162,0.3591,0.4072,0.6877,0.4894,0.4348,0.6289
10197,0.0757,0.6880962252616882,0.6147321462631226,0.3604,0.4196,0.683,0.4918,0.4451,0.6677
10198,0.0665,0.6874809265136719,0.6075893044471741,0.3616,0.4182,0.6841,0.4882,0.4378,0.6559
10199,0.0825,0.6951301693916321,0.550000011920929,0.363,0.4033,0.6873,0.4903,0.427,0.6331
10200,0.0668,0.6951406002044678,0.5522321462631226,0.3642,0.4036,0.6875,0.4912,0.4297,0.6347
10201,0.0745,0.6982743144035339,0.5120535492897034,0.3655,0.3981,0.6888,0.4892,0.4152,0.6231
10202,0.0678,0.7021580934524536,0.4839285612106323,0.3667,0.4061,0.6865,0.4887,0.422,0.6396
10203,0.0768,0.6946394443511963,0.5495535731315613,0.368,0.4157,0.6849,0.4878,0.4315,0.6545
10204,0.0789,0.698135495185852,0.5227678418159485,0.3694,0.398,0.6893,0.4884,0.4189,0.6176
10205,0.0647,0.6962112784385681,0.543749988079071,0.3705,0.4073,0.6869,0.489,0.4293,0.6362
10206,0.0749,0.695526123046875,0.5339285731315613,0.3718,0.4108,0.6855,0.4922,0.441,0.6476
10207,0.0731,0.6910579204559326,0.5790178775787354,0.3731,0.4072,0.6868,0.4933,0.4427,0.642
10208,0.0781,0.6967878341674805,0.5424107313156128,0.3745,0.4118,0.6866,0.4869,0.4288,0.6405
10209,0.063,0.6914599537849426,0.581250011920929,0.3756,0.4099,0.6857,0.488,0.4259,0.6435
10210,0.0816,0.6957898139953613,0.5290178656578064,0.377,0.4069,0.6866,0.4888,0.4266,0.6373
10211,0.0697,0.6929008960723877,0.5718749761581421,0.3782,0.4053,0.6867,0.492,0.4347,0.6376
10212,0.0769,0.6993371844291687,0.5133928656578064,0.3795,0.4146,0.6849,0.4921,0.4422,0.6574
10213,0.0787,0.6977100968360901,0.5102678537368774,0.3809,0.4013,0.6888,0.4873,0.4163,0.6245
10214,0.0803,0.6940048336982727,0.5611607432365417,0.3823,0.4062,0.688,0.4888,0.4292,0.628
10215,0.077,0.6957795023918152,0.5339285731315613,0.3837,0.4124,0.685,0.4903,0.4368,0.6496
10216,0.0664,0.6980053782463074,0.5196428298950195,0.3848,0.4082,0.6863,0.4894,0.428,0.6417
10217,0.0814,0.6949408650398254,0.5459821224212646,0.3862,0.4068,0.6866,0.4898,0.4293,0.6378
10218,0.0671,0.6934868693351746,0.5732142925262451,0.3874,0.4068,0.6866,0.4897,0.4285,0.6393
10219,0.0769,0.6944688558578491,0.5602678656578064,0.3888,0.4077,0.6868,0.4914,0.4331,0.6427
10220,0.0637,0.6933117508888245,0.5700892806053162,0.3899,0.4094,0.686,0.4896,0.4312,0.6424
10221,0.0778,0.6962575912475586,0.5276785492897034,0.3912,0.4145,0.6845,0.4884,0.4301,0.6562
10222,0.0675,0.696291983127594,0.5388392806053162,0.3924,0.4074,0.6877,0.4919,0.4425,0.6318
10223,0.0821,0.6975829601287842,0.5303571224212646,0.3939,0.4027,0.6886,0.4893,0.4297,0.6211
10224,0.0818,0.6932907700538635,0.5584821701049805,0.3953,0.4106,0.6867,0.4882,0.4313,0.638
10225,0.08,0.7006378769874573,0.5058035850524902,0.3967,0.3962,0.6908,0.49,0.4247,0.6096
10226,0.0676,0.6961995363235474,0.5357142686843872,0.3979,0.3977,0.6898,0.4895,0.4238,0.614
10227,0.0768,0.6948785781860352,0.5486606955528259,0.3992,0.4091,0.6868,0.4903,0.4351,0.6396
10228,0.0814,0.6920939683914185,0.5566964149475098,0.4006,0.3996,0.6887,0.4918,0.433,0.623
10229,0.0802,0.6948971748352051,0.5517857074737549,0.402,0.4088,0.6862,0.4916,0.4384,0.6428
10230,0.0684,0.6916468739509583,0.5888392925262451,0.4032,0.3949,0.6906,0.4882,0.4149,0.6089
10231,0.0795,0.6951671242713928,0.534375011920929,0.4046,0.4062,0.6875,0.4887,0.4273,0.6322
10232,0.0679,0.6902070045471191,0.5736607313156128,0.4058,0.3971,0.69,0.4884,0.4178,0.6146
10233,0.0783,0.6944907903671265,0.5598214268684387,0.4071,0.4107,0.6849,0.4916,0.4372,0.6498
10234,0.0847,0.6936635375022888,0.5473214387893677,0.4086,0.4148,0.6845,0.4888,0.4323,0.6547
10235,0.0676,0.6972267031669617,0.5160714387893677,0.4098,0.4118,0.685,0.4895,0.4303,0.6519
10236,0.0814,0.6924569606781006,0.5861607193946838,0.4112,0.3939,0.6906,0.4915,0.4252,0.6096
10237,0.0682,0.6929818391799927,0.5580357313156128,0.4124,0.4027,0.6876,0.489,0.4239,0.6285
10238,0.0767,0.6944818496704102,0.5477678775787354,0.4137,0.4086,0.6869,0.4885,0.4309,0.6349
10239,0.0811,0.6975370645523071,0.5151785612106323,0.4152,0.4073,0.6873,0.4891,0.429,0.6359
10240,0.0853,0.6932259202003479,0.5696428418159485,0.4166,0.4023,0.6872,0.489,0.4171,0.634
10241,0.0674,0.6953698396682739,0.5410714149475098,0.4178,0.4181,0.6835,0.4921,0.4468,0.663
10242,0.0809,0.6982203722000122,0.5102678537368774,0.4192,0.4103,0.6859,0.4888,0.4317,0.6414
10243,0.0688,0.6893323659896851,0.5848214030265808,0.4204,0.4038,0.6881,0.4879,0.4232,0.6266
10244,0.0821,0.6929152607917786,0.5549107193946838,0.4219,0.4047,0.6869,0.4897,0.4234,0.638
10245,0.0797,0.6912997364997864,0.5700892806053162,0.4233,0.4003,0.6885,0.4888,0.4243,0.6202
10246,0.0674,0.6883661150932312,0.5986607074737549,0.4244,0.4048,0.6883,0.4886,0.4286,0.6249
10247,0.0753,0.6977285742759705,0.5316964387893677,0.4257,0.4013,0.6889,0.4906,0.4315,0.6216
10248,0.0802,0.6995163559913635,0.5040178298950195,0.4271,0.4172,0.6838,0.489,0.4348,0.6598
10249,0.0793,0.6987232565879822,0.5133928656578064,0.4285,0.4123,0.6856,0.488,0.4295,0.6467
10250,0.0783,0.6972766518592834,0.5352678298950195,0.4299,0.4016,0.6882,0.4911,0.4241,0.6308
10251,0.065,0.6957991123199463,0.5308035612106323,0.431,0.3978,0.6887,0.4908,0.4209,0.6228
10252,0.0719,0.6942406892776489,0.5625,0.4323,0.4195,0.6841,0.4873,0.4359,0.658
10253,0.0756,0.6874191164970398,0.6156250238418579,0.4336,0.4105,0.6865,0.49,0.4362,0.6393
10254,0.0769,0.6945645213127136,0.5330356955528259,0.435,0.4124,0.6856,0.4869,0.4276,0.6455
10255,0.0779,0.6921567916870117,0.5705357193946838,0.4363,0.4191,0.6846,0.4891,0.4415,0.6546
10256,0.0642,0.6977893114089966,0.5102678537368774,0.4374,0.4049,0.6879,0.4885,0.4279,0.6266
10257,0.075,0.691816508769989,0.578125,0.4388,0.4065,0.6867,0.4904,0.4298,0.6395
10258,0.0689,0.6943898797035217,0.5482142567634583,0.44,0.4141,0.6857,0.4919,0.4462,0.6485
10259,0.074,0.6940324902534485,0.5553571581840515,0.4413,0.3971,0.6888,0.4907,0.4219,0.6209
10260,0.0754,0.6902380585670471,0.5897321701049805,0.4426,0.3992,0.689,0.4895,0.4234,0.6207
10261,0.0653,0.6992025375366211,0.5093749761581421,0.4438,0.4163,0.6851,0.4891,0.4386,0.6513
10262,0.0738,0.6984173655509949,0.5245535969734192,0.4451,0.4051,0.6873,0.4906,0.4328,0.6321
10263,0.0658,0.6951180100440979,0.5441964268684387,0.4462,0.4069,0.6866,0.4909,0.4348,0.6378
10264,0.0758,0.6975716948509216,0.528124988079071,0.4475,0.4061,0.6881,0.4894,0.4302,0.6305
10265,0.0618,0.6970275044441223,0.5138393044471741,0.4486,0.3995,0.6888,0.4909,0.4246,0.6252
10266,0.0756,0.6968124508857727,0.5316964387893677,0.4499,0.3996,0.6882,0.4911,0.425,0.6254
10267,0.0789,0.691884458065033,0.5691964030265808,0.4513,0.4043,0.6876,0.4872,0.4219,0.6285
10268,0.0647,0.6930183172225952,0.5651785731315613,0.4525,0.3965,0.6896,0.4896,0.4185,0.6164
10269,0.0757,0.6980893015861511,0.5138393044471741,0.4538,0.4101,0.6861,0.4907,0.4356,0.6429
10270,0.067,0.6897153258323669,0.5892857313156128,0.455,0.4033,0.6884,0.4896,0.4314,0.6238
10271,0.0757,0.6952710747718811,0.5464285612106323,0.4563,0.4054,0.6877,0.4904,0.4322,0.6329
10272,0.0665,0.6941234469413757,0.5522321462631226,0.4575,0.4158,0.6837,0.4904,0.4338,0.664
10273,0.0779,0.6954893469810486,0.5459821224212646,0.4589,0.4058,0.6869,0.4899,0.4265,0.6377
10274,0.0644,0.6941362023353577,0.559374988079071,0.46,0.4037,0.6885,0.4914,0.4323,0.6311
10275,0.0796,0.6934736967086792,0.5428571701049805,0.4614,0.4154,0.6852,0.4897,0.4406,0.6487
10276,0.0665,0.6952580809593201,0.5522321462631226,0.4625,0.4084,0.6871,0.4859,0.4208,0.637
10277,0.0749,0.6910358667373657,0.5879464149475098,0.4638,0.3999,0.6886,0.4888,0.418,0.6242
10278,0.0797,0.693852961063385,0.5745535492897034,0.4652,0.4105,0.6858,0.4928,0.4423,0.6486
10279,0.0653,0.693824052810669,0.5486606955528259,0.4664,0.4157,0.6842,0.4902,0.4381,0.657
10280,0.0797,0.7005671858787537,0.49642857909202576,0.4678,0.4134,0.6861,0.4895,0.4372,0.6453
10281,0.0663,0.6849800944328308,0.6361607313156128,0.4689,0.4047,0.6873,0.4889,0.4237,0.6333
10282,0.0768,0.6962713003158569,0.5441964268684387,0.4703,0.4002,0.6887,0.4871,0.4188,0.6193
10283,0.066,0.6936948299407959,0.5620535612106323,0.4714,0.4061,0.6877,0.4899,0.4329,0.6306
10284,0.0754,0.6918112635612488,0.5946428775787354,0.4727,0.4017,0.6883,0.491,0.4294,0.6271
10285,0.0662,0.6935220956802368,0.5620535612106323,0.4739,0.404,0.688,0.4886,0.4243,0.6283
10286,0.0761,0.6918537616729736,0.5687500238418579,0.4752,0.4057,0.6879,0.4884,0.4284,0.6267
10287,0.0692,0.6980948448181152,0.5071428418159485,0.4765,0.4111,0.6849,0.4904,0.4347,0.6495
10288,0.0815,0.6981381177902222,0.5209821462631226,0.4779,0.4216,0.6836,0.4904,0.4462,0.6634
10289,0.0625,0.6957875490188599,0.5473214387893677,0.479,0.4073,0.6868,0.4898,0.4308,0.6371
10290,0.0753,0.6946636438369751,0.5495535731315613,0.4803,0.4124,0.6864,0.486,0.4283,0.6397
10291,0.0784,0.7018923163414001,0.4928571283817291,0.4816,0.4111,0.686,0.4896,0.4329,0.6459
10292,0.0682,0.6922339200973511,0.559374988079071,0.4829,0.3969,0.6889,0.4888,0.4158,0.6184
10293,0.0752,0.6938244700431824,0.5508928298950195,0.4842,0.3947,0.6902,0.4902,0.4181,0.6138
10294,0.0805,0.6941967010498047,0.5531250238418579,0.4856,0.4182,0.6827,0.4916,0.4417,0.668
10295,0.0783,0.6893985271453857,0.5883928537368774,0.487,0.3963,0.6902,0.489,0.417,0.6144
10296,0.067,0.6955119967460632,0.546875,0.4882,0.4081,0.6874,0.4876,0.4263,0.6357
10297,0.0779,0.6982977986335754,0.5218750238418579,0.4895,0.4172,0.6843,0.4895,0.436,0.6611
10298,0.0801,0.692868173122406,0.5611607432365417,0.4909,0.4167,0.6841,0.4904,0.4411,0.6571
10299,0.0687,0.6920953989028931,0.5611607432365417,0.4921,0.4121,0.6843,0.4908,0.4319,0.6565
10300,0.0779,0.6932117342948914,0.5709821581840515,0.4935,0.4059,0.6868,0.4904,0.4296,0.6382
10301,0.082,0.6942077875137329,0.5455357432365417,0.4949,0.4042,0.6871,0.4916,0.4293,0.6378
10302,0.0679,0.698837399482727,0.5120535492897034,0.4961,0.4069,0.6873,0.4887,0.4288,0.6339
10303,0.0733,0.6933456659317017,0.5522321462631226,0.4974,0.4,0.6889,0.4883,0.421,0.6199
10304,0.0659,0.6944400072097778,0.5553571581840515,0.4985,0.4027,0.6886,0.4883,0.4245,0.623
10305,0.0881,0.6931441426277161,0.5642856955528259,0.5001,0.4068,0.6883,0.4906,0.4389,0.6274
10306,0.0838,0.6923332214355469,0.5651785731315613,0.5016,0.4021,0.6877,0.4884,0.4175,0.6301
10307,0.0673,0.694238543510437,0.5477678775787354,0.5027,0.4035,0.6884,0.4876,0.4247,0.6241
10308,0.0794,0.6859761476516724,0.6236607432365417,0.5041,0.4166,0.6847,0.4858,0.431,0.6496
10309,0.067,0.6921460628509521,0.5874999761581421,0.5053,0.4053,0.688,0.4893,0.4278,0.6313
10310,0.0801,0.695297122001648,0.5424107313156128,0.5067,0.4021,0.6883,0.4876,0.4208,0.6232
10311,0.0667,0.692553699016571,0.5705357193946838,0.5079,0.4153,0.6836,0.4914,0.4336,0.6661
10312,0.076,0.6925246715545654,0.5544642806053162,0.5092,0.4041,0.6882,0.4895,0.4298,0.6269
10313,0.0686,0.6992983818054199,0.5120535492897034,0.5104,0.4154,0.6837,0.4917,0.4394,0.6635
10314,0.0798,0.6994117498397827,0.5120535492897034,0.5118,0.4036,0.6884,0.4903,0.4331,0.6242
10315,0.0683,0.6922712326049805,0.5732142925262451,0.513,0.4134,0.6849,0.4894,0.4319,0.6542
10316,0.0784,0.7008432149887085,0.4973214268684387,0.5144,0.4047,0.6873,0.4889,0.4236,0.6346
10317,0.0794,0.6967061758041382,0.5361607074737549,0.5158,0.4108,0.6859,0.4913,0.4385,0.645
10318,0.0656,0.6938778758049011,0.5584821701049805,0.5169,0.389,0.6922,0.487,0.4078,0.5957
10319,0.0859,0.6929648518562317,0.5535714030265808,0.5184,0.4018,0.6885,0.4898,0.4277,0.6235
10320,0.068,0.6980602741241455,0.5267857313156128,0.5196,0.4074,0.6875,0.4891,0.4342,0.6289
10321,0.0833,0.7017000913619995,0.49241071939468384,0.5211,0.3996,0.6891,0.4881,0.4225,0.617
10322,0.0729,0.693177342414856,0.5660714507102966,0.5224,0.418,0.6847,0.4869,0.4322,0.6557
10323,0.0803,0.694640040397644,0.5584821701049805,0.5238,0.4045,0.6873,0.4904,0.4305,0.6315
10324,0.0663,0.6962185502052307,0.5294643044471741,0.5249,0.4047,0.6868,0.4915,0.4337,0.6366
10325,0.0768,0.6962849497795105,0.5299107432365417,0.5263,0.4065,0.6863,0.4894,0.4221,0.6419
10326,0.0794,0.6929766535758972,0.5607143044471741,0.5276,0.4007,0.6893,0.4913,0.4321,0.621
10327,0.0795,0.6967949867248535,0.5249999761581421,0.529,0.4057,0.6878,0.4903,0.435,0.6287
10328,0.0711,0.6945116519927979,0.5633928775787354,0.5303,0.4062,0.6867,0.4903,0.4313,0.6364
10329,0.0786,0.7012045979499817,0.4794642925262451,0.5316,0.3982,0.6894,0.4894,0.4224,0.6189
10330,0.0815,0.6969692707061768,0.5285714268684387,0.5331,0.4039,0.689,0.4883,0.4273,0.6226
10331,0.0659,0.6947752237319946,0.5625,0.5342,0.4067,0.6873,0.4904,0.4352,0.6337
10332,0.0767,0.6920183897018433,0.5665178298950195,0.5356,0.4084,0.6868,0.4886,0.4317,0.6357
10333,0.0823,0.6956606507301331,0.543749988079071,0.537,0.4037,0.6875,0.4901,0.4268,0.633
10334,0.0795,0.6960814595222473,0.5459821224212646,0.5384,0.4132,0.6864,0.4884,0.4351,0.6417
10335,0.0799,0.6931816935539246,0.5473214387893677,0.5398,0.3919,0.6911,0.4925,0.4303,0.6033
10336,0.0649,0.6974980235099792,0.518750011920929,0.5409,0.4068,0.6867,0.4912,0.4335,0.6397
10337,0.0817,0.6972194910049438,0.5370535850524902,0.5423,0.4162,0.6843,0.4896,0.4383,0.6546
10338,0.0626,0.6942852735519409,0.5535714030265808,0.5434,0.4144,0.6844,0.4908,0.4383,0.6539
10339,0.0766,0.6900197267532349,0.5839285850524902,0.5448,0.4041,0.6889,0.49,0.4335,0.6223
10340,0.0713,0.6974299550056458,0.5410714149475098,0.546,0.412,0.6859,0.4868,0.4258,0.6456
10341,0.0823,0.6929157972335815,0.5616071224212646,0.5475,0.4134,0.6851,0.492,0.4411,0.6539
10342,0.0814,0.694206178188324,0.5549107193946838,0.5489,0.4078,0.6863,0.489,0.4276,0.6382
10343,0.0707,0.6945919394493103,0.5571428537368774,0.5501,0.4077,0.6866,0.4919,0.4365,0.6418
10344,0.0785,0.6938468813896179,0.5370535850524902,0.5515,0.3907,0.6908,0.4913,0.4212,0.6039
10345,0.0649,0.6912819743156433,0.5772321224212646,0.5526,0.4093,0.6866,0.4893,0.4326,0.6387
10346,0.0742,0.694057285785675,0.5575892925262451,0.5539,0.4184,0.6837,0.4907,0.444,0.6601
10347,0.0656,0.6919586062431335,0.5754464268684387,0.5551,0.4022,0.6882,0.4913,0.429,0.629
10348,0.0765,0.690701425075531,0.5830357074737549,0.5564,0.4045,0.6872,0.4884,0.4254,0.6292
10349,0.0645,0.6961533427238464,0.5357142686843872,0.5575,0.4041,0.6882,0.4914,0.4385,0.6264
10350,0.0743,0.6891891360282898,0.5933035612106323,0.5588,0.4092,0.6866,0.4908,0.4366,0.6407
10351,0.0783,0.6956059336662292,0.5415178537368774,0.5602,0.4097,0.6873,0.4897,0.4371,0.6355
10352,0.0663,0.6958103775978088,0.5308035612106323,0.5614,0.4158,0.6849,0.4898,0.4374,0.655
10353,0.078,0.6982771754264832,0.5200892686843872,0.5628,0.4119,0.6855,0.4891,0.4316,0.648
10354,0.0656,0.6939644813537598,0.5513392686843872,0.5639,0.4231,0.6821,0.4913,0.4485,0.6723
10355,0.075,0.6950601935386658,0.5575892925262451,0.5652,0.403,0.6879,0.49,0.4268,0.6292
10356,0.0795,0.6965913772583008,0.5325892567634583,0.5666,0.4129,0.6853,0.4896,0.434,0.6497
10357,0.0814,0.6888583898544312,0.5986607074737549,0.568,0.4071,0.6868,0.492,0.4381,0.6398
10358,0.0781,0.6940134763717651,0.5508928298950195,0.5694,0.4101,0.6864,0.4876,0.4288,0.64
10359,0.0813,0.6927054524421692,0.5647321343421936,0.5708,0.3972,0.6901,0.4898,0.4273,0.6105
10360,0.0674,0.6935765147209167,0.5616071224212646,0.572,0.4047,0.6871,0.4928,0.4345,0.6382
10361,0.0723,0.6966061592102051,0.5370535850524902,0.5733,0.408,0.6867,0.4909,0.4354,0.6402
10362,0.0788,0.694669246673584,0.5406249761581421,0.5747,0.4017,0.6879,0.4905,0.4233,0.631
10363,0.0678,0.6929962038993835,0.5691964030265808,0.5759,0.4134,0.6838,0.4918,0.4364,0.662
10364,0.0816,0.6943535208702087,0.5544642806053162,0.5773,0.4059,0.6874,0.4927,0.4434,0.6337
10365,0.0673,0.6967629790306091,0.534375011920929,0.5785,0.4252,0.682,0.4886,0.4405,0.6755
10366,0.0765,0.6903237700462341,0.5803571343421936,0.5798,0.4073,0.6874,0.4895,0.4297,0.6373
10367,0.067,0.6901715993881226,0.5785714387893677,0.581,0.4138,0.6852,0.4878,0.4303,0.6496
10368,0.0768,0.6963593363761902,0.5473214387893677,0.5823,0.4165,0.6846,0.4899,0.4366,0.6595
10369,0.0632,0.6936681270599365,0.5477678775787354,0.5834,0.411,0.6861,0.4923,0.4463,0.6414
10370,0.0735,0.6930909752845764,0.5687500238418579,0.5847,0.411,0.6861,0.4896,0.433,0.6444
10371,0.0672,0.6940858960151672,0.5647321343421936,0.5859,0.4122,0.6862,0.4883,0.4349,0.6403
10372,0.0754,0.6963980197906494,0.5464285612106323,0.5872,0.4054,0.688,0.4887,0.4288,0.6283
10373,0.0831,0.6890392303466797,0.606249988079071,0.5887,0.4041,0.6886,0.489,0.427,0.6271
10374,0.0795,0.6964808106422424,0.5441964268684387,0.59,0.4083,0.6883,0.4879,0.4338,0.626
10375,0.0705,0.6883547902107239,0.5870535969734192,0.5913,0.4052,0.6876,0.4881,0.4273,0.6269
10376,0.0802,0.6923578381538391,0.5741071701049805,0.5927,0.4088,0.6866,0.4911,0.4357,0.642
10377,0.0655,0.6907994151115417,0.5763393044471741,0.5938,0.4104,0.6847,0.4901,0.4294,0.6512
10378,0.0748,0.6934828162193298,0.5638392567634583,0.5951,0.4133,0.6863,0.4887,0.4385,0.6379
10379,0.0791,0.6963555812835693,0.5361607074737549,0.5965,0.3995,0.6882,0.49,0.4223,0.6254
10380,0.0657,0.6912389993667603,0.581250011920929,0.5977,0.4012,0.6885,0.4882,0.422,0.6219
10381,0.0833,0.6960170269012451,0.5334821343421936,0.5991,0.4045,0.6872,0.4889,0.4231,0.6347
10382,0.0682,0.6878827214241028,0.6053571701049805,0.6003,0.4148,0.6859,0.4896,0.4397,0.6465
10383,0.0751,0.6915225982666016,0.5857142806053162,0.6016,0.4061,0.6864,0.4918,0.4362,0.6374
10384,0.0668,0.6998670101165771,0.5093749761581421,0.6028,0.4163,0.6842,0.4917,0.4422,0.6594
10385,0.0827,0.6929305195808411,0.5633928775787354,0.6043,0.4068,0.6871,0.4901,0.4277,0.6392
10386,0.0811,0.6944733262062073,0.5544642806053162,0.6057,0.4119,0.6851,0.4911,0.437,0.6502
10387,0.0721,0.69341641664505,0.5580357313156128,0.607,0.4016,0.6885,0.4905,0.4286,0.6267
10388,0.079,0.6972911953926086,0.5276785492897034,0.6083,0.4074,0.688,0.4896,0.4349,0.6282
10389,0.0674,0.7005388140678406,0.5013392567634583,0.6095,0.3995,0.6893,0.4883,0.4213,0.6166
10390,0.0777,0.7036433815956116,0.4866071343421936,0.6109,0.413,0.6852,0.4909,0.4381,0.6515
10391,0.0679,0.6897000074386597,0.5888392925262451,0.6121,0.4113,0.6866,0.4881,0.4312,0.6391
10392,0.0821,0.7033064961433411,0.47008928656578064,0.6135,0.403,0.6877,0.4885,0.4209,0.6299
10393,0.0829,0.6987124681472778,0.5214285850524902,0.6149,0.4093,0.6854,0.4889,0.4256,0.6472
10394,0.0799,0.6979413628578186,0.5129464268684387,0.6163,0.4071,0.6875,0.4903,0.4346,0.6315
10395,0.07,0.6905357241630554,0.5785714387893677,0.6176,0.4067,0.6873,0.4901,0.434,0.6328
10396,0.0794,0.7019379734992981,0.4848214387893677,0.6189,0.4177,0.6838,0.4904,0.4393,0.6633
10397,0.0691,0.6950972676277161,0.5419642925262451,0.6202,0.4046,0.6887,0.4895,0.431,0.6262
10398,0.0792,0.6849962472915649,0.6357142925262451,0.6216,0.3973,0.6898,0.4875,0.4157,0.6139
10399,0.0666,0.6931300759315491,0.5625,0.6228,0.3992,0.6898,0.4863,0.4179,0.6121
10400,0.0789,0.6911566257476807,0.5660714507102966,0.6241,0.3984,0.6897,0.4884,0.4201,0.6148
10401,0.0694,0.6950236558914185,0.53125,0.6253,0.4096,0.6856,0.4904,0.4316,0.6465
10402,0.0755,0.6943381428718567,0.5455357432365417,0.6267,0.4026,0.6887,0.4891,0.4305,0.6217
10403,0.0843,0.695091962814331,0.543749988079071,0.6281,0.4039,0.6871,0.4883,0.4151,0.6375
10404,0.0666,0.6927288770675659,0.5696428418159485,0.6293,0.4074,0.6863,0.4914,0.4356,0.64
10405,0.0782,0.687092125415802,0.6098214387893677,0.6307,0.4059,0.6867,0.4911,0.4308,0.6391
10406,0.079,0.696225643157959,0.5375000238418579,0.632,0.4106,0.6863,0.4906,0.4368,0.644
10407,0.0666,0.6971666812896729,0.5160714387893677,0.6332,0.3992,0.6892,0.4887,0.417,0.6214
10408,0.0801,0.6930544376373291,0.5602678656578064,0.6346,0.4139,0.6851,0.4898,0.4368,0.6501
10409,0.0681,0.6983651518821716,0.5138393044471741,0.6358,0.4071,0.6869,0.4889,0.427,0.6367
10410,0.0802,0.6993484497070312,0.5147321224212646,0.6372,0.4038,0.6885,0.4888,0.4243,0.6279
10411,0.0695,0.6933959126472473,0.578125,0.6385,0.4042,0.6876,0.491,0.4342,0.6299
10412,0.0759,0.6969622373580933,0.5285714268684387,0.6398,0.4082,0.687,0.4889,0.4307,0.6367
10413,0.0631,0.6929749846458435,0.5705357193946838,0.6409,0.4097,0.686,0.4888,0.4264,0.6453
10414,0.0767,0.6961916089057922,0.5482142567634583,0.6422,0.4098,0.6847,0.49,0.4305,0.6477
10415,0.0634,0.6951077580451965,0.5464285612106323,0.6434,0.4105,0.6859,0.4918,0.4403,0.6464
10416,0.0736,0.6971765160560608,0.5151785612106323,0.6447,0.4109,0.6859,0.4889,0.4317,0.6434
10417,0.0774,0.6960352063179016,0.5388392806053162,0.646,0.4058,0.6886,0.4885,0.4297,0.6263
10418,0.0647,0.6961827278137207,0.5446428656578064,0.6471,0.4231,0.6827,0.4896,0.4429,0.6696
10419,0.0742,0.6952521204948425,0.5366071462631226,0.6484,0.4022,0.6878,0.4898,0.4253,0.6306
10420,0.0628,0.6941362619400024,0.543749988079071,0.6495,0.4068,0.6876,0.4898,0.4296,0.6354
10421,0.0753,0.6942211985588074,0.5544642806053162,0.6509,0.4088,0.6867,0.4876,0.4256,0.6394
10422,0.0645,0.6937189698219299,0.5482142567634583,0.652,0.422,0.683,0.4909,0.4448,0.6693
10423,0.0798,0.7009660005569458,0.5004464387893677,0.6534,0.4057,0.6863,0.49,0.4264,0.6401
10424,0.0791,0.6964572668075562,0.5348214507102966,0.6548,0.3979,0.6879,0.4887,0.4113,0.627
10425,0.0643,0.6942275166511536,0.5419642925262451,0.6559,0.4133,0.6847,0.4904,0.4348,0.6546
10426,0.0765,0.7052551507949829,0.46517857909202576,0.6573,0.4068,0.6871,0.4889,0.4264,0.6374
10427,0.0655,0.6888728737831116,0.6111606955528259,0.6584,0.4175,0.6854,0.4888,0.4408,0.6502
10428,0.075,0.6909868717193604,0.5705357193946838,0.6597,0.4116,0.6862,0.4899,0.4355,0.6452
10429,0.0644,0.6959543228149414,0.5383928418159485,0.6609,0.4051,0.6873,0.4908,0.4306,0.6361
10430,0.0758,0.6976519823074341,0.5205357074737549,0.6622,0.4071,0.6863,0.4909,0.4366,0.6359
10431,0.0665,0.6970373392105103,0.5267857313156128,0.6634,0.4003,0.6883,0.4902,0.4252,0.6235
10432,0.0727,0.6918213367462158,0.5821428298950195,0.6646,0.3968,0.6907,0.4893,0.4246,0.6102
10433,0.0659,0.6948518753051758,0.5477678775787354,0.6659,0.4004,0.689,0.4879,0.4188,0.6218
10434,0.075,0.6943078637123108,0.5598214268684387,0.6672,0.4082,0.6869,0.4892,0.4296,0.6404
10435,0.082,0.6968811750411987,0.53125,0.6686,0.4043,0.6882,0.4874,0.4222,0.6271
10436,0.0695,0.7017500400543213,0.4866071343421936,0.6698,0.4,0.6889,0.4912,0.4309,0.6207
10437,0.0782,0.6983013153076172,0.5241071581840515,0.6712,0.4066,0.6863,0.4905,0.4336,0.6367
10438,0.0789,0.6930487751960754,0.5642856955528259,0.6725,0.4132,0.685,0.4898,0.4341,0.6508
10439,0.0691,0.6951608657836914,0.5401785969734192,0.6738,0.4139,0.6847,0.492,0.4407,0.6574
10440,0.0756,0.6935747861862183,0.5629464387893677,0.6751,0.4071,0.6871,0.4905,0.4361,0.6329
10441,0.0767,0.6916732788085938,0.5808035731315613,0.6764,0.3997,0.6901,0.4879,0.4262,0.6102
10442,0.0672,0.6989511251449585,0.5138393044471741,0.6776,0.4074,0.6865,0.4901,0.4319,0.6387
10443,0.0751,0.6920555233955383,0.559374988079071,0.6789,0.4151,0.685,0.4894,0.4353,0.6535
10444,0.0698,0.6857256889343262,0.612500011920929,0.6801,0.4084,0.6863,0.4902,0.4328,0.6406
10445,0.0803,0.7013134360313416,0.48973214626312256,0.6815,0.3905,0.6916,0.4883,0.413,0.5991
10446,0.0687,0.6958180665969849,0.5464285612106323,0.6827,0.404,0.6873,0.491,0.432,0.6326
10447,0.0814,0.6967084407806396,0.5290178656578064,0.6842,0.4097,0.6858,0.4893,0.4281,0.6452
10448,0.0657,0.6941530704498291,0.5446428656578064,0.6853,0.4185,0.6829,0.4896,0.4358,0.6671
10449,0.0812,0.6948731541633606,0.5397321581840515,0.6867,0.4121,0.6854,0.4915,0.4392,0.6505
10450,0.0823,0.6938363909721375,0.5616071224212646,0.6882,0.4134,0.6847,0.4909,0.4363,0.6558
10451,0.0675,0.6957237720489502,0.5464285612106323,0.6893,0.3917,0.6894,0.4901,0.4077,0.6138
10452,0.0739,0.6991032361984253,0.5062500238418579,0.6906,0.4181,0.6848,0.4904,0.4448,0.6529
10453,0.0641,0.6936072111129761,0.5553571581840515,0.6918,0.4199,0.684,0.49,0.4444,0.6582
10454,0.0715,0.6953782439231873,0.5388392806053162,0.693,0.4143,0.6852,0.4888,0.4321,0.6535
10455,0.0639,0.6936439871788025,0.5562499761581421,0.6941,0.4091,0.6854,0.4888,0.4251,0.6467
10456,0.0791,0.6912513971328735,0.5669642686843872,0.6956,0.4096,0.6855,0.4868,0.4201,0.6463
10457,0.0707,0.6875207424163818,0.612500011920929,0.6968,0.4081,0.6866,0.4891,0.4312,0.6362
10458,0.0755,0.6926596164703369,0.5691964030265808,0.6981,0.4141,0.6847,0.4894,0.4331,0.6535
10459,0.0682,0.7010498046875,0.4839285612106323,0.6993,0.4137,0.6857,0.489,0.4359,0.6449
10460,0.0814,0.6985045671463013,0.5147321224212646,0.7007,0.4094,0.6862,0.4876,0.4244,0.6422
10461,0.0681,0.6953831911087036,0.5491071343421936,0.7019,0.4209,0.6825,0.4905,0.4423,0.6702
10462,0.0782,0.7009339928627014,0.49687498807907104,0.7033,0.4076,0.6885,0.4869,0.429,0.6261
10463,0.0675,0.6999523043632507,0.5196428298950195,0.7045,0.4064,0.6865,0.4897,0.4257,0.6397
10464,0.0808,0.6945006251335144,0.5428571701049805,0.7059,0.4029,0.6877,0.4863,0.4165,0.6264
10465,0.0692,0.6991907954216003,0.5017856955528259,0.7071,0.4076,0.6859,0.4891,0.4224,0.6446
10466,0.0819,0.6951266527175903,0.5308035612106323,0.7085,0.4168,0.684,0.4893,0.4358,0.6586
10467,0.0665,0.6887375116348267,0.6044642925262451,0.7097,0.4181,0.684,0.491,0.4415,0.6623
10468,0.0802,0.6930023431777954,0.5508928298950195,0.7111,0.4146,0.685,0.4865,0.4288,0.6496
10469,0.0821,0.6965577006340027,0.5245535969734192,0.7126,0.4075,0.6857,0.4919,0.4342,0.6453
10470,0.0684,0.7025642991065979,0.4866071343421936,0.7138,0.403,0.6881,0.4904,0.4307,0.6274
10471,0.0844,0.6978886723518372,0.5151785612106323,0.7152,0.4045,0.6874,0.4899,0.4276,0.6344
10472,0.0844,0.6939199566841125,0.5526785850524902,0.7167,0.4148,0.6852,0.491,0.4444,0.6492
10473,0.081,0.6930994391441345,0.5647321343421936,0.7181,0.4038,0.6886,0.4854,0.4176,0.6237
10474,0.0818,0.6934199929237366,0.5553571581840515,0.7195,0.4031,0.6881,0.4894,0.4257,0.628
10475,0.0672,0.6944376230239868,0.5388392806053162,0.7207,0.403,0.6874,0.4889,0.4207,0.6322
10476,0.0784,0.6969949007034302,0.5263392925262451,0.7221,0.4114,0.6866,0.4885,0.4364,0.6362
10477,0.0701,0.6862977147102356,0.625,0.7233,0.4031,0.6879,0.4875,0.4211,0.6268
10478,0.0782,0.7002394795417786,0.503125011920929,0.7247,0.4102,0.6863,0.489,0.4325,0.6407
10479,0.0648,0.6954378485679626,0.5290178656578064,0.7258,0.3994,0.6897,0.4885,0.4254,0.6137
10480,0.072,0.6970390677452087,0.5223214030265808,0.7271,0.4028,0.6881,0.489,0.4235,0.6273
10481,0.0694,0.6936541199684143,0.5598214268684387,0.7284,0.4153,0.6854,0.49,0.4415,0.648
10482,0.0818,0.6990746855735779,0.5263392925262451,0.7298,0.4096,0.6862,0.4895,0.4296,0.6436
10483,0.0652,0.6934214234352112,0.5508928298950195,0.7309,0.4098,0.6847,0.4919,0.4325,0.6556
10484,0.0745,0.6982738375663757,0.5062500238418579,0.7322,0.4136,0.6859,0.4904,0.4394,0.6479
10485,0.0619,0.6893894672393799,0.5870535969734192,0.7333,0.4115,0.6852,0.4891,0.4278,0.6504
10486,0.0733,0.6948925256729126,0.5446428656578064,0.7346,0.4182,0.6848,0.491,0.4491,0.6513
10487,0.0637,0.6934741139411926,0.5491071343421936,0.7357,0.4093,0.6872,0.4905,0.4387,0.6357
10488,0.0717,0.6937723755836487,0.5571428537368774,0.737,0.4082,0.6863,0.4905,0.4318,0.6415
10489,0.0771,0.6957178115844727,0.53125,0.7383,0.4015,0.6893,0.4881,0.4222,0.6215
10490,0.0758,0.7033700942993164,0.48526784777641296,0.7397,0.406,0.6869,0.4888,0.427,0.6338
10491,0.0777,0.6893706321716309,0.6022321581840515,0.741,0.4039,0.6879,0.4878,0.4245,0.6252
10492,0.0755,0.6960029602050781,0.5379464030265808,0.7423,0.4088,0.6863,0.4896,0.4278,0.6442
10493,0.0687,0.6953456401824951,0.5446428656578064,0.7436,0.4084,0.6848,0.4908,0.4287,0.648
10494,0.079,0.6933345198631287,0.5763393044471741,0.745,0.3982,0.688,0.4929,0.4266,0.6312
10495,0.0803,0.698249340057373,0.5098214149475098,0.7464,0.4045,0.6876,0.4899,0.4253,0.6359
10496,0.0813,0.6974128484725952,0.5111607313156128,0.7478,0.3975,0.689,0.4918,0.4249,0.6241
10497,0.0688,0.6977959275245667,0.5285714268684387,0.749,0.4099,0.6866,0.4892,0.4318,0.6412
10498,0.0741,0.696719765663147,0.5303571224212646,0.7503,0.4098,0.6855,0.4906,0.4309,0.6484
10499,0.0821,0.6856182813644409,0.6441964507102966,0.7517,0.3937,0.6902,0.4909,0.4221,0.6099
10500,0.0703,0.6981033682823181,0.4950892925262451,0.7529,0.4073,0.6868,0.4889,0.429,0.6378
10501,0.0783,0.6960439085960388,0.5236607193946838,0.7543,0.4031,0.6867,0.4897,0.4184,0.6386
10502,0.0763,0.6957148909568787,0.5531250238418579,0.7556,0.3972,0.6897,0.4896,0.4233,0.6141
10503,0.078,0.688752293586731,0.5691964030265808,0.757,0.4212,0.6832,0.491,0.4466,0.6663
10504,0.0803,0.6933827996253967,0.5575892925262451,0.7584,0.4022,0.6885,0.491,0.4306,0.6266
10505,0.081,0.6943909525871277,0.574999988079071,0.7599,0.4045,0.6869,0.4933,0.4416,0.6364
10506,0.0791,0.6970257759094238,0.5241071581840515,0.7612,0.3988,0.6876,0.4917,0.4267,0.627
10507,0.0788,0.6939429044723511,0.543749988079071,0.7626,0.4005,0.688,0.4903,0.4242,0.6261
10508,0.069,0.688301146030426,0.6000000238418579,0.7638,0.4141,0.6854,0.4893,0.4349,0.6497
10509,0.075,0.6950315833091736,0.5401785969734192,0.7651,0.4055,0.6863,0.4903,0.4257,0.6399
10510,0.0651,0.6947965621948242,0.5383928418159485,0.7663,0.4123,0.6842,0.4902,0.4314,0.656
10511,0.0731,0.6932303309440613,0.5620535612106323,0.7675,0.4143,0.6845,0.491,0.4374,0.6581
10512,0.0676,0.6952299475669861,0.5433035492897034,0.7687,0.4081,0.6858,0.4902,0.4267,0.6464
10513,0.0757,0.6968103647232056,0.5375000238418579,0.7701,0.4139,0.6856,0.4884,0.4338,0.6482
10514,0.0843,0.6972325444221497,0.5227678418159485,0.7715,0.4102,0.6859,0.4899,0.4355,0.6419
10515,0.081,0.6950346231460571,0.5383928418159485,0.7729,0.4093,0.6865,0.4896,0.4355,0.6361
10516,0.0674,0.6946923136711121,0.5455357432365417,0.7742,0.4096,0.6861,0.4894,0.4314,0.6422
10517,0.0737,0.6965331435203552,0.5428571701049805,0.7755,0.4119,0.685,0.4893,0.4288,0.6525
10518,0.0809,0.6930882334709167,0.5558035969734192,0.7769,0.4015,0.6884,0.4901,0.4246,0.6288
10519,0.0651,0.6933313608169556,0.5531250238418579,0.778,0.4153,0.6838,0.4894,0.4337,0.6585
10520,0.0794,0.6907415390014648,0.5852678418159485,0.7794,0.4087,0.686,0.4903,0.4324,0.6437
10521,0.0655,0.7027919292449951,0.5062500238418579,0.7806,0.4112,0.6863,0.4914,0.4418,0.6434
10522,0.0787,0.7010605931282043,0.5013392567634583,0.7819,0.4126,0.6866,0.4887,0.4353,0.6409
10523,0.0673,0.7033683657646179,0.4647321403026581,0.7831,0.4124,0.6851,0.4916,0.4401,0.6506
10524,0.074,0.6926730275154114,0.5745535492897034,0.7844,0.4106,0.6853,0.4891,0.4288,0.6483
10525,0.0681,0.6966040134429932,0.5406249761581421,0.7856,0.4048,0.6874,0.4919,0.4374,0.6321
10526,0.0817,0.7008517384529114,0.5165178775787354,0.787,0.4029,0.6888,0.4906,0.4321,0.624
10527,0.0663,0.6951728463172913,0.5383928418159485,0.7882,0.399,0.6885,0.4893,0.4185,0.6236
10528,0.0827,0.697063148021698,0.5205357074737549,0.7897,0.411,0.6858,0.4902,0.4356,0.6459
10529,0.0697,0.6932325959205627,0.5620535612106323,0.7909,0.4096,0.6851,0.4913,0.433,0.6498
10530,0.08,0.6958882212638855,0.5464285612106323,0.7923,0.4189,0.6832,0.492,0.4453,0.6673
10531,0.0673,0.6987525820732117,0.5263392925262451,0.7935,0.3963,0.69,0.488,0.4168,0.6121
10532,0.0767,0.6951723098754883,0.5392857193946838,0.7948,0.4142,0.6848,0.4888,0.4314,0.6541
10533,0.0651,0.6992891430854797,0.518750011920929,0.796,0.4111,0.6847,0.4903,0.4307,0.6532
10534,0.0776,0.6981156468391418,0.5098214149475098,0.7973,0.4037,0.6884,0.4901,0.4345,0.6233
10535,0.0668,0.6958417892456055,0.5303571224212646,0.7985,0.3903,0.6912,0.4894,0.4158,0.6002
10536,0.079,0.6948928236961365,0.5397321581840515,0.7999,0.3933,0.6908,0.4884,0.4103,0.6086
10537,0.0665,0.6969220638275146,0.5241071581840515,0.801,0.4083,0.6855,0.4922,0.4351,0.6482
10538,0.0777,0.6937047839164734,0.5526785850524902,0.8024,0.4029,0.6873,0.4902,0.4245,0.6336
10539,0.0816,0.6939918994903564,0.5504464507102966,0.8038,0.41,0.6855,0.4917,0.4368,0.6478
10540,0.0847,0.6936349868774414,0.5669642686843872,0.8053,0.4155,0.6838,0.4902,0.4331,0.6635
10541,0.0724,0.6930059790611267,0.5808035731315613,0.8066,0.4098,0.6857,0.4913,0.4371,0.646
10542,0.0813,0.6913550496101379,0.5709821581840515,0.808,0.4113,0.6851,0.4885,0.429,0.6477
10543,0.0692,0.6994321346282959,0.515625,0.8092,0.4059,0.6869,0.4889,0.424,0.6374
10544,0.0785,0.6942146420478821,0.5549107193946838,0.8106,0.4038,0.6879,0.4895,0.4308,0.6241
10545,0.0817,0.6986133456230164,0.515625,0.812,0.3978,0.6893,0.4894,0.4221,0.6171
10546,0.0669,0.6911922097206116,0.5870535969734192,0.8132,0.4063,0.687,0.4887,0.4271,0.6331
10547,0.0749,0.696605384349823,0.5392857193946838,0.8145,0.408,0.6859,0.4893,0.425,0.6451
10548,0.0794,0.6959772109985352,0.534375011920929,0.8159,0.4019,0.6888,0.4881,0.4245,0.6203
10549,0.0695,0.7018080949783325,0.4861607253551483,0.8171,0.4141,0.6856,0.4895,0.4401,0.645
10550,0.0813,0.6901904344558716,0.5910714268684387,0.8185,0.4123,0.686,0.4907,0.4376,0.6474
10551,0.0685,0.7010056376457214,0.503125011920929,0.8197,0.4015,0.6881,0.4909,0.4289,0.6275
10552,0.0823,0.6973024010658264,0.5196428298950195,0.8212,0.4131,0.6843,0.4926,0.4417,0.6571
10553,0.0667,0.6969257593154907,0.5415178537368774,0.8224,0.4055,0.6868,0.4898,0.4246,0.6392
10554,0.0758,0.700623095035553,0.5089285969734192,0.8237,0.4051,0.6876,0.4905,0.4328,0.6303
10555,0.0655,0.6898171305656433,0.5879464149475098,0.8249,0.4017,0.6879,0.4918,0.4307,0.6298
10556,0.0788,0.6970488429069519,0.5263392925262451,0.8262,0.4023,0.6891,0.4888,0.4258,0.622
10557,0.0775,0.6924871802330017,0.5629464387893677,0.8276,0.3991,0.6886,0.4893,0.4206,0.6216
10558,0.066,0.6962104439735413,0.534375011920929,0.8288,0.4091,0.685,0.4897,0.4284,0.6469
10559,0.0801,0.692450761795044,0.5678571462631226,0.8302,0.4114,0.6856,0.4918,0.4368,0.6535
10560,0.0665,0.6923617720603943,0.5723214149475098,0.8313,0.4167,0.6858,0.49,0.4433,0.6479
10561,0.0747,0.6962870359420776,0.5401785969734192,0.8326,0.4006,0.6869,0.4892,0.4156,0.6315
10562,0.0688,0.6957299113273621,0.550000011920929,0.8338,0.4221,0.6828,0.4907,0.4468,0.6674
10563,0.0758,0.7010408043861389,0.49687498807907104,0.8352,0.408,0.687,0.4888,0.4294,0.638
10564,0.0649,0.6920706629753113,0.5705357193946838,0.8364,0.4053,0.688,0.4881,0.4253,0.6292
10565,0.0754,0.6913260817527771,0.5808035731315613,0.8377,0.4105,0.6863,0.4889,0.4333,0.6402
